Id,scores
100,0.015698359
101,0.125410466
102,0.062712792
103,0.015698359
104,0.188108526
105,0.156759503
106,0
107,0.156759503
108,0.485922971
109,0.062712792
110,0.015698359
111,0.015698359
112,0.094061442
113,0.517272008
114,0.031363755
115,0.517272008
116,0.219457177
117,0.04703808
118,0.10973614
119,0.235131888
120,0.203782851
121,0.031363755
122,0.156759503
200,0.235131888
201,0.031363755
202,0.642667742
203,0.078387117
204,0.141085177
205,0.015698359
206,0
207,0
208,0
209,0.10973614
210,0.094061442
211,0.203782851
212,0.10973614
213,0.10973614
214,0.062712792
215,0.862110187
216,0.04703808
217,0.015698359
218,0.156759503
219,0.125410466
220,0.015698359
221,0.078387117
222,0.10973614
223,0.172433815
224,0.172433815
225,0
300,0.125410466
301,0.10973614
302,0.329178586
303,0.015698359
304,0.062712792
305,0.04703808
306,0.062712792
307,0
308,0.015698359
309,0.078387117
310,0.094061442
311,0.517272008
312,0.235131888
313,0.188108526
314,0.015698359
315,0.031363755
316,0.266480526
317,0.125410466
318,0.04703808
319,0.094061442
320,0.015698359
321,0.532946333
322,0.062712792
323,0
324,0.04703808
325,0.031363755
326,0.125410466
327,0
328,0.188108526
329,0.04703808
330,0.031363755
400,0.548621031
401,0.094061442
402,0.156759503
403,0.376201948
404,0.532946333
405,0.015698359
406,0.015698359
407,0
408,0.094061442
409,0.031363755
410,0.407550585
411,0.203782851
412,0.015698359
413,0.015698359
414,0.141085177
415,0.10973614
416,0
417,0.031363755
418,0.062712792
419,0.2508062
420,0.360527237
500,0.031363755
501,0.078387117
502,0.674016393
503,0
504,1.081552632
505,0.094061442
506,0.141085177
507,0.015698359
508,0.10973614
509,0.078387117
510,0.031363755
511,0.04703808
512,1.018854572
513,0.172433815
514,0
515,0.172433815
516,0.564295356
517,0.329178586
518,0.031363755
519,0.156759503
520,0.39187626
521,0.297829562
522,0.10973614
523,0.485922971
524,0.015698359
525,0.062712792
526,0.04703808
527,0.031363755
528,0.015698359
600,0.062712792
601,0.125410466
602,0
603,0.04703808
604,0.031363755
605,0.282155237
606,0.39187626
607,0.04703808
608,0.031363755
609,0.062712792
610,0
611,0.266480526
612,0
613,0.564295356
614,0.094061442
615,0.031363755
616,0.078387117
617,0.266480526
618,0.235131888
619,0.062712792
620,0.2508062
621,0.846435476
622,0.015698359
623,0.094061442
624,0.015698359
625,0.329178586
700,0.031363755
701,0.470248645
702,0.344852911
703,0.078387117
704,0.062712792
705,0.172433815
706,0.266480526
707,0.219457177
708,0.423225297
709,0.078387117
710,0.595644393
711,0.266480526
712,0
713,0.015698359
714,0.031363755
715,0.04703808
716,0.360527237
717,0.078387117
718,0.125410466
719,0.015698359
720,0.2508062
721,0
722,0
723,0.470248645
724,0.015698359
725,0.188108526
800,0.031363755
801,0.501597682
802,0.04703808
803,0.2508062
804,0.04703808
805,0
806,0.078387117
807,0.203782851
808,0.125410466
809,0.015698359
810,0
811,0.282155237
812,0.015698359
813,0.015698359
814,0.235131888
815,0
816,0.094061442
817,0.031363755
818,0
819,0.094061442
820,0.062712792
821,0
822,0
823,0.078387117
824,0.642667742
825,0.078387117
900,0.548621031
901,0.235131888
902,0.015698359
903,0.156759503
904,0
905,0.094061442
906,0.094061442
907,0.078387117
908,0.188108526
909,0.094061442
910,0.10973614
911,0.04703808
912,0.015698359
913,0.485922971
914,0.04703808
915,0.078387117
916,0.015698359
917,0.031363755
918,0.940482187
919,0.689691091
920,0.39187626
921,0.078387117
922,0.188108526
923,0.235131888
924,0.015698359
925,0.219457177
1000,0
1001,0
1002,0
1003,0
1004,0.015698359
1005,0.501597682
1006,0.172433815
1007,0
1008,0
1009,0.031363755
1010,0.015698359
1011,0.376201948
1012,0.078387117
1013,0.015698359
1014,0.015698359
1015,0.015698359
1016,0.141085177
1017,0.658342067
1018,0.078387117
1019,0
1020,0.015698359
1021,0.015698359
1022,0.078387117
1023,0.078387117
1024,0.031363755
1025,0.015698359
1026,0.125410466
1027,0.376201948
1028,0.015698359
1029,0.078387117
1100,0.266480526
1101,0.125410466
1102,1.081552632
1103,0.015698359
1104,0.156759503
1105,0.062712792
1106,0
1107,0.313503888
1108,0.564295356
1109,0.454574333
1110,0.10973614
1111,0.031363755
1112,0.031363755
1113,0.2508062
1114,0.04703808
1115,0.04703808
1116,0.015698359
1117,0.2508062
1118,0.062712792
1119,0.015698359
1120,0.04703808
1121,0.04703808
1122,0.015698359
1123,0.062712792
1124,0.031363755
1125,0.094061442
1126,0.595644393
1127,0.078387117
1128,0.094061442
1129,0.078387117
1200,0.423225297
1201,0
1202,0.094061442
1203,0.062712792
1204,0.344852911
1205,0.078387117
1206,0.062712792
1207,0.10973614
1208,0.125410466
1209,0
1210,0.015698359
1211,0.156759503
1212,0.799412127
1213,0.10973614
1214,0.031363755
1215,0.015698359
1216,0.062712792
1217,1.175599343
1218,0.156759503
1219,0.094061442
1220,0.015698359
1221,0.141085177
1222,0.094061442
1223,0.078387117
1224,0.125410466
1225,0.125410466
1226,0
1227,0.031363755
10100,0.031363755
10101,0.015698359
10102,0.783737802
10103,0.407550585
10104,0.125410466
10105,0.015698359
10106,0.360527237
10107,0.062712792
10108,0.04703808
10109,0.877784513
10110,0.219457177
10111,0.141085177
10112,0.015698359
10113,0.031363755
10114,0
10115,0.141085177
10116,0.04703808
10117,0.015698359
10118,0.04703808
10119,0.329178586
10120,0.203782851
10121,0.376201948
10122,0.062712792
10123,0.078387117
10200,0.188108526
10201,0.438899622
10202,0.094061442
10203,0.04703808
10204,0.04703808
10205,0
10206,0.078387117
10207,0.219457177
10208,0.2508062
10209,0.438899622
10210,0.062712792
10211,0.015698359
10212,0.266480526
10213,0.329178586
10214,0.094061442
10215,0.266480526
10216,0
10217,0
10218,0.015698359
10219,0.329178586
10220,0.062712792
10221,0.329178586
10300,0.078387117
10301,0.04703808
10302,0.094061442
10303,0
10304,0.04703808
10305,0.203782851
10306,0.188108526
10307,0.235131888
10308,0.156759503
10309,0.517272008
10310,0
10311,0.015698359
10312,0.062712792
10313,0.438899622
10314,0.172433815
10315,0.094061442
10316,0.094061442
10317,0.266480526
10318,0
10319,0.329178586
10320,0.203782851
10321,0.313503888
10322,0.125410466
10323,0.768063476
10324,0.031363755
10325,0.015698359
10326,0.078387117
10400,0.2508062
10401,0
10402,0.125410466
10403,0.078387117
10404,0.313503888
10405,0.595644393
10406,0.062712792
10407,0.031363755
10408,0.297829562
10409,0.172433815
10410,0.532946333
10411,0.094061442
10412,0.04703808
10413,0.156759503
10414,0.015698359
10415,0.282155237
10416,0.752388778
10417,0.062712792
10418,0.172433815
10419,0.407550585
10420,0.172433815
10421,0.031363755
10422,0.078387117
10423,0.062712792
10424,0.062712792
10425,0.031363755
10426,0.015698359
10500,0.141085177
10502,0.015698359
10503,0.10973614
10504,0.078387117
10505,0.015698359
10506,0.235131888
10507,0.10973614
10508,0.125410466
10509,0.141085177
10510,0.172433815
10511,0.078387117
10512,0.062712792
10513,0
10514,0.078387117
10516,0.015698359
10518,0.094061442
10519,0.015698359
10520,0.423225297
10521,0.125410466
10522,0.235131888
10523,0.141085177
10524,0.2508062
10525,0.141085177
10526,0.282155237
10528,0.188108526
10530,0.078387117
10531,0.04703808
10600,0
10601,0.10973614
10602,0.10973614
10603,0
10604,0.015698359
10605,0.125410466
10606,0.04703808
10607,0.313503888
10608,0.344852911
10609,0.078387117
10610,0.909133536
10611,0
10612,0.172433815
10613,0
10614,0.297829562
10615,0.04703808
10616,0.062712792
10617,0.094061442
10618,0.04703808
10619,0.062712792
10620,0.266480526
10621,0
10622,0.062712792
10623,0.015698359
10624,0.203782851
10625,0.015698359
10626,0.031363755
10627,0.062712792
10628,0.04703808
10700,0.04703808
10701,0.031363755
10702,0.125410466
10703,0.156759503
10704,0.125410466
10705,0.04703808
10706,0
10707,0.062712792
10708,0.094061442
10709,0.156759503
10710,0.04703808
10711,0.141085177
10712,0.04703808
10713,0.470248645
10714,0.10973614
10715,0.282155237
10716,0.219457177
10717,0.125410466
10718,0.141085177
10719,0.078387117
10720,0.10973614
10721,0.094061442
10722,0.015698359
10723,0.031363755
10724,0
10725,0.282155237
10726,0.10973614
10800,0.2508062
10801,0
10802,0.015698359
10803,0.10973614
10804,0.062712792
10805,0
10806,0.015698359
10807,0
10808,0.094061442
10809,0.04703808
10810,0.094061442
10811,0.188108526
10812,0.141085177
10813,0.031363755
10814,0
10815,0.031363755
10816,0.39187626
10817,0.078387117
10818,0.062712792
10819,0.015698359
10820,0.062712792
10821,0.078387117
10822,0.203782851
10823,0.219457177
10824,0.642667742
10900,0
10901,0.094061442
10902,0.297829562
10903,0.188108526
10904,0.031363755
10905,0.078387117
10906,0.815086838
10907,0.266480526
10908,0.10973614
10909,0.156759503
10910,0.04703808
10911,0.062712792
10912,0.125410466
10913,0.04703808
10914,0.04703808
10915,0.141085177
10916,0.094061442
10917,0.203782851
10918,0.031363755
10919,0.078387117
10920,0.094061442
10921,0.062712792
10922,0.094061442
11000,0.062712792
11001,0.10973614
11002,0.10973614
11003,0.423225297
11004,0.078387117
11005,0.203782851
11006,0.078387117
11007,0.062712792
11008,0.188108526
11009,0.344852911
11010,0.062712792
11011,0.015698359
11012,0.062712792
11013,0.015698359
11014,0.04703808
11015,0
11016,0.125410466
11017,0
11018,0.39187626
11019,0.015698359
11020,0.517272008
11021,0.407550585
11022,0.10973614
11023,0.10973614
11024,0
11025,0.015698359
11026,0.062712792
11027,0.031363755
11028,0
11029,0.219457177
11030,0.344852911
11100,0.031363755
11101,0
11102,0.04703808
11103,0.094061442
11104,0.062712792
11105,0.438899622
11106,0.266480526
11107,0.094061442
11108,0.297829562
11109,0.188108526
11110,0.125410466
11111,0.141085177
11112,0.376201948
11113,0.062712792
11114,0.10973614
11115,0.39187626
11116,0.156759503
11117,0.360527237
11118,0.219457177
11119,0.282155237
11120,0.721040127
11121,0.04703808
11122,0.062712792
11123,0.031363755
11124,0.470248645
11125,0.10973614
11126,0.031363755
11127,0.062712792
11128,0
11129,0.062712792
11200,0.10973614
11201,0.015698359
11202,0.360527237
11203,0.015698359
11204,0.094061442
11205,0.156759503
11206,0.015698359
11207,0.39187626
11208,0.031363755
11209,0.39187626
11210,0.062712792
11211,0.626993031
11212,0.04703808
11213,0.062712792
11214,0
11215,0.172433815
11216,0.344852911
11217,0.015698359
11218,0.125410466
11219,0.517272008
11220,0
11221,0.344852911
11222,0.015698359
11223,0.031363755
11224,0.407550585
11225,0.188108526
11226,0.266480526
20100,0.094061442
20101,0.188108526
20102,0.579969682
20103,0.282155237
20104,0
20105,0.188108526
20106,0
20107,0.031363755
20108,0.10973614
20109,0.454574333
20110,0.062712792
20111,0
20112,0.094061442
20113,0.094061442
20114,0.266480526
20115,0.078387117
20116,0
20117,0.078387117
20118,0.188108526
20119,0.125410466
20120,0.501597682
20121,0.062712792
20122,0.172433815
20123,0.031363755
20124,0.031363755
20125,0.141085177
20126,0.031363755
20127,0.078387117
20200,0.094061442
20201,0.031363755
20202,0.031363755
20203,0.10973614
20204,0.078387117
20205,0
20206,0.094061442
20207,0.501597682
20208,0.015698359
20209,0.031363755
20210,1.489088486
20211,0.062712792
20212,0.078387117
20213,0.156759503
20214,0
20215,0
20216,0.015698359
20217,1.097226958
20218,0.10973614
20219,0.219457177
20220,0
20221,0.83076115
20300,0
20301,0.674016393
20302,0.031363755
20303,0.094061442
20304,0.094061442
20305,0
20306,0.031363755
20307,0.078387117
20308,0.078387117
20309,0.39187626
20310,0.078387117
20311,0.235131888
20312,0.501597682
20313,0.062712792
20314,0.10973614
20315,0
20316,0.015698359
20317,0.078387117
20318,0.10973614
20319,0.172433815
20320,0.015698359
20321,0.078387117
20322,0.344852911
20323,0.344852911
20324,0.313503888
20325,0.078387117
20326,0.078387117
20327,0.141085177
20400,0.062712792
20401,0
20402,0.04703808
20403,0.235131888
20404,0.454574333
20405,0
20406,0.015698359
20407,0.172433815
20408,3.605140167
20409,0.04703808
20410,0.10973614
20411,0
20412,0.062712792
20413,0.015698359
20414,0.078387117
20415,0.031363755
20416,0.156759503
20417,0.141085177
20418,0.689691091
20419,0.094061442
20420,0.015698359
20421,0.062712792
20422,0.062712792
20423,0.094061442
20424,0.094061442
20425,0
20426,0.360527237
20500,0.10973614
20501,0.062712792
20502,0.015698359
20503,0.125410466
20504,0.548621031
20505,0
20506,0.203782851
20507,0.188108526
20508,1.065877921
20509,0.078387117
20510,0.360527237
20511,0.04703808
20512,0.10973614
20513,0.282155237
20514,0.078387117
20515,0.015698359
20516,0.015698359
20517,0.313503888
20518,0.031363755
20519,0.015698359
20520,0.094061442
20521,0.125410466
20522,0.062712792
20523,0.015698359
20524,0.015698359
20525,0.579969682
20526,0.203782851
20527,0.2508062
20528,0.015698359
20529,0.125410466
20530,0.125410466
20531,0.015698359
20532,0.172433815
20600,0.282155237
20601,0.04703808
20602,0.203782851
20603,0
20604,0.125410466
20605,0.360527237
20606,0.094061442
20607,0.438899622
20608,0.10973614
20609,0.376201948
20610,0.04703808
20611,0
20612,0.282155237
20613,0
20614,0.266480526
20615,0.015698359
20616,0.219457177
20617,0.031363755
20618,0.485922971
20619,0.031363755
20620,0.062712792
20621,0
20622,0.031363755
20623,0.031363755
20624,0.094061442
20625,0.579969682
20700,0.04703808
20701,0.04703808
20702,0.501597682
20703,0.141085177
20704,0.04703808
20705,0.078387117
20706,0.266480526
20707,0.015698359
20708,0.10973614
20709,0
20710,0.04703808
20711,0.172433815
20712,0.203782851
20713,0.438899622
20714,0.188108526
20715,0.203782851
20716,0.015698359
20717,0
20718,0.062712792
20719,0.04703808
20720,0.156759503
20721,0.031363755
20722,0.548621031
20723,0
20724,0.407550585
20725,0.094061442
20726,0.015698359
20727,0.125410466
20728,0.2508062
20800,0.548621031
20801,0.297829562
20802,0.595644393
20803,0.188108526
20804,0.705365416
20805,0.203782851
20806,0.078387117
20807,0.595644393
20808,0
20809,0.031363755
20810,0.031363755
20811,0.062712792
20812,0.04703808
20813,0.04703808
20814,0.078387117
20815,0.078387117
20816,0
20817,0.282155237
20818,0
20819,0
20820,0.172433815
20821,0.360527237
20822,0.04703808
20823,0.219457177
20900,0.04703808
20901,0
20902,0.532946333
20903,0.062712792
20904,0.04703808
20905,0.078387117
20906,0.031363755
20907,0.2508062
20908,0.344852911
20909,0.470248645
20910,0.062712792
20911,0.015698359
20912,0.2508062
20913,0.39187626
20914,0.062712792
20915,0.141085177
20916,1.410716101
20917,0.094061442
20918,0.188108526
20919,0.062712792
20920,0.10973614
20921,0.062712792
20922,0.015698359
20923,0.313503888
20924,0
20925,0
20926,0.031363755
21000,0.031363755
21001,0.015698359
21002,0.094061442
21003,0.219457177
21004,0
21005,0.031363755
21006,0.078387117
21007,0.10973614
21008,0.125410466
21009,0
21010,0
21011,0.015698359
21012,0.031363755
21013,0.078387117
21014,0
21015,0.04703808
21016,0.031363755
21017,0.031363755
21018,0.031363755
21019,0.094061442
21020,0.141085177
21021,0.141085177
21022,0.10973614
21023,0.564295356
21024,0.04703808
21025,0.015698359
21026,0.141085177
21027,0.188108526
21028,0.078387117
21029,0.172433815
21030,0.125410466
21031,0.266480526
21100,0.689691091
21101,0
21102,0.094061442
21103,0.015698359
21104,0.015698359
21105,0.141085177
21106,0.360527237
21107,0.015698359
21108,0.078387117
21109,0.579969682
21110,0.04703808
21111,0.031363755
21112,0.485922971
21113,0.031363755
21114,0.172433815
21115,0.125410466
21116,0.2508062
21117,0.015698359
21118,0.313503888
21119,0.156759503
21120,0.015698359
21121,0.156759503
21122,0.141085177
21123,0.015698359
21124,0.219457177
21125,0.203782851
21126,0.39187626
21127,0.031363755
21128,0.313503888
21129,0.376201948
21200,0.407550585
21201,0.031363755
21202,0.062712792
21203,0.04703808
21204,0.04703808
21205,0.141085177
21206,0.203782851
21207,0.783737802
21208,0.062712792
21209,0.031363755
21210,0.235131888
21211,0.235131888
21212,0
21213,0.078387117
21214,0.015698359
21215,0.062712792
21216,0.04703808
21217,0.094061442
21218,0.031363755
21219,0.282155237
21220,0.062712792
21221,0.235131888
21222,0
21223,0.062712792
21224,0
21225,0.078387117
21226,0.313503888
21227,0.39187626
21228,0.015698359
21229,0.015698359
21230,0.141085177
21231,0.031363755
21232,0.10973614
21233,0.031363755
21234,0.172433815
30100,0.10973614
30101,0.031363755
30102,0.015698359
30103,0.062712792
30104,0.329178586
30105,0.015698359
30106,0
30107,0.141085177
30108,0.141085177
30109,0.266480526
30110,0.015698359
30111,0
30112,0.125410466
30113,1.269646041
30114,0.04703808
30115,0.015698359
30116,0.031363755
30117,0.078387117
30118,0.125410466
30119,0
30120,0.10973614
30121,0.736714453
30122,0.062712792
30123,0.10973614
30124,0.156759503
30125,0.062712792
30200,0.783737802
30201,0.156759503
30202,0.736714453
30203,0.062712792
30204,0
30205,0.376201948
30206,0.141085177
30207,0.062712792
30208,0
30209,0.156759503
30210,0.04703808
30211,0.156759503
30212,0.219457177
30213,0.094061442
30214,0.564295356
30215,0.156759503
30216,0.188108526
30217,0
30218,0.172433815
30219,0.078387117
30220,0
30221,0.078387117
30222,0.266480526
30300,0.156759503
30301,0.203782851
30303,0.266480526
30304,0.172433815
30305,0.407550585
30306,0.015698359
30308,0.626993031
30309,0.062712792
30310,0.015698359
30311,0
30312,0.297829562
30313,0.04703808
30314,0.2508062
30315,0.407550585
30316,0.156759503
30317,0.595644393
30318,0.015698359
30319,0.626993031
30320,0.282155237
30321,0.062712792
30322,0.2508062
30323,0.203782851
30324,0.219457177
30325,0.344852911
30326,0.10973614
30327,0.04703808
30400,0.078387117
30401,1.269646041
30402,0
30403,0.04703808
30404,0.501597682
30405,0.2508062
30406,0.031363755
30407,0
30408,0.031363755
30409,0.062712792
30410,0.031363755
30411,0.015698359
30412,0.078387117
30413,0.094061442
30414,0
30416,0.094061442
30417,0.015698359
30418,0.031363755
30419,0.094061442
30420,0.297829562
30421,0.188108526
30422,0.031363755
30423,0.062712792
30424,0
30426,0.203782851
30427,0.736714453
920100,0
920101,0.10973614
920102,0.235131888
920103,0.078387117
920104,0
920105,0.266480526
920106,0
920107,0.031363755
920108,0.203782851
920200,0.015698359
920201,0
920202,0.031363755
920203,0.031363755
920204,0.094061442
920205,0.188108526
920206,0.04703808
920207,0
920208,0
920209,0.438899622
920300,0.10973614
920301,0.062712792
920302,0.015698359
920303,0.235131888
920304,0.031363755
920305,0.125410466
920306,0.078387117
920307,0.188108526
920308,0.156759503
920400,0.015698359
920401,0.156759503
920402,0.062712792
920403,0.015698359
920404,0
920405,0.015698359
920406,0.031363755
920407,0
920408,0.156759503
920409,2.241462533
920410,0.031363755
920500,0.219457177
920501,0.015698359
920502,0
920503,0.078387117
920504,0
920505,0.04703808
920506,0.423225297
920507,0.015698359
920508,0.595644393
920509,0.031363755
920510,0.031363755
920511,0
920600,0
920601,0.015698359
920602,0.125410466
920603,0.078387117
920604,0.407550585
920605,0
920606,0.015698359
920607,0
920608,0.015698359
920609,0.062712792
920610,0.078387117
920611,0.094061442
920700,0.078387117
920701,0.078387117
920702,0
920703,0.031363755
920704,0.015698359
920705,0
920706,0.031363755
920707,0
920708,0.078387117
920709,0
920710,0.015698359
920711,0.031363755
920800,0.031363755
920801,0
920802,0.188108526
920803,0.015698359
920804,0
920805,0.188108526
920806,0.015698359
920807,0.062712792
920808,0
920900,0.031363755
920901,0
920902,0.015698359
920903,0
920904,0.39187626
920905,0
920906,0
920907,0
920908,0.062712792
920909,0.094061442
920910,0.015698359
920911,0.141085177
920912,0.10973614
920913,0.04703808
921000,0.062712792
921001,0
921002,0.04703808
921003,0.062712792
921004,0.031363755
921005,0
921006,0.219457177
921007,0.04703808
921008,0
921009,0.10973614
921010,0.125410466
921011,0.297829562
921012,0.031363755
921013,0
921014,0.015698359
921015,0.015698359
921016,0
921100,0.015698359
921101,0
921102,0.015698359
921103,0
921104,0.141085177
921105,0.235131888
921106,0
921107,0
921108,0.015698359
921109,0
921110,0.125410466
921111,0.10973614
921112,0
921113,0.015698359
921114,0.031363755
921200,0.344852911
921201,0.078387117
921202,0.078387117
921203,0
921204,0.344852911
921205,0.078387117
921206,0.141085177
921207,0.031363755
921208,0.015698359
921209,0.015698359
921210,0.078387117
921211,0.10973614
921212,0
921213,0
921214,0.783737802
921215,0
930100,0
930101,0.078387117
930102,0.078387117
930103,0.015698359
930104,0.031363755
930105,0.04703808
930106,0.031363755
930107,0.015698359
930108,0
930109,0.141085177
930110,0
930111,0.10973614
930112,0.062712792
930113,0.015698359
930200,0.156759503
930201,0.015698359
930202,0.078387117
930203,0.015698359
930204,0.10973614
930205,0.031363755
930206,0
930207,0
930208,0.015698359
930209,0.10973614
930210,0.344852911
930211,0.078387117
930212,0.078387117
930213,0
930214,0.156759503
930300,0.031363755
930301,0
930302,0.04703808
930303,0
930304,0.015698359
930305,0.125410466
930306,0.015698359
930307,0.031363755
930308,0
930309,0.094061442
930310,0.031363755
930311,0.015698359
930312,0.015698359
930313,0.172433815
930314,0.062712792
930315,0.125410466
930316,0
930317,0
930400,0.031363755
930401,0.015698359
930402,0.015698359
930403,0.031363755
930404,0
930405,0
930406,0.2508062
930407,0
930408,0.04703808
930409,0
930410,0.015698359
930411,0.015698359
930412,0.031363755
930413,0
930414,0.172433815
930415,0.219457177
930416,0.015698359
930500,0.015698359
930501,0.015698359
930502,0.078387117
930503,0.031363755
930504,0.015698359
930505,0.015698359
930506,0.219457177
930507,0.125410466
930508,0.04703808
930509,0
930510,0.156759503
930511,0.015698359
930512,0.078387117
930513,0.282155237
930514,0
930515,0
930516,0
930517,0.04703808
930518,0.971831223
930600,0.125410466
930601,0.015698359
930602,0.062712792
930603,0.141085177
930604,0.062712792
930605,0.125410466
930606,0.799412127
930607,0.04703808
930608,0.10973614
930609,0.015698359
930610,0
930611,0.078387117
930612,0
930613,0
930614,0
930615,0.015698359
930616,0.031363755
930700,0
930701,0
930702,0
930703,0.078387117
930704,1.081552632
930705,0.078387117
930706,0
930707,0.015698359
930708,0.015698359
930709,0.031363755
930710,0.031363755
930711,0
930712,0.015698359
930713,0
930714,0.015698359
930715,0.031363755
930716,0.094061442
930717,0
930718,0.156759503
930719,0.031363755
930800,0.031363755
930801,0.094061442
930802,0
930803,0.015698359
930804,0.062712792
930805,0
930806,0.125410466
930807,0
930808,0
930809,0.031363755
930810,0.015698359
930811,0.062712792
930812,0.266480526
930813,0.454574333
930814,0.015698359
930815,0.04703808
930900,0.078387117
930901,0.062712792
930902,0
930903,0.438899622
930904,0.031363755
930905,0.062712792
930906,0.031363755
930907,0
930908,0.015698359
930909,0
930910,0
930911,0.141085177
930912,0.062712792
930913,0.031363755
930914,0.141085177
930915,0.031363755
930916,0
931000,0.172433815
931001,0.031363755
931002,0.04703808
931003,0
931004,0.04703808
931005,0
931006,0.031363755
931007,0
931008,0
931009,0
931010,0.015698359
931011,0
931012,0.015698359
931013,0.04703808
931014,0.015698359
931015,0.2508062
931016,0.015698359
931017,0.078387117
931018,0.015698359
931019,0.094061442
931020,0.313503888
931100,0.517272008
931101,0
931102,0.062712792
931103,0
931104,0.078387117
931105,0
931106,0.015698359
931107,0.078387117
931108,0.078387117
931109,0
931110,0.062712792
931111,0
931112,0.04703808
931113,0.156759503
931114,0.031363755
931115,0.015698359
931116,0.031363755
931117,0.015698359
931118,0.141085177
931200,0.015698359
931201,0.015698359
931202,0
931203,0.04703808
931204,0.04703808
931205,0.2508062
931206,0
931207,0
931208,0
931209,0
931210,0.10973614
931211,0.235131888
931212,0
931213,0.031363755
931214,0.015698359
931215,0.04703808
931216,0.10973614
931217,0.04703808
931218,0.172433815
931219,0.015698359
931220,0.015698359
931221,0.04703808
940100,0.10973614
940101,0.015698359
940102,0.062712792
940103,0.062712792
940104,0
940105,0.360527237
940106,0.2508062
940107,0
940108,0.015698359
940109,0.141085177
940110,0
940111,0.062712792
940112,0.015698359
940113,2.554951689
940114,0.031363755
940115,0.156759503
940116,0.04703808
940200,0.203782851
940201,0
940202,0.10973614
940203,0.10973614
940204,0.015698359
940205,0
940206,0
940207,0.015698359
940208,0.062712792
940209,0
940210,0.04703808
940211,0.141085177
940212,0.015698359
940213,0
940214,0
940215,0.219457177
940300,0.04703808
940301,0.10973614
940302,0.031363755
940303,0.062712792
940304,0.04703808
940305,0.125410466
940306,0.156759503
940307,0.031363755
940308,0.094061442
940309,0.062712792
940310,0.04703808
940311,0.156759503
940312,0.062712792
940313,0
940314,0
940315,0.015698359
940316,0
940317,0.407550585
940318,0.015698359
940319,0.815086838
940400,0.078387117
940401,0
940402,0
940403,0.04703808
940404,0
940405,0.062712792
940406,0.015698359
940407,0
940408,0
940409,0.031363755
940410,0.094061442
940411,0.031363755
940412,0.062712792
940413,0.078387117
940414,0.031363755
940415,0.015698359
940416,0.031363755
940417,0.031363755
940418,0.078387117
940419,0
940500,0.015698359
940501,0.031363755
940502,0.626993031
940503,0.04703808
940504,0.10973614
940505,0.04703808
940506,0.094061442
940507,0.015698359
940508,0.094061442
940509,0.062712792
940510,0.674016393
940511,0.10973614
940512,0.015698359
940513,0
940514,0.015698359
940515,0.062712792
940516,0.015698359
940517,0
940518,0
940519,0
940520,0.031363755
940600,0.141085177
940601,0.062712792
940602,0.062712792
940603,0
940604,0.04703808
940605,0.423225297
940606,0.172433815
940607,0.031363755
940608,0.10973614
940609,0.015698359
940610,0.015698359
940611,0.094061442
940612,0.04703808
940613,0.015698359
940614,0
940615,0.062712792
940616,0.015698359
940617,0.015698359
940618,0.078387117
940619,0.10973614
940620,0.094061442
940621,0.282155237
940700,0
940701,0.015698359
940702,0.015698359
940703,0.125410466
940704,0.094061442
940705,0.031363755
940706,0.062712792
940707,0.031363755
940708,0.141085177
940709,0.344852911
940710,0.094061442
940711,0.015698359
940712,0.031363755
940713,0
940714,0.2508062
940715,0.015698359
940716,0.062712792
940717,0.04703808
940718,0.015698359
940719,0.04703808
940800,0
940801,0
940802,0.219457177
940803,0.172433815
940804,0.04703808
940805,0
940806,0.078387117
940807,0.04703808
940808,0.125410466
940809,5.658494174
940810,0.04703808
940811,0.10973614
940812,0
940813,0
940814,0.04703808
940815,0.156759503
940816,0.062712792
940817,0.094061442
940900,0.203782851
940901,0.235131888
940902,0.015698359
940903,0.125410466
940904,0.015698359
940905,0.031363755
940906,0.141085177
940907,0.156759503
940908,2.178764473
940909,0.078387117
940910,0
940911,0.156759503
940912,0.031363755
940913,0.156759503
940914,0.015698359
940915,0.078387117
940916,0.04703808
940917,0.094061442
940918,0.04703808
940919,0.031363755
940920,0.078387117
941000,0.203782851
941001,0.015698359
941002,0.062712792
941003,0
941004,0
941005,0
941006,0.015698359
941007,0.015698359
941008,0
941009,0.031363755
941010,0.031363755
941011,0.078387117
941012,0
941013,0.454574333
941014,0.031363755
941015,0
941016,4.482909948
941017,0
941018,0.015698359
941019,0
941020,0.062712792
941021,0.10973614
941022,0.015698359
941023,0
941024,0.015698359
941100,0.04703808
941101,0.031363755
941102,0.015698359
941103,0.10973614
941104,0.078387117
941105,0.015698359
941106,0
941107,0.031363755
941108,0
941109,0.579969682
941110,0.031363755
941111,0.031363755
941112,0.031363755
941113,0
941114,2.664672712
941115,0
941116,0.062712792
941117,0.031363755
941118,0.015698359
941119,0.015698359
941120,0.094061442
941121,0.062712792
941122,0.062712792
941123,0.094061442
941124,0.094061442
941200,0
941201,0
941202,0.015698359
941203,0.015698359
941204,0
941205,0.094061442
941206,0.031363755
941207,0.031363755
941208,0
941209,0
941210,0
941211,0.078387117
941212,0.015698359
941213,0.031363755
941214,0.031363755
941215,0
941216,0.031363755
941217,0.094061442
941218,0.031363755
941219,0.094061442
941220,0.282155237
941221,0.015698359
941222,0.344852911
941223,0.031363755
941224,0.203782851
950100,0.015698359
950101,0
950102,0.125410466
950103,0.031363755
950104,0.125410466
950105,0.094061442
950106,0.10973614
950107,0
950108,0
950109,0.297829562
950110,0
950111,0
950112,0
950113,0
950114,0.031363755
950200,0.156759503
950201,0.015698359
950202,0.203782851
950203,0.015698359
950204,0
950205,0.015698359
950206,0.125410466
950207,0
950208,0.031363755
950209,0.04703808
950210,0.04703808
950211,0.156759503
950212,0.062712792
950213,0.031363755
950214,0.04703808
950215,0.04703808
950216,0.031363755
950300,0.04703808
950301,0.062712792
950302,0.10973614
950303,0.062712792
950304,0.2508062
950305,0.015698359
950306,0.062712792
950307,0.10973614
950308,0.062712792
950309,0.407550585
950310,0.094061442
950311,0.031363755
950312,0.031363755
950313,0
950314,0.125410466
950315,0.078387117
950316,0
950317,0.846435476
950318,0
950319,0.031363755
950320,0.266480526
950321,0
950322,0.125410466
950323,0.015698359
950400,0.015698359
950401,0.2508062
950402,0.031363755
950403,0
950404,0.031363755
950405,0
950406,0.141085177
950407,0.015698359
950408,0.125410466
950409,0.141085177
950410,0.094061442
950411,0.015698359
950412,0.282155237
950413,0.062712792
950414,0.376201948
950415,0.062712792
950416,0.015698359
950500,0.313503888
950501,0
950502,0.04703808
950503,0.094061442
950504,0.188108526
950505,0.015698359
950506,0
950507,0.015698359
950508,0.282155237
950509,0.015698359
950510,0.015698359
950511,0.015698359
950512,0.015698359
950513,0.015698359
950514,0.141085177
950515,0.015698359
950516,0.031363755
950517,0.015698359
950518,0.015698359
950519,0.078387117
950600,0.062712792
950601,0.329178586
950602,0
950603,0.015698359
950604,0
950605,0.125410466
950606,0
950607,0.04703808
950608,0.297829562
950609,0.094061442
950610,0.705365416
950611,0.078387117
950612,0
950613,0.376201948
950614,0.438899622
950615,0.674016393
950616,0.297829562
950617,0.04703808
950618,0.062712792
950619,0.031363755
950620,0
950621,0.031363755
950700,0.282155237
950701,0
950702,0.031363755
950703,0
950704,0.015698359
950705,0
950706,0
950707,0
950708,0
950709,0.015698359
950710,0.10973614
950711,0.031363755
950712,0
950713,0.031363755
950714,0.031363755
950715,0.04703808
950716,0.2508062
950717,0
950800,0.04703808
950801,0
950802,0.031363755
950803,0.094061442
950804,0.015698359
950805,0.344852911
950806,0
950807,0.2508062
950808,0.235131888
950809,0.156759503
950810,0.078387117
950811,0
950812,0.031363755
950813,0.078387117
950814,0.031363755
950815,0.078387117
950816,0
950817,0.031363755
950900,0.313503888
950901,0.094061442
950902,0
950903,0.062712792
950904,0.04703808
950905,0.04703808
950906,0.031363755
950907,0.031363755
950908,0.031363755
950909,0.031363755
950910,0.015698359
950911,0.235131888
950912,0.015698359
950913,0.078387117
950914,0.031363755
950915,0.203782851
950916,0
950917,0.579969682
951000,0.470248645
951001,0
951002,0.094061442
951003,0.04703808
951004,0.04703808
951005,0.015698359
951006,0.031363755
951007,0.203782851
951008,0
951009,0
951010,0.141085177
951011,0
951012,0.768063476
951013,0.031363755
951014,0.282155237
951015,0.015698359
951016,2.335509244
951017,0.078387117
951018,0.094061442
951019,0.156759503
951020,4.451560925
951021,0.015698359
951022,0.470248645
951023,0.04703808
951024,0.04703808
951100,0
951101,0.062712792
951102,0.062712792
951103,0.015698359
951104,0.031363755
951105,0.04703808
951106,0.015698359
951107,0.078387117
951108,0.015698359
951109,0.10973614
951110,0
951111,0.031363755
951112,0.078387117
951113,0.031363755
951114,0.031363755
951115,0.235131888
951116,0.015698359
951117,0
951118,0
951119,0.015698359
951120,0.10973614
951121,0.031363755
951122,0.031363755
951123,0.156759503
951200,0
951201,0.015698359
951202,0.015698359
951203,0.203782851
951204,0
951205,2.022020088
951206,0
951207,0.094061442
951208,0.407550585
951209,0.015698359
951210,0.062712792
951211,0.031363755
951212,0.329178586
951213,0.156759503
951214,0.235131888
951215,0
951216,0.031363755
951217,0.094061442
951218,0.125410466
951219,0
951220,0.015698359
951221,1.128575981
951222,0.156759503
960100,0.125410466
960101,0.015698359
960102,3.761884938
960103,0.04703808
960104,0.156759503
960105,0.156759503
960106,0.125410466
960107,0.031363755
960108,0.031363755
960109,0.10973614
960110,0.04703808
960111,0.031363755
960112,0.031363755
960113,0.015698359
960114,0
960115,0.015698359
960116,0.329178586
960117,0.078387117
960200,0.031363755
960201,0.10973614
960202,0.266480526
960203,0.015698359
960204,0.689691091
960205,0.04703808
960206,0.125410466
960207,0.04703808
960208,0.141085177
960209,0.10973614
960210,0.031363755
960211,0.156759503
960212,0.125410466
960213,0
960214,0.031363755
960215,0.031363755
960216,0.094061442
960217,0.360527237
960218,0.188108526
960300,0.517272008
960301,0.015698359
960302,0.04703808
960303,0
960304,0.062712792
960305,0.344852911
960306,0.188108526
960307,0.517272008
960308,0.344852911
960309,0.125410466
960310,0.893458838
960311,0
960312,0.04703808
960313,0.015698359
960314,0.078387117
960315,0.04703808
960316,0.10973614
960317,0.04703808
960318,0
960319,0.10973614
960320,0.188108526
960400,0
960401,0.062712792
960402,0
960403,0.015698359
960404,0.015698359
960405,0.219457177
960406,0.015698359
960407,0.015698359
960408,0.83076115
960409,0.04703808
960410,0.078387117
960411,0.83076115
960412,0.846435476
960413,0.376201948
960414,0.015698359
960415,0.094061442
960416,0.078387117
960417,0.987505921
960418,0.501597682
960419,0.376201948
960420,0.015698359
960500,0.329178586
960501,0.078387117
960502,0.078387117
960503,0.125410466
960504,0.595644393
960505,0.219457177
960506,0.156759503
960507,0.04703808
960508,0.015698359
960509,0.094061442
960510,0.04703808
960511,0.015698359
960512,0.015698359
960513,0.04703808
960514,0.219457177
960515,0.219457177
960516,0.062712792
960517,0
960518,0.031363755
960519,1.050203596
960520,0.031363755
960521,0.125410466
960522,0.485922971
960523,0.595644393
960600,0.172433815
960601,0.031363755
960602,0
960603,0.094061442
960604,0.297829562
960605,0.04703808
960606,0.10973614
960607,0.04703808
960608,0.031363755
960609,0.04703808
960610,0.062712792
960611,0.156759503
960612,0.094061442
960613,1.097226958
960614,0.094061442
960615,0.031363755
960616,0.862110187
960617,0.015698359
960618,0.141085177
960619,0.344852911
960700,0.015698359
960701,0.564295356
960702,0.094061442
960703,0
960704,0.532946333
960705,0.015698359
960706,0.04703808
960707,0.04703808
960708,0.2508062
960709,0.297829562
960710,0.454574333
960711,0.031363755
960712,0.156759503
960713,0.485922971
960714,0.595644393
960715,0.235131888
960716,0.015698359
960717,0.031363755
960718,0.015698359
960719,0
960720,0.078387117
960721,0.329178586
960722,0.407550585
960723,0.297829562
960724,0.125410466
960800,0.015698359
960801,0.721040127
960802,0
960803,0.329178586
960804,0.125410466
960805,0.2508062
960806,0.015698359
960807,0.219457177
960808,0.031363755
960809,0.203782851
960810,0.517272008
960811,0.015698359
960812,0.282155237
960813,0.015698359
960814,0
960815,0.015698359
960816,0.188108526
960817,0.04703808
960818,0.078387117
960819,0.10973614
960900,0.015698359
960901,0.04703808
960902,0.015698359
960903,0
960904,0.10973614
960905,0.297829562
960906,0.094061442
960907,0.094061442
960908,0.10973614
960909,0.031363755
960910,0.04703808
960911,0.10973614
960912,0
960913,0.078387117
960914,0
960915,0.2508062
960916,0.031363755
960917,0
960918,0
960919,0
960920,0.548621031
960921,0.893458838
960922,0.04703808
960923,1.050203596
960924,0.031363755
961000,0.031363755
961001,0.062712792
961002,0.125410466
961003,0.031363755
961004,0.344852911
961005,0.188108526
961006,0.031363755
961007,0.015698359
961008,0.188108526
961009,0.015698359
961010,0
961011,0.297829562
961012,0
961013,0.156759503
961014,0.062712792
961015,0.04703808
961016,0
961017,0.062712792
961018,0.04703808
961019,0.031363755
961020,0.015698359
961021,0
961022,0.10973614
961023,0.517272008
961024,1.097226958
961025,0.172433815
961100,0.031363755
961101,0.078387117
961102,0.094061442
961103,0.39187626
961104,0.094061442
961105,0.062712792
961106,0
961107,0.10973614
961108,0.015698359
961109,0.125410466
961110,0.015698359
961111,0.203782851
961112,0
961113,0.094061442
961114,0.282155237
961115,1.112901283
961116,0.156759503
961117,0.031363755
961118,0.188108526
961119,0.141085177
961120,0.438899622
961121,0.235131888
961122,0.015698359
961123,0.266480526
961200,0.062712792
961201,0.141085177
961202,0.125410466
961203,0.235131888
961204,0.219457177
961205,0.125410466
961206,0.04703808
961207,0.094061442
961208,0.532946333
961209,0.031363755
961210,0.031363755
961211,0.078387117
961212,0
961213,0.04703808
961214,0
961215,0.015698359
961216,0.078387117
961217,0.094061442
961218,0.015698359
961219,0.031363755
961220,0.031363755
961221,0.078387117
961222,0.313503888
961223,0.04703808
961224,0.172433815
961225,0.015698359
970100,0.156759503
970101,0.768063476
970102,0.04703808
970103,0
970104,0
970105,0.031363755
970106,0.454574333
970107,0.015698359
970108,0.877784513
970109,0.235131888
970110,0.235131888
970111,0.10973614
970112,0.10973614
970113,0.454574333
970114,1.097226958
970115,0.156759503
970116,0.39187626
970117,0.078387117
970118,0.188108526
970119,0
970200,0.062712792
970201,0.031363755
970202,0
970203,0.10973614
970204,0.156759503
970205,0.094061442
970206,0.10973614
970207,0.266480526
970208,0.266480526
970209,0.564295356
970210,0.2508062
970211,0.015698359
970212,0.015698359
970213,0.031363755
970214,0
970215,0.062712792
970216,0.04703808
970217,0.376201948
970218,0.454574333
970219,0.094061442
970220,0.297829562
970300,0.188108526
970301,0.10973614
970302,0.062712792
970303,0.219457177
970304,0.39187626
970305,0.674016393
970306,0.015698359
970307,0.015698359
970308,0.031363755
970309,0.172433815
970310,0.031363755
970311,0.062712792
970312,0.031363755
970313,0.10973614
970314,0.094061442
970315,0.031363755
970316,0.015698359
970317,0.532946333
970318,0.203782851
970319,0.141085177
970320,0.031363755
970321,0.04703808
970322,0.266480526
970400,0
970401,0
970402,0.721040127
970403,0.015698359
970404,0.172433815
970405,0.438899622
970406,0.062712792
970407,0.04703808
970408,1.065877921
970409,0
970410,0.376201948
970411,0.125410466
970412,0.10973614
970413,0.015698359
970414,0.031363755
970415,0.031363755
970416,0.172433815
970417,0
970418,0.470248645
970419,0.156759503
970420,0.094061442
970421,0.172433815
970500,0.031363755
970501,0.031363755
970502,0.235131888
970503,0.297829562
970504,0.031363755
970505,0.031363755
970506,0.094061442
970507,0.454574333
970508,0.282155237
970509,0
970510,0.015698359
970511,0.04703808
970512,0.219457177
970513,0.360527237
970514,0.031363755
970515,0.094061442
970516,0.297829562
970517,0.078387117
970518,0.156759503
970519,1.081552632
970520,0.10973614
970521,0.125410466
970522,0.04703808
970523,0.329178586
970524,0.031363755
970600,0.297829562
970601,0.04703808
970602,0
970603,0.2508062
970604,0.062712792
970605,0.156759503
970606,0.031363755
970607,0.219457177
970608,0.642667742
970609,0.329178586
970610,1.144250307
970611,0.172433815
970612,0.078387117
970613,0.078387117
970614,0.015698359
970615,0.094061442
970616,0.094061442
970617,0.062712792
970618,0.031363755
970619,0.04703808
970620,0
970621,0.031363755
970622,0.125410466
970700,0.203782851
970701,0.768063476
970702,0.015698359
970703,0
970704,0.485922971
970705,0
970706,0.015698359
970707,0.940482187
970708,0.031363755
970709,0.815086838
970710,0.10973614
970711,0.454574333
970712,0.062712792
970713,0.188108526
970714,0.125410466
970715,0.078387117
970716,0.031363755
970717,0.438899622
970718,0.532946333
970719,0.172433815
970720,0.376201948
970721,0
970722,0
970723,0.062712792
970724,0.10973614
970725,0.689691091
970726,0.611318705
970800,0.015698359
970801,0
970802,0.04703808
970803,0.2508062
970804,0.156759503
970805,0
970806,0.2508062
970807,0.172433815
970808,0.39187626
970809,0.564295356
970810,0.078387117
970811,0.266480526
970812,0.10973614
970813,0.172433815
970814,0.094061442
970815,0.156759503
970816,0.078387117
970817,0.235131888
970900,0
970901,0.141085177
970902,0.156759503
970903,0.078387117
970904,0.39187626
970905,0
970906,0.39187626
970907,0.188108526
970908,0.031363755
970909,0.39187626
970910,0.344852911
970911,0.188108526
970912,0.156759503
970913,0.846435476
970914,0.031363755
970915,0.10973614
970916,0.015698359
970917,0
970918,0.094061442
970919,0.188108526
970920,0.062712792
970921,0.313503888
970922,0.094061442
971000,1.583135197
971001,0.094061442
971002,0.04703808
971003,0
971004,0.094061442
971005,0.078387117
971006,0.031363755
971007,0.04703808
971008,0.015698359
971009,0.04703808
971010,0.031363755
971011,0.39187626
971012,0.438899622
971013,0.04703808
971014,0.062712792
971015,0.04703808
971016,0
971017,0.172433815
971018,0.125410466
971019,0.094061442
971020,0.094061442
971021,0.156759503
971022,0
971023,0.564295356
971024,0.125410466
971025,0.078387117
971100,0.125410466
971101,0.031363755
971102,0.094061442
971103,0.313503888
971104,0.031363755
971105,0.188108526
971106,0.188108526
971107,0
971108,0.297829562
971109,0.203782851
971110,0.235131888
971111,0
971112,0.094061442
971113,0.031363755
971114,0
971115,0.04703808
971116,0.062712792
971117,0.721040127
971118,0.015698359
971119,0.125410466
971120,0.579969682
971200,0.172433815
971201,0.04703808
971202,0.156759503
971203,0.172433815
971204,0.141085177
971205,0.470248645
971206,0.015698359
971207,0.10973614
971208,0.015698359
971209,0.015698359
971210,0.266480526
971211,0.04703808
971212,0.04703808
971213,0.172433815
971214,0.235131888
971215,0.470248645
971216,0.062712792
971217,0.156759503
971218,0.141085177
971219,0.344852911
971220,0.031363755
971221,0
971222,0.015698359
971223,0.438899622
971224,0.094061442
971225,0.219457177
980100,0.031363755
980101,0.376201948
980102,0.078387117
980103,0.04703808
980104,0.266480526
980105,0.015698359
980106,0
980107,0.078387117
980108,0.015698359
980109,0.015698359
980110,0.031363755
980111,0.10973614
980112,0.10973614
980113,0.219457177
980114,0.156759503
980115,0.031363755
980116,0.188108526
980117,0
980118,0.266480526
980119,0.031363755
980120,1.097226958
980200,0.344852911
980201,0.04703808
980202,0.203782851
980203,0.470248645
980204,0.313503888
980205,0
980206,0.454574333
980207,0.015698359
980208,0.015698359
980209,0.344852911
980210,9.42036438
980211,0.031363755
980212,0.015698359
980213,0.094061442
980214,0.031363755
980215,0
980216,0.156759503
980217,0.156759503
980218,0.203782851
980219,0.329178586
980220,0.031363755
980300,0
980301,0.188108526
980302,0.094061442
980303,0.39187626
980304,0.454574333
980305,0.015698359
980306,0.219457177
980307,0.10973614
980308,0
980309,0.015698359
980310,1.050203596
980311,0.2508062
980312,0.04703808
980313,0.266480526
980314,0.04703808
980315,0.031363755
980316,0.015698359
980317,0.078387117
980318,0.04703808
980319,0.015698359
980320,0.517272008
980321,0
980322,0.078387117
980323,0.094061442
980324,0.282155237
980325,0.752388778
980326,0.470248645
980400,0.595644393
980401,0.2508062
980402,0.031363755
980403,0
980404,0.031363755
980405,0.04703808
980406,0.329178586
980407,0.062712792
980408,0.094061442
980409,0.219457177
980410,0.015698359
980411,0.04703808
980412,0.094061442
980413,0.172433815
980414,0.235131888
980415,0.501597682
980416,0
980417,0
980418,0
980419,0.344852911
980420,0.094061442
980421,0.642667742
980500,0.015698359
980501,1.504762812
980502,0.172433815
980503,0
980504,0.031363755
980505,0.04703808
980506,0.266480526
980507,0.015698359
980508,0.094061442
980509,0.313503888
980510,0.125410466
980511,0.015698359
980512,0.658342067
980513,0.83076115
980514,0.015698359
980515,0.04703808
980516,0.219457177
980517,0.078387117
980518,0.219457177
980519,0.078387117
980520,0.062712792
980521,0.062712792
980522,0.125410466
980600,0.078387117
980601,0.04703808
980602,0.031363755
980603,0.564295356
980604,0.094061442
980605,0.156759503
980606,0.297829562
980607,0.078387117
980608,0.094061442
980609,0.313503888
980610,0.078387117
980611,0.219457177
980612,0.141085177
980613,0.313503888
980614,0.078387117
980615,0.893458838
980616,0.877784513
980617,0.094061442
980618,0.04703808
980619,1.253971343
980620,0.015698359
980621,0.015698359
980622,0.015698359
980623,0.031363755
980624,0.125410466
980700,0.031363755
980701,0.141085177
980702,0.078387117
980703,0
980704,0.2508062
980705,0.04703808
980706,0.376201948
980707,0.141085177
980708,0.015698359
980709,0.04703808
980710,0.125410466
980711,0
980712,0
980713,0.015698359
980714,0.031363755
980715,0.062712792
980716,0.062712792
980717,0.407550585
980718,0.360527237
980719,0.360527237
980720,0.031363755
980721,0.015698359
980722,0.078387117
980723,0.062712792
980724,0.04703808
980800,0
980801,0.078387117
980802,0.04703808
980803,0.219457177
980804,0.172433815
980805,0.062712792
980806,0.548621031
980807,0.329178586
980808,0
980809,0
980810,0.031363755
980811,0.203782851
980812,0.235131888
980813,0.626993031
980814,0.893458838
980815,0.125410466
980816,0.156759503
980817,0.156759503
980818,0.078387117
980819,0
980900,0.235131888
980901,0
980902,0.015698359
980903,0.203782851
980904,0.062712792
980905,0.282155237
980906,0.015698359
980907,0.062712792
980908,0
980909,0.04703808
980910,0.10973614
980911,0.031363755
980912,0
980913,0
980914,0.04703808
980915,0.031363755
980916,0.094061442
980917,0.313503888
980918,0.031363755
980919,0.078387117
980920,0.141085177
980921,0.015698359
981000,0.015698359
981001,0.04703808
981002,0.031363755
981003,0
981004,0.031363755
981005,0.141085177
981006,0.235131888
981007,0
981008,0.172433815
981009,0.360527237
981010,0.094061442
981011,0.015698359
981012,0.125410466
981013,0.015698359
981014,0.062712792
981015,0.062712792
981016,0.094061442
981017,0.297829562
981018,0.125410466
981019,0.156759503
981020,0
981021,0.674016393
981022,0.062712792
981023,0.329178586
981024,0.078387117
981025,0.04703808
981100,0.078387117
981101,1.018854572
981102,0
981103,0.015698359
981104,0.031363755
981105,0.10973614
981106,0.094061442
981107,0.078387117
981108,0.768063476
981109,0
981110,0.04703808
981111,0.517272008
981112,0.10973614
981113,0.689691091
981114,0.125410466
981115,0.313503888
981116,0.266480526
981117,0.2508062
981118,0.094061442
981119,0
981120,0.141085177
981121,0.031363755
981122,0.188108526
981123,0.031363755
981124,0.10973614
981125,0.282155237
981200,0.078387117
981201,0.015698359
981202,0
981203,0.156759503
981204,0.219457177
981205,0.10973614
981206,0.062712792
981207,0.141085177
981208,0.470248645
981209,0.015698359
981210,0.078387117
981211,0.094061442
981212,0.062712792
981213,0.219457177
981214,0.219457177
981215,0.203782851
981216,0.062712792
981217,0.015698359
981218,0.031363755
981219,0.015698359
981220,0.235131888
981221,1.771228619
981222,0.407550585
981223,0.376201948
981224,0.031363755
981225,0.172433815
990100,0.407550585
990101,0.344852911
990102,0.015698359
990103,0.031363755
990104,0.015698359
990105,0.141085177
990106,0.062712792
990107,0.344852911
990108,0.10973614
990109,0.10973614
990110,0.10973614
990111,0.125410466
990112,0.611318705
990113,0.078387117
990114,0.2508062
990115,0.532946333
990116,0.015698359
990200,0
990201,0.015698359
990202,0.094061442
990203,0
990204,0.015698359
990205,0.470248645
990206,0.04703808
990207,0.172433815
990208,0.172433815
990209,0.094061442
990210,0.438899622
990211,0.172433815
990212,0.031363755
990213,0
990214,0.156759503
990215,0.172433815
990216,0.031363755
990217,0.407550585
990218,0.015698359
990219,0.062712792
990220,0.235131888
990221,0.501597682
990300,0
990301,0.062712792
990302,0.156759503
990303,0.125410466
990304,0.172433815
990305,0.203782851
990306,0.219457177
990307,0.078387117
990308,0.203782851
990309,0.156759503
990310,0.532946333
990311,0
990312,0.062712792
990313,0.203782851
990314,0.062712792
990315,0.031363755
990316,0
990317,0.282155237
990318,0
990319,0.04703808
990320,0.078387117
990321,0.548621031
990322,0.125410466
990323,0.156759503
990324,0.10973614
990325,0.125410466
990326,0.125410466
990400,0.031363755
990401,0.188108526
990402,0.031363755
990403,0.078387117
990404,0
990405,0.04703808
990406,0.10973614
990407,0
990408,0.125410466
990409,0.04703808
990410,0.282155237
990411,0.015698359
990412,0.031363755
990413,0.04703808
990414,0.094061442
990415,0.062712792
990416,0.015698359
990417,0.376201948
990418,0.015698359
990419,0.485922971
990420,0.031363755
990421,0.04703808
990500,0.031363755
990501,0.078387117
990502,0.04703808
990503,0.015698359
990504,0.203782851
990505,0.015698359
990506,0.078387117
990507,0.172433815
990508,0.438899622
990509,0.141085177
990510,0.031363755
990511,0
990512,0
990513,0.094061442
990514,0.10973614
990515,0.329178586
990516,0
990517,0.203782851
990518,0
990519,0.015698359
990520,0
990521,0.203782851
990522,0.188108526
990523,0.015698359
990600,0.015698359
990601,0.454574333
990602,0.329178586
990603,1.191273655
990604,0.062712792
990605,0.015698359
990606,0.031363755
990607,0.203782851
990608,0.062712792
990609,0.094061442
990610,0.156759503
990611,0.141085177
990612,0
990613,0.031363755
990614,0.078387117
990615,0.031363755
990616,0.156759503
990617,0.313503888
990618,0.062712792
990619,0.125410466
990620,0.015698359
990621,0.141085177
990622,0.04703808
990623,0.172433815
990624,0.235131888
990700,0
990701,0.235131888
990702,0.423225297
990703,0.062712792
990704,0.04703808
990705,0.094061442
990706,0
990707,0.094061442
990708,0.203782851
990709,0.094061442
990710,0.313503888
990711,0.031363755
990712,0.156759503
990713,0.172433815
990714,0
990715,0.015698359
990716,0.04703808
990717,0.548621031
990718,0.438899622
990719,0.015698359
990720,0
990721,0.266480526
990722,0.266480526
990800,0.015698359
990801,0.454574333
990802,0.031363755
990803,0
990804,0.125410466
990805,0
990806,0.031363755
990807,0
990808,0.094061442
990809,0
990810,0.172433815
990811,0.031363755
990812,0.360527237
990813,0.094061442
990814,0.438899622
990815,0.031363755
990816,0.078387117
990817,0.031363755
990818,0.188108526
990819,0
990820,0.062712792
990821,0
990900,0.062712792
990901,0.031363755
990902,0.062712792
990903,0.062712792
990904,0.141085177
990905,0.156759503
990906,0
990907,0.031363755
990908,0.235131888
990909,0.141085177
990910,0.078387117
990911,0.094061442
990912,0.423225297
990913,0.2508062
990914,0.04703808
990915,0
990916,0.203782851
990917,0.172433815
990918,0.062712792
990919,0.485922971
990920,0
990921,0.156759503
990922,0.235131888
991000,0.062712792
991001,0.219457177
991002,0
991003,0
991004,0.125410466
991005,0.235131888
991006,0.04703808
991007,0.141085177
991008,0.125410466
991009,0.156759503
991010,0.235131888
991011,0
991012,0.219457177
991013,0.10973614
991014,1.300995078
991015,0.04703808
991016,0.172433815
991017,0.156759503
991018,0.172433815
991019,0.094061442
991020,0.10973614
991021,1.395041789
991022,0.094061442
991023,0.156759503
991024,0.736714453
991025,0.062712792
991026,0.203782851
991100,0.141085177
991101,0
991102,0
991103,0.517272008
991104,0.470248645
991105,0
991106,0.015698359
991107,0.031363755
991108,0.094061442
991109,0.04703808
991110,0.04703808
991111,0.094061442
991112,0.10973614
991113,0.156759503
991114,0.094061442
991115,0
991116,0.2508062
991117,0
991118,0.078387117
991119,0.10973614
991120,0.062712792
991121,0
991122,0.188108526
991123,0.04703808
991124,0.062712792
991125,0.078387117
991200,0
991201,0.219457177
991202,0.235131888
991203,0.062712792
991204,0.094061442
991205,0.04703808
991206,0.10973614
991207,0.2508062
991208,0.031363755
991209,0.015698359
991210,0.125410466
991211,0.04703808
991212,0
991213,0.078387117
991214,0
991215,0
991216,0.078387117
991217,0.031363755
991218,0.39187626
991219,0.015698359
991220,0.078387117
991221,0.141085177
991222,0.282155237
991223,0.2508062
991224,1.253971343
991225,0.078387117
991226,0.203782851
991227,0.39187626
991228,0.015698359
991229,0.04703808
