Id,betweenness_centrality
9208010,0
9903044,0
9709139,2.54E-05
11095,0
9702109,0.001302444
3208,2.67E-07
9704142,6.68E-08
9205006,2.07E-06
8036,0
9603204,5.01E-07
9505162,0.000514769
9406020,1.27E-05
9202026,0
9309041,3.85E-05
9610183,0
9511151,0
10168,0
9407087,0.000263497
9206075,0
9205105,0
9601092,0
9309050,3.73E-05
9502130,0
9409098,3.72E-05
9512144,0
9704148,2.74E-06
9601020,1.67E-07
9310022,5.51E-06
9504118,0
9307120,0
205209,1.47E-06
9601090,0
9412010,3.34E-08
9302055,0
9205111,0
9310118,1.28E-05
9610144,1.48E-05
9709087,6.61E-05
9702195,2.43E-05
9409113,9.69E-07
9512020,0
9306035,2.81E-06
9511129,0
9911175,3.34E-08
9703010,0
9904016,1.34E-07
9310106,0
9410103,0
9701012,1.67E-07
9911030,0
9904202,1.34E-07
9707044,1.21E-05
9612128,9.52E-06
9305012,0
9707121,0
9511070,0
9212149,0
9604034,0.000123291
9709228,1.55E-05
9603142,4.32E-05
9306080,1.09E-05
9601028,0
6178,0
9704054,5.90E-05
9211052,0
6108,6.68E-07
9606013,0
207179,0
8135,0
9305052,0
9602074,2.44E-05
9702104,0
9907001,0
208072,4.01E-07
9511065,7.62E-06
9310032,0
9605004,0
9303160,0
9306118,0
9804205,2.67E-07
9510221,0
9408165,3.34E-08
9612025,3.34E-08
202032,0
9511037,5.51E-06
9304035,0
9906069,0
9504117,0
9408025,0
3112,2.67E-07
207064,0
9411031,3.64E-06
9207074,0
9307184,0
9509106,0
9608042,0
2231,5.35E-07
203026,3.34E-08
9609131,2.67E-07
9509022,0
9909215,8.42E-05
9202001,0
9906130,1.00E-07
9905084,0
204158,3.48E-06
9405096,1.24E-06
9312172,7.39E-05
9212040,0
9306129,0
204223,1.34E-07
9803136,0
9204054,3.34E-08
9303115,0
9303068,0
2014,0
209042,2.67E-07
9802116,0.000300822
210066,0
9511154,0.000917335
212014,0
9206080,0
9406056,1.34E-06
9710002,0
9410114,8.02E-07
9505176,0
9902109,3.34E-08
9207068,0
9611039,2.17E-05
9903217,1.27E-06
203124,1.40E-06
9412027,0.000116118
9805009,3.34E-08
9305068,0
2186,9.32E-05
9912003,0
9412078,1.34E-07
9701050,1.34E-07
9408032,0
9505157,0
207280,2.67E-07
9211112,0
9711201,2.51E-06
9307186,1.70E-06
9411176,4.21E-06
9505128,0
8201,6.68E-07
9203070,0
204112,2.67E-07
9708165,0
209148,1.67E-07
9709227,1.00E-07
9511118,6.68E-08
9803229,1.00E-07
206104,6.68E-08
9911028,4.01E-07
9606133,0.000117087
9510057,0
9308054,0
1163,3.01E-07
9205091,0
9803237,0
9311050,0
9911063,2.00E-07
9404155,0
9603187,0.000218231
9712066,2.78E-05
9207003,0
9710142,0
2213,0
9804172,1.17E-06
9602160,3.34E-08
9412064,6.22E-06
9608093,0.000289338
9611237,0
9508064,3.10E-05
5254,0
9310052,0
9905136,0
9412221,3.54E-06
9906121,0
209120,2.00E-07
201017,4.01E-07
9304112,1.50E-06
9205093,0
9707057,0
9804068,0
11014,4.01E-07
9607115,0
9706210,0.000130721
9508016,0
9502006,1.98E-05
9206015,0
9210013,0
9711162,1.34E-06
9805050,0
9602107,0
207096,6.68E-08
9205042,0
9306083,8.10E-05
9201032,0
9202013,0
9207024,0
9711203,3.07E-06
9702178,0
3086,0
9409078,0
206175,1.07E-06
9204001,0
9609001,2.00E-07
9401032,0
9512097,0
9906013,1.34E-06
9210077,0
9609022,1.40E-06
9211024,0
9710124,6.68E-07
9607037,6.15E-06
9705075,1.27E-06
9212015,0
9712254,4.34E-07
9709109,5.74E-05
9207050,7.32E-06
11209,6.68E-08
9604143,0
9610223,2.41E-05
9607164,6.42E-06
6235,0
11115,0
9203076,0
202144,0
212342,0
9407125,0
9310171,0
9407124,0
9509173,4.01E-07
9075,0
9608063,2.61E-06
9912271,1.07E-06
9211093,3.81E-06
9706023,6.32E-05
9708089,8.59E-05
3075,7.79E-05
9909189,1.67E-07
9510019,0
9504124,1.18E-05
9304011,2.53E-05
9603003,0.00148556
202089,0
7149,0
9401140,0
9903266,0
9506052,0
9211124,0
9204077,0
9404108,2.14E-06
9203065,0
9201044,0
9612251,0.000167628
9409030,2.67E-07
9712096,0
9611064,0
9804136,6.68E-08
9804182,1.65E-05
202162,0
9802067,4.77E-05
9701112,3.68E-07
9301098,0
9707088,0
206245,0
9205115,0
9504142,2.00E-07
11208,0
9601111,6.68E-08
3110,1.00E-07
9607077,0.000575727
9609205,1.57E-06
9406003,0
9209001,0
209158,3.34E-08
9404134,0
9506156,4.85E-05
9604166,5.69E-05
9201002,0
9311098,0
9405183,0
9508135,3.61E-06
9704094,0.000370643
9210065,0
9306057,0
9311110,0
11099,4.34E-07
9907029,1.27E-06
9601039,0
9707093,0.000262121
5061,1.00E-07
9411187,0.000393515
9403157,1.67E-06
9802118,0
9709066,1.67E-07
9412230,0
9509018,6.68E-08
9606195,3.34E-08
9601016,2.57E-06
9901099,0
9707154,0
9611204,0.000490927
9601138,0
9805102,0
9306156,3.29E-05
9307011,0
9402011,0
9205003,0
206182,2.31E-05
208228,0
5258,0
9310193,3.74E-06
203245,0
205052,6.68E-08
207037,1.34E-07
3202,0
9605074,5.01E-07
9203026,0
9705155,1.34E-07
9603200,0
202021,4.01E-07
9709211,9.36E-07
9609191,3.90E-05
9805172,2.34E-07
9907066,0
9804111,2.34E-06
9611051,0
9308130,0
9503055,0
211078,0
9601112,8.86E-05
9201036,0
9405163,3.41E-06
9303013,1.40E-05
9210084,0
9603037,2.19E-05
9701039,0
9302068,0
9203051,0
9406048,0
9712239,9.68E-05
9906064,0
9712191,2.88E-05
9303131,1.16E-05
202116,1.67E-07
9403019,2.51E-06
201267,0
9909190,0
9403193,2.48E-05
9207011,0
9207103,0
9309147,0
9710114,7.12E-06
9303032,1.30E-05
9202050,0
9702168,0.000118558
9612069,3.34E-07
9706143,2.47E-06
9211034,7.08E-06
9602062,1.31E-05
8142,2.67E-07
9310159,2.67E-05
9912064,0
9310146,0
9707134,5.48E-05
9511181,0
9905111,0.00012631
9309045,0
9709033,1.34E-07
2095,0
9803109,4.95E-06
9907113,3.34E-07
9907072,2.02E-05
7236,3.34E-08
9310151,0
9909047,1.92E-05
4114,0
9210001,0
9505065,0
9712188,6.68E-08
9408122,0
9406208,0
9609141,0
11060,6.68E-08
9610038,4.28E-06
6146,0
9906089,0
9401006,1.00E-07
9208071,0
3277,0
12147,0
9202012,0
9402155,7.45E-06
9312094,4.61E-06
9712106,1.30E-06
9204039,0
9803234,2.00E-07
9212016,0
9412153,1.00E-07
9710247,5.74E-05
9206024,0
9703174,6.68E-08
9705211,4.01E-07
9903136,0
9607049,3.91E-06
9308139,0
11169,3.34E-08
204087,0
9704029,0.00013585
9509062,2.00E-07
9302119,0
9408044,0
9707174,0.000298161
9305076,0
9202008,0
9705190,0.00015772
9209046,0
9409151,0
9211064,0
9304026,0
9912072,9.35E-05
9607007,7.75E-06
9509140,2.06E-05
9209054,0
9905200,2.67E-07
9504041,3.34E-08
9301120,1.10E-06
9304053,7.68E-05
9402049,0
12145,0
9301043,0
9608180,1.00E-07
207078,0
204147,2.34E-07
9707063,0.000129952
9212049,0
9304103,0
9510045,0
9512141,0
9512147,3.07E-05
9309059,0
9604196,2.32E-05
9409067,0
9404173,8.15E-06
9508041,0
9404156,0
9603143,2.34E-07
205319,0
9710078,4.98E-05
9612049,0.000338119
9206071,0
9209041,1.09E-05
9210055,0
9712088,9.63E-05
9908005,0
9410209,5.10E-05
9503092,1.20E-06
11141,0
9508101,0
9603071,6.68E-08
3212,0
9601150,7.35E-06
7135,0
9208012,0
9412119,6.68E-06
7076,1.67E-07
9406134,0
9204016,0
9210141,0
3025,1.34E-07
9907067,1.09E-05
9912060,2.41E-06
7010,0
9403039,0
7142,3.01E-07
9208006,0
202189,0
9602155,0
9803189,0
9405080,1.40E-06
9608033,0
206228,9.02E-07
9201019,0
9512120,0
9305042,1.30E-06
9801099,2.54E-06
9912203,0
211119,0
9603053,0
9309073,0
9403149,0
9709065,7.49E-05
9404080,2.11E-06
9204089,0
9208058,0
9605001,0
9906079,0
9501085,0
9601100,0
9303172,3.53E-05
9311058,2.74E-06
9707005,0
9209057,0
9902037,0
9802073,0
9406212,2.31E-05
9704025,6.68E-08
9409025,6.68E-08
9903220,0
9708004,6.01E-07
9209106,0
9902189,0
9512007,0
9410093,1.73E-05
9612103,8.15E-06
4033,0
9605158,6.01E-06
9612008,0.000290508
9801197,0
206035,0
9403037,9.36E-06
9611132,0.00081864
9507036,0.000711507
11172,0
9909164,0
9206106,0
9901139,0
9208017,0
9410041,1.30E-06
9209044,0
12176,3.34E-08
3188,6.68E-08
204184,3.34E-08
9306104,0
9210128,0
11157,0
9307188,0
9509071,8.02E-06
9303152,0
9510185,1.00E-07
9309093,0
9310198,0
203072,0
9307099,0
9605022,3.14E-06
9408083,0.000303665
9510151,0
9409021,4.30E-05
9211059,1.28E-05
9210134,0
9308135,0
9207097,0
9401093,1.34E-07
9712235,3.34E-08
9510219,3.34E-08
9910174,0
9310086,0
10054,0
9402142,3.34E-08
9607134,1.00E-07
9710183,6.68E-08
9712059,0.000612284
9411231,0
9507085,2.00E-07
9408001,3.34E-08
9508093,0
9410048,0
207247,2.00E-07
9304128,1.36E-05
9404110,6.68E-08
9304051,2.04E-06
9202038,0
9712068,7.82E-06
9212072,0
5274,0
10226,0
9612222,2.69E-05
9607208,9.36E-06
9311075,0
9703087,0
208123,3.34E-08
9707247,1.10E-06
9205021,0
9606054,7.83E-05
9607243,9.36E-06
9210131,0
9410034,0.000104256
9612241,6.85E-06
9902204,1.67E-07
9202090,0
9503093,0
9508039,1.56E-05
3134,0
9605221,1.70E-06
9212009,0
203260,0
9503012,0
9707234,0
9604113,1.34E-07
9206077,0
9712043,1.37E-06
9311158,0
12188,2.67E-07
9609083,0
9412041,0
9612194,0
9707091,1.30E-05
9710122,0.00017259
6150,0
9605153,8.79E-05
9610195,8.45E-06
9707124,3.51E-06
9209043,0
9202081,0
9707055,0
9206009,0
9211126,2.17E-06
9709071,6.38E-05
9610192,0
9602120,0.000199111
209135,0
9611040,0.00038196
9906087,0
9204020,0
9506214,0
9710163,0.000123403
9210127,0
9703041,0.000130097
9403172,0
9031,3.34E-07
9305111,0
205246,3.34E-08
9608055,1.23E-05
9201071,0
9901011,6.68E-08
9705180,0
9905213,0
9502069,1.04E-05
9709220,0.000141139
9511075,0
9301050,0
11251,0
9803251,1.84E-06
7079,3.34E-08
9303029,1.62E-05
9209102,0
9709067,6.68E-08
208086,3.01E-07
9210031,0
9803235,4.81E-06
9605007,0
209242,0
9603019,1.87E-06
9504129,0
9706020,1.37E-05
9609064,0
9307009,0
4083,0
9502077,4.09E-05
9511043,0.000405069
9312187,2.82E-05
9605062,7.22E-06
205223,0
9312209,7.32E-06
9210024,0
9508087,3.34E-08
9906027,4.01E-07
9607020,0.000356096
2046,9.89E-06
9205096,0
11137,0
9209027,0
9608190,2.67E-07
9407048,6.01E-07
9803264,0
9804011,8.89E-06
9301066,0
7248,4.01E-07
9303062,0
9409085,0
9711163,2.00E-07
9405084,3.21E-05
9410077,0
9908110,0
9207060,0
9305007,0
6066,5.35E-07
9602146,0
9705113,0.000435095
9910039,0
9408104,1.11E-05
9605044,0
9503098,0
9046,6.75E-06
9510046,0
9203052,0
3146,4.68E-07
9304149,2.11E-06
9803217,0
9406004,1.34E-07
9910208,3.34E-08
9703168,3.34E-08
9608097,1.27E-06
210042,0
9402147,0
9610115,0
4077,9.89E-06
9606076,3.34E-08
9611065,5.83E-05
9212011,0
9306073,4.48E-06
9912248,2.00E-07
9204084,0
9610024,5.35E-06
9912179,4.01E-07
9911055,0
9709107,3.05E-05
9707192,1.51E-05
9606105,0
9611134,9.52E-06
9804133,6.68E-08
9307023,0
9705055,0.000747896
9805060,0
9603150,1.30E-05
9212153,0
9712223,5.01E-07
9503137,0
9310085,0
9305045,1.24E-05
9205004,0
9503180,0
204004,1.20E-06
9202086,0
9503072,0
9605108,2.04E-06
9609065,0.000278227
9603128,1.06E-05
9403135,0
9609192,0.000117861
8123,5.01E-07
9603131,1.34E-07
209058,0
9512173,2.71E-06
9503181,0
9408009,0
9305142,1.31E-05
9201009,0
9203031,0
9203062,0
9608056,6.68E-08
9301011,0
9907017,3.34E-08
9206036,0
9610114,1.00E-07
9512051,0
9301097,2.57E-05
9910166,0
9712193,8.02E-07
9407060,0
9202057,0
9511157,3.42E-05
9204101,0
9305037,1.10E-05
9803002,0.000556349
4012,6.68E-08
9705138,3.48E-06
9905179,0
9506211,0
9805135,0
7084,0
9212007,0
9301102,0
9611215,0.000521558
9612124,0
9504056,0
6170,4.01E-07
202112,2.00E-07
9709025,3.63E-05
9302104,0
9702072,0
9904182,0
9408079,2.11E-06
9202021,0
9211085,0
9604082,0
9701065,1.00E-07
211205,0
9605080,6.68E-07
8037,0
9202005,0
201258,7.35E-07
9202037,0
9302020,4.31E-05
9406151,0
9406214,1.50E-05
9307107,2.27E-06
9312065,0
9604064,1.34E-06
203187,1.20E-06
9203019,0
9705029,0
9705229,1.00E-07
9502044,0
9407190,0.000150979
9512031,7.02E-06
9307178,3.91E-06
9709093,0
204189,0
9179,0
9205061,0
9607073,3.34E-08
9411238,1.00E-05
9204056,0
9608071,6.28E-06
5281,0
9912251,0
9611036,1.09E-05
9203061,0
9310096,0
9702070,0
6121,0
204168,1.64E-06
9611174,0.000550757
9510092,5.12E-05
9702083,1.05E-05
9608179,1.00E-06
9401155,0
202038,3.34E-08
9212134,0
9312055,0
9406136,9.57E-06
9209094,0
9605075,0
9305104,0
9802195,5.85E-06
201066,0
9205116,0
9407157,3.34E-08
9503104,9.36E-06
9312080,0
9310164,0
9402100,0
1071,2.41E-06
9711069,2.54E-06
9602105,3.71E-06
9506159,1.34E-05
9506079,6.68E-08
9505002,3.34E-08
9406027,6.68E-08
9305133,0
9607119,1.44E-06
9603042,2.68E-05
210210,0
9506146,6.68E-08
9301014,0
9908136,0
9203036,0
9412069,0
9402038,0
9706035,1.30E-06
9610153,2.00E-07
9508005,2.49E-05
9206099,0
3290,6.68E-08
203215,3.34E-08
9802133,0
201070,2.67E-07
9308145,0
9710048,6.01E-07
9203056,0
9602175,1.34E-07
10105,0
9701154,0.000195012
9611225,0
9206063,0
207268,0
9509111,3.34E-08
9210032,5.11E-06
9004,0
9709212,0
9211032,0
9612149,6.68E-08
9201057,0
9403137,0.000130813
9602114,0.000470469
9402060,2.27E-05
9912075,0
9412114,6.68E-08
9304150,3.98E-06
9609232,0
9904009,0
9601076,6.68E-08
9404094,1.84E-05
9303132,0
5145,4.01E-07
9610101,3.94E-06
1046,2.67E-07
9907024,0
205017,0
9710248,1.00E-07
9605046,0.002144176
202124,0
9302047,0
9803117,8.42E-06
9604180,0
9502074,2.21E-05
9408134,0
9403120,0
9712053,3.34E-08
9612208,9.36E-07
2096,0
6144,2.00E-07
9601155,4.01E-07
9803054,5.90E-05
9205085,0
6204,5.01E-07
201050,0
9906181,0
9903221,0.000471273
9511175,0
9706028,0
9501137,0
9510205,4.04E-06
9208057,0
9301077,0
9611054,0
5269,2.00E-07
6062,6.01E-07
9704144,0
9412072,0
9205028,0
9611133,0
9305016,7.45E-06
9211133,0
9710161,1.27E-06
9211113,0
9402041,1.24E-05
9509092,0
9910103,1.00E-07
9802115,1.00E-07
9505036,3.34E-08
9602043,0.000671479
9904047,3.34E-08
9403081,0
9602085,2.67E-07
9706175,0.000145975
9707004,0
9803005,0.00020116
9503020,1.51E-05
209014,0
11166,0
9712125,0.000131022
9306013,3.78E-05
5031,1.00E-06
9015,3.01E-07
203130,6.68E-08
9503097,1.30E-06
9311038,0
2068,6.68E-08
9603081,3.66E-05
9410138,2.42E-05
9603052,5.61E-06
9304072,3.12E-05
9803265,9.92E-05
9403124,2.67E-06
9606177,0
205027,0
9511006,2.00E-07
9704118,3.34E-08
9710127,1.70E-06
9211116,0
9603005,1.60E-05
9504133,0
9212048,0
9701169,7.76E-05
9307010,1.66E-05
9512211,6.68E-08
9703222,7.62E-06
9707224,1.99E-05
9512121,0.000282226
9610209,1.30E-06
9308144,0
9611161,0.000651978
9512078,0.000607808
9201042,0
9707171,6.01E-07
9209125,0
9703158,0
9503030,5.21E-06
9407177,3.34E-08
9303008,0
9611160,1.34E-07
9304088,0
9605161,3.34E-08
9210070,0
9306139,0
9708109,0
9404025,0.000254625
9310157,2.95E-05
210154,0
9905095,0
201121,1.00E-07
9703080,0
9508086,0
9610097,3.84E-06
9702143,0
9410056,9.29E-06
9707096,0
9906151,1.73E-05
9610094,1.89E-05
9404105,3.34E-08
9303006,7.15E-06
9306062,0
9403021,0
9701103,0
9508159,1.34E-07
4161,0
9602098,2.18E-05
9504127,0
9310189,0
6047,1.34E-07
9306028,0
9412244,1.34E-07
9705123,0.000239014
9605003,1.60E-06
9504071,0
9906142,2.67E-07
9204040,0
9608013,6.68E-08
9606079,0
9307101,4.02E-05
9711083,2.00E-07
9601085,7.11E-05
9204038,0
9204026,0
9902187,2.54E-06
9605064,6.68E-08
9501075,1.74E-06
9906139,0
9210122,0
9708149,1.20E-06
9401128,6.68E-08
205062,3.34E-07
9607122,2.00E-07
9704051,1.40E-06
9208048,0
203206,2.67E-07
9905081,0
9208020,1.25E-05
9911083,1.24E-06
9405067,3.74E-05
9406067,2.41E-06
9212038,0
9509105,2.27E-06
9407154,0
9804113,1.56E-05
9303057,2.61E-05
9804167,1.22E-05
9612131,6.16E-05
9403103,0
9708099,1.20E-05
9510138,0
9312114,0
9201067,0
9204074,0
9708025,6.68E-08
9410073,7.95E-05
9709152,6.43E-06
9206112,0
9605174,3.31E-05
9606167,2.67E-07
9912018,3.61E-06
9208027,0
9403173,9.89E-06
9310080,1.08E-05
9506004,0
9708003,7.42E-05
9409180,6.68E-08
9407013,0
9702125,3.34E-08
9709069,0.000417981
9609095,3.88E-06
9711001,0.000480784
9605211,0.000277765
9912114,2.27E-06
9207017,0
9205114,0
9511102,0
9601142,8.05E-06
9912086,6.68E-06
1177,2.67E-07
212084,0
212267,0
9705133,2.00E-07
9705048,0
9612215,0.001046715
9206097,0
9205044,0
11263,3.34E-08
9503063,8.15E-06
9710052,0
11110,2.00E-07
9203048,0
206173,6.68E-08
9602045,0.001009377
9403073,1.58E-05
9607176,1.00E-07
9306152,0
9701106,0.000135299
9412213,1.34E-07
203079,0
9204051,0
9607192,0
9403197,1.34E-07
9803057,3.34E-07
9206039,0
9709098,1.27E-06
9304009,0
10179,2.67E-07
9610234,2.24E-06
9707139,4.87E-05
9411049,0.000162925
9212106,0
9708093,4.01E-06
9611194,7.69E-06
9504140,0
9910146,1.34E-07
9408173,3.44E-06
10068,6.68E-08
9611143,1.67E-07
9407150,0
9202020,0
9411104,0
9908202,0
9901049,4.01E-07
9212145,0
205251,2.00E-07
9401113,2.00E-07
9410163,0
9612161,0
9605018,0.000148252
9209009,0
209232,6.68E-08
9711174,0
9706109,0.000319401
9712110,1.73E-05
9411018,2.71E-06
9612060,6.15E-06
9206021,0
9409139,8.02E-07
9203068,0
9908182,0
9706177,0
9701018,6.68E-08
9235,0
9802019,0
9207026,0
9305038,4.44E-06
9202053,0
9903176,0
9311100,0
203225,0
207038,3.34E-08
211239,0
9706192,5.51E-05
9412200,1.07E-05
9607105,0.000333218
9507045,2.00E-06
9503157,4.08E-06
9210104,0
201035,0
9704014,2.61E-06
9704049,5.35E-07
9301060,0
9510123,1.34E-07
9610134,6.19E-05
9407113,3.81E-06
9508129,0
9907176,2.67E-07
9709047,6.01E-07
1021,2.00E-07
9805175,0
9901035,0
211105,0
9911011,1.24E-06
10050,0
9302111,0
9305109,5.83E-05
9609061,2.00E-07
9508017,8.02E-06
9302126,0.000486093
9209077,0
9604085,0
9408141,0
9611236,0
9211107,0
9605213,4.01E-06
9401166,0
9402054,0
9509151,0.000675617
207274,0
9804086,1.34E-07
9201001,0
6151,2.00E-07
9401105,3.34E-07
9412165,0
9312059,4.08E-06
9405190,7.92E-06
9312169,6.68E-08
9212113,3.91E-06
9404037,4.18E-06
9205011,0
9804078,0
9301054,0
9301069,0
9710239,1.08E-05
9007,6.68E-08
9605030,2.41E-05
9308005,0
9805126,0
9405121,1.10E-05
9306050,0
9705102,0
9207082,0
9510224,5.26E-05
206052,1.00E-07
9412142,1.34E-06
4079,0
209145,2.34E-07
9505049,2.54E-06
9407185,0
9708166,1.67E-07
9306145,0
9311121,0
6116,3.34E-08
9402016,2.53E-05
9406199,0
9406132,1.04E-05
9204004,0
9804112,4.68E-07
9709111,0
9409198,0
9504130,0
210110,0
201029,2.00E-07
9410072,0
9410180,6.68E-08
9602012,4.85E-05
9611136,3.46E-05
9905107,0
9305154,0
9605037,1.34E-07
9704019,3.34E-08
9803131,0
9603009,1.46E-05
9710203,5.32E-05
9609138,2.30E-05
9601103,3.34E-08
9706225,1.06E-05
9204103,0
9710065,2.81E-05
202034,0
9410216,3.21E-06
9803030,1.00E-07
9502008,0
9601041,3.34E-08
9201069,0
9904019,9.89E-06
9401085,0
9601053,1.45E-05
9405129,0
9704158,7.35E-06
9512098,0
9710058,0
9412038,0
9605151,0.000128365
9912155,6.68E-08
201128,0
9503017,2.11E-06
9604040,1.40E-06
9606178,0
9506174,0
9511173,1.54E-05
203101,4.01E-07
9805018,1.00E-07
9602090,0
9803001,0.001232964
207143,0
9201079,0
9306030,0
9606110,0
9509166,1.49E-05
9309025,4.08E-06
12077,0
9612199,3.34E-07
9902126,3.71E-06
9510199,2.38E-05
10237,0
206236,3.34E-08
9511159,3.91E-06
9404140,0
9611043,0
9201058,0
9308019,4.08E-06
208132,0
9312102,0
9402063,0
5054,5.35E-07
9609109,0
9503044,0
9703037,0
9801121,3.11E-05
9901132,0
9704052,1.27E-06
9403171,0
9402057,7.82E-06
9904157,0
9308034,2.40E-05
9511053,7.22E-05
12252,3.34E-08
9501018,3.01E-07
9702181,0
10069,3.63E-05
9604053,1.00E-07
9302001,3.98E-06
203259,2.00E-07
209111,2.00E-07
9603090,1.45E-05
9901073,0
9712130,1.20E-06
9307048,0
9612038,0
9510073,0
9301068,0
9706163,1.07E-06
9401048,0
9804092,2.41E-06
9911084,0.000142142
201148,0
9311048,8.52E-06
9405166,0
9805013,6.68E-08
9607174,3.34E-08
9407074,1.16E-05
9503128,0
3008,3.34E-08
206038,1.40E-06
9910183,0
6106,2.00E-07
9702094,0.000114531
9803196,0.000182615
9305051,3.34E-08
9803203,3.71E-06
9302097,0
205180,1.00E-06
9205097,0
9405086,1.08E-05
9612135,0
9409165,7.28E-06
9907002,0
9304040,0
9309016,0
3136,0.000516339
9304104,7.05E-06
9403038,1.40E-05
9310181,3.54E-06
207113,0
9307111,5.03E-05
9803188,3.34E-07
9707051,6.01E-07
9211014,0
9902205,5.01E-07
201220,3.34E-08
9511165,3.34E-08
3032,2.54E-06
9409064,0
3191,2.00E-07
9701087,2.34E-07
9805036,0
9406144,1.27E-06
9703031,7.08E-06
9305115,0
9503225,0
9703137,6.68E-08
206147,1.00E-07
9402078,0
9509050,4.11E-05
9306107,0
9403094,0
9404038,0
9408120,0
9505135,0.000106595
9304159,0
9702184,5.28E-06
9408096,1.34E-07
9911026,4.01E-07
9309018,0
9502142,0
9304130,0
9307137,0
9305032,0
9603161,2.90E-05
9908042,0
9612182,1.77E-06
9406161,0
9803081,3.34E-08
9247,1.00E-07
9610056,1.40E-06
9208013,0
209088,0
9202014,0
9908131,0
9410013,1.37E-06
9203046,0
9401011,0
9502122,1.47E-05
9309135,0
9310134,1.01E-05
9712062,6.35E-06
9709118,5.77E-05
204261,4.28E-05
9408119,4.61E-06
9909202,6.01E-06
9804152,3.34E-08
9209083,0
9403045,8.09E-06
9301038,1.24E-05
9705185,0
9212081,5.48E-06
208045,0
9312166,0
9301030,0
7072,0
208184,0
9712229,0
9611047,5.69E-05
9208045,0
9504066,0
9211021,0
9604097,0.000115272
9601146,0
207201,3.48E-05
208097,0
9301111,0
6061,0
9707066,0
3153,1.34E-07
9706102,0
9309087,0
9306032,6.68E-08
9207066,0
9206035,0
9506138,3.64E-05
9711070,0
9608068,1.00E-07
9310021,0
9202006,0
9405053,0
9506186,4.71E-06
9606018,0
9902121,0
9609110,0
9704167,2.63E-05
5170,0
9707237,0
7006,0
9206027,0
9509109,1.87E-06
9203023,0
9604098,0
9312029,0
9508044,0.000216871
9901116,0
9307001,0
9508131,0
9201021,0
9404093,0
9405161,6.68E-08
9609024,0
9503080,0
9405058,2.14E-06
6156,0
9205025,0
9412237,3.91E-06
9401132,0
207040,0
9304084,0
9402075,0
9601114,3.34E-08
9608193,0
9701186,7.92E-06
9311080,2.66E-05
9207022,0
9201006,0
9405079,1.00E-07
9906074,0
9301132,0
9610031,2.00E-07
9801067,2.34E-07
9307155,0
9611011,2.74E-06
9311079,1.34E-07
9201080,0
9710233,6.01E-06
9910027,2.67E-07
4041,3.98E-06
204171,1.57E-06
9308078,0
9302022,1.45E-05
9805020,0
9201063,0
9204030,1.51E-05
9407076,1.87E-06
9503147,0
9210005,0
9607003,6.68E-08
9201070,0
9501017,0
9506033,0
9701019,7.59E-05
9704124,3.34E-08
9901128,0
9503124,0.001464461
9708159,3.34E-08
9909166,0.000210784
211005,0
9607230,0
9801145,6.46E-05
9211092,2.41E-06
9411002,0
9208042,0
9908038,6.35E-06
203211,3.21E-06
9506087,1.26E-05
207164,4.34E-07
9206088,0
205232,3.41E-06
11232,0
9707035,0
9607239,9.68E-05
9603001,0
9212056,0
9412018,2.00E-07
9502157,0
9610157,9.92E-06
9505136,1.37E-06
9909044,3.34E-08
9309115,1.48E-05
2247,9.36E-07
9704018,0.000832956
9512168,0
2237,2.00E-07
9303090,3.74E-06
11243,0
9503077,0
9709014,0.000871187
9706226,1.15E-05
3141,1.00E-07
9609137,5.34E-05
4135,0
9607117,3.34E-07
9504015,4.11E-06
9406195,1.00E-07
9710180,4.34E-07
5024,0
9206076,0
205132,0
9307171,1.03E-05
11063,0
9203024,0
9607146,1.34E-07
9607187,0.000107497
9201003,0
209159,0
9502042,1.34E-07
203137,1.34E-07
9901118,3.61E-05
2230,3.01E-07
9211053,0
9608035,1.26E-05
9222,6.68E-08
9804018,6.68E-08
9705198,0
9610224,1.27E-06
205028,6.68E-08
9409189,0
9712147,5.35E-07
9312138,0
203168,2.00E-06
9801194,6.35E-06
9412059,1.34E-07
9204059,0
9901131,0
9202059,0
10196,6.68E-08
9504042,0
9208040,0
9604076,0
9607204,3.68E-06
9209016,0
9911139,0
9506112,0.000697066
9608177,2.54E-06
4060,1.00E-07
9401030,1.04E-05
9606175,2.61E-06
9409115,0
9601031,0
9242,0
9204042,0
9606155,0
9404100,1.00E-07
9605172,5.48E-06
9503154,7.38E-06
9409001,0
9911161,2.11E-05
9803069,2.34E-06
9606085,0
9207067,0
9609207,7.75E-06
9603176,8.96E-06
9410196,0
9210015,0
9211109,3.68E-06
206108,1.40E-06
9509143,0
9211035,0
9307092,2.67E-06
9209055,0.000218135
9601072,4.14E-06
9308009,0
2246,0
9705101,0
9705032,0
9210114,0
9205077,0
9610059,0.000131718
9311069,0
9512057,3.34E-08
9304147,0
9412164,2.57E-06
207245,2.00E-07
9211084,2.07E-05
9502155,6.06E-06
9301017,0
9410130,0
9206098,0
9608019,6.35E-06
9702166,7.32E-06
9803011,6.68E-08
9910218,1.34E-07
205273,0
9706133,0
9904044,1.67E-07
9212090,0
9208076,0
9301063,0
9606024,6.68E-08
9210153,0
9203054,0
9909094,0
9210091,0
9801196,0
9704116,6.68E-08
9708002,0.000689249
201170,6.68E-08
205026,0
7225,3.34E-08
204214,6.68E-08
9303046,0
4152,2.00E-07
9206040,0
9204013,0
9511096,0
9305113,0
206164,6.68E-07
9306077,0
9911025,0
9211130,3.64E-06
210040,0
3068,1.24E-06
9404109,0.000108934
9208066,0
207017,1.34E-07
9208030,0
9212127,0
9205072,0
9702045,0.001568163
9707185,1.50E-06
9411116,1.00E-07
9506075,0.000320846
9210118,0
9707083,9.02E-05
9305079,1.51E-05
9208015,0
3217,0
9801204,3.71E-06
9707034,1.34E-07
9205040,0
9907118,6.68E-08
3255,1.10E-06
9804070,3.34E-08
9603117,2.81E-06
9704174,2.21E-06
9605042,6.01E-06
212240,0
9208062,0
9702002,6.68E-08
9704009,0.000218659
205315,0
9612204,0.000102886
9710090,0
9604195,2.90E-05
9610230,0
9408008,0
9405064,0
9801189,1.34E-07
9704112,6.68E-07
9610251,0.000186566
9205088,0
9605031,0
4109,0
2251,2.00E-07
9805094,0
9208002,0
9311066,3.34E-08
207007,6.68E-07
9409142,5.91E-06
9204024,0
9705169,0.000102819
4084,2.34E-07
9904184,0
1189,1.67E-07
9310010,0
9202025,0
9201054,0
9305110,2.74E-06
9603177,1.00E-07
9702089,6.01E-07
9205034,0
9412177,6.68E-08
9308142,0
9307012,0
2071,1.23E-05
4069,5.01E-07
9204097,0
9311155,2.00E-07
9405027,0
10043,2.00E-07
9506116,4.02E-05
9204088,0
203041,2.67E-07
9404114,3.23E-05
9710210,6.68E-08
2123,3.34E-08
9408156,0
9805083,0
9607195,0
9901056,0
9508156,5.25E-06
9903130,1.00E-07
1122,1.67E-07
9710193,0
9305097,1.35E-05
2245,0
210112,0
9212071,0
9208079,0
7036,8.65E-06
9309152,1.02E-05
9307110,0
9210027,0
9804016,0
9302091,1.46E-05
9404092,6.18E-05
9704074,0
9901141,0
9904014,0
207200,6.68E-08
3123,0
9204095,0
12251,6.01E-07
9301021,0
9305020,4.08E-06
9206078,1.30E-05
9603138,3.34E-08
9610201,3.91E-06
9912259,6.68E-08
9707025,2.47E-06
4147,5.01E-07
9706176,2.67E-07
12067,0
9406081,0
6207,3.34E-08
204218,0
201045,3.34E-08
9905210,0
9405133,4.41E-06
9501035,0
9607140,1.00E-07
6096,0
9703023,0
6009,3.34E-07
9601104,4.51E-05
9310197,1.62E-05
9802203,2.15E-05
9412162,7.10E-05
9610018,5.48E-05
9403010,0
9906034,0
9709134,0
12023,0
9512081,7.25E-06
201116,0
205037,4.01E-07
9510029,3.34E-08
9902184,0.000334321
9210160,0
6181,6.68E-07
9710010,1.27E-06
9510171,1.37E-06
9210115,0
9408035,8.32E-06
9503139,7.35E-06
9607183,0
9412093,0
9505016,4.01E-07
9912279,7.82E-06
9707170,1.17E-06
9803194,0
9705188,8.79E-05
9206016,0
9912054,0
9504131,0
9705078,2.34E-06
9306033,2.33E-05
9705030,6.54E-05
9908021,3.34E-08
9710153,1.50E-06
205163,3.34E-08
212120,0
9409190,4.91E-06
9510196,0
9403075,6.68E-08
9406061,0
9909023,3.34E-08
9711052,1.04E-05
9305024,0
9512143,8.86E-05
9211028,0
9711161,0.000165868
204206,3.34E-08
9511077,1.77E-06
9604184,0
9405041,1.37E-06
9803058,3.34E-08
9704072,7.02E-07
210109,0
9205030,0
9609008,2.00E-07
9405151,0
9511119,2.67E-06
9803125,2.00E-07
9304120,0
9606017,4.37E-05
9601113,2.67E-06
9605160,0
9309126,0
9911032,0
9409062,2.34E-06
9607147,3.34E-08
6250,0
9412154,3.34E-08
9509027,1.37E-06
9708005,0.00016779
5096,1.67E-07
9409069,2.24E-06
9511136,0
9610193,0
9705023,5.11E-06
9309095,1.28E-05
9804013,2.07E-05
9602068,2.00E-07
9606080,7.75E-06
9604155,0
207049,0
210294,0
205310,3.34E-08
9902070,0
9506134,0
9304131,0
9312155,0
9606148,0.000329141
6064,3.34E-08
9803076,0.000828159
9504055,0
9306066,0
9305015,0
209225,0
9411210,0.000758514
9306147,8.82E-06
12213,0
9402111,0
9203011,0
204259,0
9902091,0
9612137,0
206185,3.34E-08
9302012,0
9408052,0
6154,4.01E-07
9912015,4.68E-07
9805154,0.000750235
9604089,4.01E-06
9310153,0
9302037,2.73E-05
9405140,0
9402144,5.41E-06
9605181,0
9607083,6.76E-05
206141,0
9311021,8.22E-06
9305173,0
9505194,5.25E-06
9606136,5.59E-05
9911254,0
9408023,0
9208065,0
9411099,2.00E-07
9402088,3.34E-08
9402037,1.67E-07
9208069,0
9604052,0.00017376
7132,0
9501098,4.41E-06
9608117,4.45E-05
9611222,8.47E-05
9607121,4.98E-05
9401070,3.82E-05
9609193,0
9802168,8.19E-06
9312206,3.23E-05
9510001,0
9310147,0
9802092,1.20E-06
210307,0
9308085,0
9306072,0
9603134,4.95E-06
9501057,2.04E-06
9909138,1.00E-07
9801132,0
9201020,0
9804115,0
203003,0
10272,0
9803204,0
9505063,0
9308100,0
9202063,0
9210068,0
9304031,0
9201041,0
9503090,0
9608020,1.67E-07
9202060,0
3059,1.68E-05
9705208,6.68E-08
5010,0
5097,0
9601052,9.92E-06
9903060,0
9402017,1.60E-06
9204082,0
203042,3.34E-08
9609202,6.68E-08
9709207,2.61E-06
9610220,1.11E-05
9706089,4.79E-05
9707169,3.34E-08
9204079,0
9607218,2.83E-05
9207102,0
9411178,0.000846575
9704056,1.00E-07
9401065,0
9408006,3.34E-08
9310113,1.27E-05
9803129,3.34E-08
9302067,0
9902177,3.61E-06
9505155,0
9503224,0
9601163,3.34E-08
9204070,0
9210129,0
9712145,1.00E-06
9503023,1.60E-06
9804142,1.67E-07
3175,1.34E-07
9303158,1.07E-05
1152,0
9612030,7.42E-06
9902207,0
9604087,1.87E-06
9703028,0
9609155,0
9407179,1.00E-07
9501145,0
9208041,0
9801115,3.01E-07
9710036,0
9210146,0
9501005,2.67E-06
9605200,5.83E-05
9605226,0
207254,0
12093,1.00E-07
9906217,2.54E-06
9709002,0.000149701
9206101,0
9410152,1.24E-06
9309035,0
9702082,1.24E-06
9207114,0
9607189,0
8004,0
9303155,0
9306161,0
9302093,0
9504090,2.04E-05
9712028,2.14E-06
9412108,0
9505173,1.09E-05
9912289,0
9605145,3.91E-06
9211016,0
9705220,2.71E-05
9209078,0
9706017,5.21E-06
9205051,0
9711110,2.44E-06
9704131,0.000122189
204253,0
9404177,0
9902008,1.34E-07
9510026,0
9403136,0
9612183,1.40E-06
1113,0
9611068,3.34E-07
9805129,0.000423895
9210149,0
9306011,3.34E-08
7157,0
9703008,0.000222067
9507005,1.06E-05
9602025,0
9206049,8.29E-06
9410104,7.91E-05
9211141,0
2072,0
9603116,0.001625336
9603162,6.68E-08
9601179,8.45E-05
9202056,0
9709138,2.50E-05
9610163,6.68E-06
208092,6.68E-08
9304106,0
12258,3.34E-07
9512104,0
9307065,1.11E-05
9609153,1.34E-06
209079,0
9607181,0
9302129,1.57E-06
9503127,0
9202034,0
9212075,0
9401021,0
9602006,2.67E-06
9506166,0
4180,1.34E-07
9403129,4.18E-05
9511128,2.44E-05
5267,1.00E-07
9601047,0
9201056,0
9305010,9.39E-06
209200,0
9406152,0
9404011,4.21E-06
9603114,3.34E-08
9404157,4.18E-05
9604100,1.34E-07
9308039,1.27E-06
9204036,0
9507155,1.34E-07
9710250,3.95E-05
9506189,0
9204002,0
9801013,0
7125,6.68E-07
9711024,6.68E-08
9212112,0
9610076,0
9206085,0
9208028,0
9310129,0
9502038,4.87E-05
6186,0
9904064,3.71E-06
9802068,1.17E-06
9709157,0
9412129,3.91E-06
9804184,3.51E-06
10225,0
9202028,0
206179,0
9508071,7.23E-05
9709027,0
9508033,0
9303109,1.42E-05
9503132,0
9702048,1.30E-06
9712241,0.000188676
9511110,3.34E-08
9712051,3.34E-08
9207091,0
9208016,0
9802064,2.00E-07
9410008,2.48E-05
9712016,0
9609238,0.001595931
2070,3.34E-08
9209024,0
9710064,1.67E-07
9711133,2.00E-07
9401013,0
9404113,2.31E-05
9411198,4.04E-06
9805118,1.34E-07
204091,1.00E-06
9709173,1.00E-07
212334,0
2021,0
9711053,5.49E-05
9901004,4.81E-06
9406012,0
9210038,0
9301106,1.27E-06
9307045,8.22E-06
9805161,1.67E-07
209206,0
201253,2.91E-06
9607027,3.68E-07
9501048,0
6110,2.00E-07
9204090,0
9707106,0
9910165,0
9410177,0
9606026,0
9405034,2.07E-06
9407187,3.34E-08
9302113,0
5053,2.00E-07
9406059,9.27E-05
9301103,2.16E-05
9906244,3.81E-06
9610123,0
9506150,1.03E-05
9401027,6.68E-08
9406030,0
9601159,0
9163,3.34E-08
9208067,0
9204023,0
9405125,3.34E-08
9410233,6.68E-08
9307066,0
9210143,0
3264,0
9804010,3.71E-06
9610109,0
9304133,0
5150,6.68E-08
9504047,0.00039784
9208047,0
9705241,3.34E-07
9910238,1.17E-06
9910145,2.34E-07
208221,0
9205059,0
9309158,0
1002,1.24E-06
9311007,1.70E-06
9202058,0
9401091,0
9210021,0
9906198,0.000215746
9702100,1.34E-07
204008,0
207250,0
9404015,0
9906129,1.27E-06
9411039,1.00E-07
9204046,0
9711175,2.62E-05
9204017,0
9302003,0
9904085,0.000294957
9802065,3.34E-08
9711189,6.68E-08
9303083,0
9311126,0
9407079,0
9407137,0
9707123,2.54E-06
9603013,2.00E-07
9203082,0
9612220,8.35E-07
9607129,1.27E-06
9305031,0
9207108,0
3040,0
9312132,0
7138,1.00E-07
9710169,6.03E-05
209137,0
9206066,0
9912288,3.34E-07
3189,0
9602022,3.94E-06
9503095,0
9711081,6.01E-07
9804008,0
9911222,1.00E-07
9511121,0
9508036,6.68E-08
9309125,0.000127981
9407161,6.68E-08
9505165,0
10017,3.34E-07
9502076,0
205280,4.01E-07
9601124,1.00E-07
9503078,1.36E-05
9501079,0
9307076,3.34E-08
9702088,1.00E-07
9506135,0
9303091,2.67E-07
9711138,6.68E-08
9711144,1.34E-07
9712071,0.000122233
9604025,0.000101655
9905079,0
9504158,0
9503221,0
9401043,0
9608189,6.90E-05
9309064,0
9201027,0
9501036,4.28E-05
9408064,0
9401066,0
9309065,1.21E-05
9303098,0
11159,1.34E-07
9402005,2.55E-05
9310003,0
9802100,1.00E-07
1069,0
10082,0
9712089,0
9412088,0
9507152,0
4203,0
206122,0
9803051,1.04E-05
3010,0
9303047,0
9705104,5.54E-05
9410142,0.000131536
9401115,1.24E-05
9803193,0.000104612
3242,1.00E-07
9704015,0
9605176,3.25E-05
9204050,0
9611082,0
9212030,0
9706053,4.31E-06
9408081,0
9707031,5.43E-05
9703094,8.02E-06
202023,1.00E-07
204143,0
9803263,0.000275955
9910024,0
9302114,0
9712108,0
204148,5.01E-07
9908141,9.89E-06
209249,3.34E-08
9801017,7.02E-07
9510193,1.67E-07
9205066,0
9306117,0
9302033,5.44E-05
9511106,0
1070,1.78E-05
5277,0
9205092,0
12121,0
9712055,1.52E-05
11011,2.00E-07
9307183,0
9512118,0
9309055,8.19E-06
9606181,1.08E-05
9302112,0
9505071,2.00E-07
9603097,7.25E-05
9059,3.34E-08
9910060,1.34E-06
9707079,0.000147847
9405003,0
9706031,1.34E-07
9307074,5.28E-06
9612146,9.02E-07
9303150,1.77E-06
9707117,0
9401133,0
207115,6.68E-08
9507079,0
9405110,1.21E-05
9410217,5.35E-06
9711058,6.35E-06
9705232,9.02E-06
9212019,0
9601056,3.91E-06
9607165,0
9602027,6.68E-08
9404013,4.11E-06
9907192,1.00E-07
9206084,1.51E-05
9601029,0.000361019
9308016,3.34E-08
9307174,0
9503161,8.02E-06
3279,0
9305096,3.34E-08
9207064,0
9206038,0
9208008,0
204088,6.68E-08
9205016,0
9704070,2.17E-06
9702093,2.50E-05
9803183,2.67E-06
9308037,1.30E-06
9903095,6.68E-07
9407044,1.48E-05
208114,0
9403017,0
9907177,2.41E-06
9507046,0
9305090,0
9412157,1.20E-06
9312028,0
9139,3.01E-07
9612173,2.00E-07
9212003,0
9608169,3.41E-06
9503125,0
9502048,0
9212103,3.14E-06
9407122,3.34E-08
9301078,0
9308125,0
9910156,3.34E-08
3268,4.68E-07
9509133,0
9910053,2.05E-05
9310128,0
9212078,0
203185,0
6230,1.67E-07
9201013,0
9606157,0
9310044,0
9607064,1.74E-05
9311165,0
9412084,2.67E-06
9607095,7.02E-07
9405118,0
9030,3.34E-07
9305163,2.23E-05
9507062,1.30E-06
9207012,0
9211029,0
9403009,6.68E-08
9701025,0.000162671
9705019,2.00E-07
9706079,7.90E-05
9512215,0
9302123,0
211066,0
10060,1.20E-06
9311022,6.01E-07
9209105,6.95E-06
9712173,0
9502140,4.08E-06
1206,4.68E-06
9310027,0
9308067,0
9208023,0
9605136,1.17E-05
9205073,0
9302019,0
9309047,0
9608144,4.68E-07
9409176,2.18E-05
9303043,0
8102,6.68E-08
9609085,0.000149968
9406068,1.00E-07
9409178,0
1019,1.05E-05
9505012,0
9209037,1.28E-05
9709201,3.34E-08
7254,0
9307146,0
9512115,2.00E-07
9606044,0.000116018
9207005,0
9309130,0
202062,0
9312089,0
9607170,6.68E-08
9412052,3.34E-08
9209015,0
9711002,2.00E-06
9206095,0
9311055,2.54E-06
206255,2.67E-07
9803012,2.54E-06
9503047,0
9511197,0
9611193,0
9707232,6.68E-07
9207081,0
209129,3.34E-08
9412113,1.34E-06
9508055,0
9908069,0
9805185,0
9301024,0
9209003,0
9501030,4.69E-05
9309157,0
9606147,0
9210010,0
9301013,0
9411219,0
9308074,0
9409187,0
9404104,3.34E-08
2151,6.68E-08
9701129,1.73E-05
9305148,0
206007,2.00E-07
9905196,0
9412209,4.15E-05
9202009,0
9507132,0
9912101,0
9406046,6.12E-05
3087,0
9412140,0
9505144,2.21E-05
9303017,8.52E-06
9605163,3.34E-08
9311009,3.22E-05
9312050,0
9901053,4.01E-06
9153,3.34E-08
2074,0
9203060,0
9201016,0
9204025,0
11138,1.34E-07
9609089,1.34E-07
9204093,0
9203018,0
9203059,0
9211080,0
2203,0
9211003,0
9504013,7.42E-06
9312095,4.01E-06
9312015,0
7108,0
9211063,0
9803221,3.34E-08
9203004,0
9707020,1.34E-07
9505043,5.31E-06
9710032,6.68E-08
9310084,0
9502056,0
9211071,0
9602009,4.01E-07
10232,6.68E-08
9410032,0
9701175,7.35E-07
3081,0
9612224,0.000117293
9301087,0
9405135,0
9205113,0
208088,0
9610002,1.34E-07
201125,0
9211027,0
9204071,7.12E-06
9406206,0
9207040,3.58E-06
9604083,0
9804124,6.30E-05
9805150,1.30E-06
208020,0
9612042,1.78E-05
2105,3.34E-08
9412193,0
9703123,1.60E-06
9602179,7.69E-07
9311062,0
9309086,0
9602115,6.01E-07
9410084,1.16E-05
9610035,1.34E-07
9412128,6.32E-06
9209042,0
9510195,0.000172072
9301008,0
9208024,0
9209110,0
9510077,3.11E-06
9602030,8.21E-05
9204048,0
9603154,0
9505166,0
9511080,0
9804170,0.000101313
11262,0
9602041,6.95E-06
207169,3.34E-08
9712246,0
9704168,6.68E-08
205079,6.68E-08
9407192,0
9612037,0
7191,2.11E-05
204149,0
9604128,0
9309154,8.15E-06
9708046,2.94E-06
9711003,1.17E-06
9403108,3.34E-06
208131,2.00E-07
9309140,0.000361688
9209030,0
12090,0
9307108,7.79E-06
9903116,2.67E-07
9203084,0
9209130,0
9210123,5.79E-05
9197,6.68E-08
9205090,0
9401051,0
9505059,0
9702137,3.34E-08
9606188,3.01E-07
9401104,0
9203028,0
9410046,6.68E-08
9702067,1.80E-06
9605121,7.62E-06
9707062,1.00E-07
9705137,0
9301003,0
9307106,3.64E-06
9505061,1.47E-06
9205027,0
9712244,0
9307017,2.67E-07
9307085,0
9710129,2.44E-05
9505074,2.93E-05
9201029,0
9701160,1.00E-07
9206096,0
9201007,0
9909002,0
9402073,8.86E-06
9312085,0
9607233,2.21E-05
9306142,0
9304155,1.30E-05
203258,0
9503230,0
9411061,5.21E-06
9506041,0
9706180,0
9402023,0
9211046,0
204131,0
9612051,5.41E-06
9237,1.00E-07
9612028,1.34E-06
9304141,2.14E-06
9706202,0
9512125,1.24E-06
9610106,5.41E-05
9505058,1.44E-06
9908003,0
9712050,2.67E-07
201159,0
9905167,1.00E-07
9702120,3.34E-08
9412229,2.49E-05
9805124,3.01E-07
9207018,0
10195,0
9910085,1.00E-07
9701173,4.01E-07
9701021,1.24E-06
206195,6.68E-08
9303001,0
4011,1.34E-07
9601071,3.34E-08
9305101,0
203237,0
9405136,1.67E-06
9706097,6.68E-08
9904142,0
9608137,8.19E-06
207235,1.00E-06
11052,0
203199,0
9612017,0
10074,0
9703114,1.80E-06
9705175,0.000138874
9202066,0
9206111,0
9703040,9.96E-05
9503029,7.96E-05
9206091,0
9611111,5.21E-06
9407018,2.93E-05
9404077,0
9710030,0
9505132,3.34E-08
9501002,0
9508136,0
211264,0
9905008,0
205200,1.20E-06
9501068,1.81E-05
9601009,0
9401088,6.68E-08
9207039,0
201263,0
9612126,0.000121186
9702182,0
9301026,6.68E-08
9603092,1.34E-07
9305100,3.34E-08
9706141,0
9910035,3.56E-05
9210058,0
3039,0
9201014,0
9405187,0
9511187,5.22E-05
9708055,5.09E-05
5212,0
9206010,0
9301006,0
9707008,0
9311032,0
9407019,0
9205095,0
9803019,7.52E-05
9912181,2.00E-07
9706214,0
206201,0
202076,0
9206019,0
9907013,0
9801061,4.70E-05
9804050,0
5188,0
9301010,0
9503160,0
9410054,1.04E-05
9406202,0
9503140,0
205290,2.00E-07
8186,0
3226,2.67E-07
9312069,0
9610048,0
9706015,0
9612078,1.30E-06
202095,0
9705044,2.56E-05
2154,3.01E-07
9710206,0.000613395
9301040,0
9704176,0
9705202,2.00E-07
9802112,0
208093,0
9210011,0
2009,3.34E-07
206220,6.68E-08
7095,0
9311156,5.73E-05
9711061,4.01E-07
9202039,0
205316,4.68E-07
10023,6.68E-08
9307102,0
9602052,0.000366825
9204099,0
203019,1.00E-07
9303012,0
9503001,0
3239,0
9501016,0
9701042,9.56E-05
9507090,7.82E-05
9703193,3.34E-07
8126,1.34E-07
3196,0
9910139,2.67E-07
9207086,0
9603031,5.42E-05
210221,0
9308045,0
9906135,0
9802130,4.64E-05
9705172,5.08E-06
9201072,0
9607220,2.00E-07
9202036,0
9308002,3.78E-06
9907126,0
9511164,6.69E-05
9702024,2.67E-06
3089,0
9610104,2.65E-05
205083,3.34E-08
204083,1.67E-07
9310029,1.78E-05
4182,2.00E-07
9607104,0.000166442
9411004,1.67E-07
9401020,0
9304164,1.24E-05
209134,0
9705168,6.68E-08
9403134,3.91E-06
9709229,2.00E-07
9211132,0
9508151,8.01E-05
9707184,3.85E-05
9605156,0
1102,0
9603126,0.001786955
9405076,6.68E-08
9310102,8.02E-07
4190,0
9804135,0
9404144,3.34E-08
2045,6.68E-07
9802149,0
9205117,0
9204063,0
9902040,0
9801152,2.00E-07
9710179,0
9704089,0.000482804
9803159,1.13E-05
9509003,0
9610066,3.34E-08
9702073,0
210270,0
10138,2.67E-07
9705057,3.56E-05
9503024,0
9602121,0
9707082,6.68E-08
9202069,0
9601116,1.00E-07
11072,0
205178,0
9505070,1.07E-06
9410197,0
9708121,0
9204102,0
9909014,0
3243,0
9704137,0.00010185
9410053,1.34E-06
9201028,0
11080,2.00E-07
9801008,1.60E-06
9301001,0
9212108,0
9406198,2.11E-05
9506002,0.00024367
9506050,0
9302124,3.61E-06
9402031,4.68E-05
9706091,2.35E-05
9612212,0
9206032,0
9307013,0
9501073,0
9805207,0
9704202,2.41E-06
9305156,0
9207008,0
9607124,0
9602172,0.00033666
9512210,1.02E-06
9310114,0
9410010,4.54E-06
9507173,0
9701162,1.00E-06
9605020,2.00E-07
9312210,8.15E-06
8070,0
208104,0
9305072,0
9301128,0
9211044,0
209155,6.68E-08
12062,0
1006,0
9604054,0
9307061,0
9411051,1.71E-05
9201025,0
9705163,1.00E-07
9701084,0
9408072,0
9208075,0
9510087,3.08E-05
9202051,0
9602136,7.28E-06
9908075,1.67E-06
9712206,1.85E-05
1197,1.05E-05
9707073,6.68E-08
9603086,1.35E-05
9509045,0
9505099,0
9508160,0
6012,0
9904091,0
9604146,1.00E-07
9612102,0.000106662
2219,2.34E-07
9603064,0
9412148,0
9706190,0
9706101,2.00E-07
9206093,0
9404012,0
212117,0
9411009,0
9302132,4.08E-06
205296,0
9207095,0
9308128,0
9709030,1.56E-05
9409006,0
9403133,3.41E-06
9311113,0
9401083,0
9702163,0.00019822
9411112,8.42E-06
9501121,0
9510130,1.94E-05
9304087,0
9512128,1.00E-07
9711120,3.34E-08
9604056,1.34E-07
9210046,0
9407129,0
9707221,0
9404150,0
9801019,8.02E-07
9302121,0
9403156,3.34E-07
9605115,1.34E-07
7099,1.67E-07
9203032,0
9308136,0
9612120,5.11E-06
9606061,0.000216058
9310097,0
9606015,9.89E-06
206066,0
9411195,8.02E-06
9503109,0
9507136,0
9610165,3.17E-06
9702009,3.01E-06
9208007,0
9911186,4.68E-07
9511008,0
203156,0
5181,0
9804188,1.52E-05
9504149,3.34E-08
9608161,0
9912128,1.90E-06
9401161,0
9704030,0.000447417
9604151,0
9710240,3.56E-05
9506187,0
9612248,2.25E-05
9205098,0
9404008,1.61E-05
9209045,1.03E-05
9702049,1.40E-06
9911174,0
9210047,3.21E-06
204197,0
204144,8.02E-07
9201031,0
9405049,4.18E-06
9611214,3.57E-05
9704078,0
9120,3.34E-08
9301028,3.73E-05
9710245,1.42E-05
9311029,0
7001,0
9510066,0
204089,6.38E-05
204082,1.00E-07
9306071,0
9901069,3.19E-05
9308075,4.87E-05
9912036,0.00010826
9705077,3.34E-08
9706096,2.36E-05
9307049,1.12E-05
9610077,2.00E-06
203067,0
9306031,0
9701178,1.34E-07
9506188,0
9503209,1.50E-05
9402020,0
9911014,0
9612065,8.02E-07
9903167,0
9406028,1.00E-07
205256,0
9502024,8.89E-06
9509122,0
9708039,0
9904072,0
9302044,0
9505122,1.04E-05
9310073,1.47E-06
9410241,1.34E-07
9707045,0
9611166,0
9608078,4.23E-05
9608191,0.000135655
9308110,0
205063,3.34E-08
206010,4.01E-07
9308106,7.49E-06
9710121,6.68E-08
9609044,3.34E-08
9405025,0
9606004,1.00E-07
9309104,0
2179,0
9211089,0
9706068,8.69E-07
9206031,0
206223,0
9904028,0
9503175,1.06E-05
9710178,3.73E-05
11140,0
7018,2.89E-05
9406026,0
9307163,8.12E-06
9610145,0
9407067,2.51E-06
9504027,0.000276359
9602093,2.57E-06
9302142,0
9412115,4.28E-05
9601069,1.04E-05
9410027,0
9704197,5.09E-05
9301015,1.31E-05
3160,5.35E-07
9509125,0
9803138,0.000110133
9301041,0
9403058,1.34E-05
9209107,2.13E-05
9504011,0
9506171,0
9210155,0
9405072,1.34E-06
9404039,0
203005,4.01E-07
9309137,1.37E-06
9612201,2.67E-07
9409194,0
9912162,6.01E-07
9403101,0
9606098,2.61E-06
12256,0
9803068,1.82E-05
7153,2.00E-07
9410140,8.49E-06
208217,0
9301100,0
12083,1.00E-07
9603045,3.34E-08
9211015,4.10E-05
207051,2.00E-07
5112,0
9704120,1.59E-05
9505025,2.07E-05
212339,0
9306094,0
9502102,0
9250,0
9707204,3.34E-07
9905162,4.95E-06
9712115,0.000510706
9603147,0.001295404
9710231,6.78E-05
9704198,1.90E-06
9703100,3.83E-05
9511094,0
9408082,2.00E-07
9709104,0
205070,9.02E-07
9506106,1.54E-05
9703163,0.001344597
9209005,0
207111,2.00E-07
9906174,1.34E-07
9906119,6.01E-07
9604142,9.32E-06
9710171,3.34E-08
9301124,6.68E-08
9309044,0.000140473
5259,6.68E-08
9906082,0
9210028,0
9606100,0
9601022,1.34E-07
9907048,0.000386298
9903070,0
9307115,7.35E-06
9510111,0
9704043,0.00022958
9207048,0
9710174,1.46E-05
9407130,8.02E-07
9603135,4.34E-07
9512110,1.00E-07
9312115,0
9211066,0
9611025,1.34E-07
9509007,5.61E-06
9305131,5.78E-06
9503041,3.71E-06
9709102,3.34E-08
9611203,4.77E-05
9512059,6.58E-06
12027,0
9612031,1.20E-06
9404006,1.71E-05
9304108,0
10059,4.01E-07
9503110,0
9801106,7.42E-06
9207032,0
9704016,4.68E-07
9910052,2.47E-06
7211,0
9505052,0.00019974
9303153,2.44E-06
9203013,0
9405002,1.39E-05
9408010,0
9302005,0
9201039,0
9308121,0
9301056,0
9601161,4.91E-06
9803115,0
9206069,0
9301037,0
9707240,0
8168,0
9710207,1.47E-05
9502046,0
202187,0
9411191,0
9906241,0
9302051,0
9212062,0
9702201,2.25E-05
9309127,0
9512223,5.21E-06
9511087,6.68E-07
9803227,1.34E-07
9703150,8.61E-05
9502104,6.68E-08
9905026,1.00E-07
9504061,0
9512042,0.000126469
9210003,0
9711013,3.81E-06
9802150,0.000138089
9306017,0
9509020,1.30E-05
9206089,0
9707119,3.51E-05
9803027,0
9706156,3.34E-08
9602050,1.00E-07
210215,0
9510197,2.00E-07
9211128,0
9801031,0
9207070,0
9707067,3.34E-08
9210045,0
9411227,1.63E-05
9409195,0
9601036,7.10E-05
9512216,0
9410071,3.34E-08
9706060,1.34E-06
9801039,2.47E-06
9301105,0
9801024,4.68E-07
9055,3.34E-08
9711065,0
9608142,0
207273,0
9611187,0
9205110,0
9308042,2.61E-05
7054,0
4014,0
9801073,2.54E-06
9902142,0
8003,0
204022,0
210082,0
9301089,0
5090,2.67E-07
9605191,0
9801183,1.00E-07
9603166,0
9311130,0.000219427
9307040,0
9508153,0
3147,6.68E-08
9604164,0.000200592
9603010,2.34E-07
9706150,0
9601147,0
9904193,0
10267,0
205158,0
204071,8.02E-07
9302103,1.51E-05
9611190,0.000195847
208003,0
205175,6.68E-08
9703219,5.28E-05
10223,2.00E-07
9506128,2.67E-06
9506122,0.000176667
9412050,0
9905142,0
9803155,3.34E-08
8151,0
9507171,1.15E-05
9911218,0
9409020,3.88E-06
9607110,0
3190,1.67E-07
9601059,0.000245447
9701037,2.61E-06
9912113,0
9512027,0
206181,6.68E-08
9805163,6.68E-07
9407105,0
9403143,8.82E-06
9604026,2.05E-05
9505175,0
9210099,0
9310099,0
9805067,0
9303108,0
9303039,0
9311163,3.34E-08
3074,0
9205039,0
9212104,1.29E-05
9707202,0
9307008,0
9204027,0
9409111,0
3172,0
9310019,3.28E-05
9304020,0
9205067,0
9309110,0.000106929
9701111,6.68E-08
9601176,0
9502145,0
9905013,0
9603101,5.41E-06
5249,1.67E-07
9308062,9.34E-05
9308028,0
9603030,1.80E-05
9801090,0
9402085,0
9502113,3.34E-07
9904017,2.41E-06
9208026,0
9709154,1.00E-07
9310104,0
9210125,0
9507006,0
9412009,0
9508081,0
9805052,0
9510142,0.000134221
9803055,0
9210152,0
9606169,0.000265128
204019,0
205103,1.34E-06
205038,4.01E-07
9412001,0
9701166,6.32E-06
9212086,4.14E-06
9510060,0
9501053,0
9246,1.00E-07
9503194,0
208168,0
9712186,5.35E-07
9201050,0
9306078,6.12E-06
9705099,1.47E-06
9701029,0
211039,0
1143,8.89E-06
9312092,0
9205074,0
9706110,3.41E-06
9511035,0
9610017,0
9210029,6.12E-06
9404180,3.88E-06
9704160,3.34E-08
9409043,0
9602002,3.01E-07
9502162,0
9606162,0
9910188,1.34E-07
9108,0
9303049,0
9207006,0
201056,2.67E-07
2212,6.68E-08
9304063,0
9506059,7.35E-07
9502016,0
9602082,7.25E-06
9712161,3.81E-06
8222,0
9205013,0
9312020,0
9505037,0
9312161,0
9607036,0
9210124,0
1042,3.07E-06
9902011,0.000181345
6105,3.34E-08
7078,1.34E-07
10148,4.01E-07
9503220,0
1213,4.01E-07
6005,6.68E-08
9506010,0
9901125,0
9612079,6.68E-08
9204041,0
9512204,0
9408021,0
9201065,0
9908149,0
9609060,3.34E-08
9503051,3.34E-08
9303178,0
12185,0
9805095,3.34E-07
9802158,0
9712157,2.67E-07
9509162,0
9409013,0
9706070,1.34E-07
9601106,0
3011,0
9411062,4.14E-06
9301093,0
4140,2.00E-07
9203077,0
9207061,0
9206037,0
9707126,7.67E-05
9209031,0
202126,1.47E-06
9311088,3.34E-08
9604090,3.24E-06
9406182,0
9411028,0.000180109
6094,0
9507029,0
9509161,0.001256133
9311017,1.00E-07
9208049,0
9610012,0.000208512
9609168,0
9405069,0
9601169,1.64E-06
9803231,0.000133299
9711168,7.89E-06
9410203,2.47E-05
7122,3.01E-07
9707029,2.00E-07
9308023,0
7208,0
9706007,0.000118391
9411063,1.00E-07
9609075,3.68E-06
9612059,1.80E-06
9509031,0
9211008,0
9408113,1.05E-05
9710034,0.000236658
9306009,0
9212140,0
9211137,0
9207057,0
9405097,0
9410063,2.47E-06
9201068,0
9705003,1.64E-05
9411020,5.15E-05
9805218,3.51E-06
12134,2.67E-07
9611102,0
9711019,0
9712165,0.000104055
9211118,0
9707198,0
9212022,0
9308119,2.54E-06
9210133,0
9803067,2.41E-05
9310013,1.24E-05
9301076,1.30E-06
9503058,0
8096,3.34E-08
9309052,0
9909176,2.77E-05
9210106,0
9410089,0
9703105,0
3062,2.00E-07
9303072,8.12E-06
9510209,5.64E-05
9604124,6.12E-06
9702044,0
204224,0
6239,5.01E-07
9711170,4.01E-07
9410067,0
208039,2.00E-07
9312062,0
9406008,5.33E-05
9601023,0.000174127
9709028,4.01E-07
9211047,4.26E-05
9402021,0
9311008,9.36E-07
9511222,7.07E-05
9409110,3.22E-05
9210103,0
9508075,1.67E-06
9605188,0
208155,1.00E-07
9402107,0.000565001
9608017,5.78E-05
12114,0
9902083,1.00E-07
9908092,2.00E-07
9605011,3.34E-06
9908043,1.67E-07
9606077,1.54E-05
9902094,2.00E-07
9207058,0
9608087,0
9044,1.34E-07
9507159,0
9310148,0
9908112,0
9203066,0
5021,4.01E-07
9609066,0.000271711
9505123,0.000172849
1017,6.68E-08
208176,0
9707009,3.34E-07
201142,0
9406160,0
3293,3.34E-08
9909039,1.34E-07
9412136,1.34E-06
9702050,0.000128025
9018,0
9905165,0
9611157,1.34E-07
9209075,7.82E-06
205147,1.34E-06
9205049,0
204048,0
9610162,7.35E-07
9212150,3.54E-06
9508038,1.00E-07
9207094,0
9505160,1.46E-05
9711143,6.22E-05
9204061,0
9702117,0
9407078,5.01E-06
9512129,6.76E-05
9710224,0
9207110,0
9509073,1.27E-06
9710063,3.76E-05
9604134,0.000322447
9203038,0
9210040,0
9306132,0
9707033,3.34E-07
6237,3.34E-08
9901122,3.49E-05
9209023,8.45E-06
9503133,8.82E-06
4004,2.67E-07
9206100,0
9902039,0
6208,0
9610175,3.34E-08
9510008,1.71E-05
9605099,3.34E-08
9308073,0
9701060,1.00E-07
9607224,0
9411179,1.34E-07
9204094,0
204195,0
9801184,0
9908062,0
9706159,0
9209032,0
9207111,0
210164,0
9301032,0
9307161,0
9505095,0
6227,3.22E-05
9601015,0
9208038,0
9302084,0
9703079,0
9406166,0
9612117,9.76E-05
9805010,0
9308094,0
9904004,3.34E-08
9709137,2.41E-06
9306046,0
9611200,0
9409104,2.21E-06
8098,0
9510182,5.49E-05
9306069,2.55E-05
9503086,0
9406188,0
9604038,0
6232,0
9312045,1.63E-05
9704087,0.000416174
9311056,0
9405024,0
9412205,0
4053,6.68E-06
9906194,7.11E-05
9206008,0
9911219,0
9303027,0
9704114,4.61E-05
9311081,0
9602063,0
9308114,2.57E-05
4026,0
9908132,0
9706045,0
9404003,0
211171,0
9304154,0
9903162,0
9801020,9.42E-06
9902209,6.68E-08
11250,0
9312150,2.90E-05
9906189,0
9410134,0
9709013,1.34E-06
9204035,0
11100,0
203161,0
12257,3.34E-08
9204033,0
9309067,0.000136368
9707228,7.32E-05
9307119,0
9206041,0
9712117,0.000274887
9707054,0
9609032,2.00E-07
9504029,0
9603087,1.45E-05
9204064,0
11248,6.68E-08
9703030,3.34E-08
9301114,0
9409035,1.04E-05
9906182,1.17E-06
9610006,4.01E-06
7170,1.87E-06
212123,0
9602083,1.00E-07
9602054,1.34E-07
9410091,0
9303161,0
9712100,6.68E-08
9804101,0
208058,1.34E-07
9211111,0
2256,8.89E-06
9201064,0
9906015,0
201173,1.34E-07
9612015,0.000148409
9502114,0
9203029,0
9307093,0
9711067,7.37E-06
9243,6.43E-05
9907217,3.34E-08
9311114,1.70E-06
9712113,0
9410202,1.34E-07
9507105,0
204033,4.68E-07
9206102,0
9803063,2.67E-07
9305147,0
9609048,5.35E-06
9402081,0
9802040,0
5060,3.34E-08
9707097,3.05E-05
9503143,4.61E-06
9604063,0
2054,3.51E-06
9511167,3.34E-08
201250,0
9304086,0
9607229,0.000694259
9405116,0
209114,0
9505046,7.25E-06
9409023,0
9404098,7.95E-06
2227,0
9211117,0
9805208,0
209057,6.68E-08
9210151,0
9204015,0
9605204,0
9609152,7.06E-06
5144,1.67E-07
10220,0
9610098,3.01E-07
9210105,2.94E-06
9805093,0
9204098,0
9304110,0
9306162,1.30E-06
9612237,1.34E-07
9610029,0
9805112,0.000462613
9709214,3.71E-06
9309076,0
9903047,0
3238,0
9206007,0
9508104,1.24E-06
9402151,3.34E-08
9709192,5.21E-06
9206018,0
9312189,3.13E-05
9705189,1.34E-05
206150,0
9510169,8.02E-06
9803066,0.000234255
9311092,0
9703014,1.00E-06
9510067,2.00E-06
9509035,0.000291053
9412228,7.00E-05
9206050,0
9310070,1.67E-06
9612092,0
9405164,2.00E-07
9405008,2.08E-05
9405054,0
9510099,0
10034,4.01E-07
9705007,4.14E-05
2034,1.00E-06
9405173,0
205265,0
9203012,0
9312143,8.19E-06
9510078,0
209024,0
9503069,8.09E-06
9707236,1.20E-06
9205015,1.22E-05
9301091,0
9903086,0
9306157,0
9803072,0
9901025,0
9302122,0
9704149,0
9611022,0
9305174,0
9502051,3.34E-08
9503021,5.66E-05
9912058,0
9406140,0
9712084,6.37E-05
9309026,2.56E-05
9704108,0
9610051,1.54E-06
9510068,0
9211121,0
9609010,0
9093,0
9512026,0
9605103,0
9408098,0.000178586
9606045,3.34E-07
9605107,0
204240,0
9304075,0
9304062,5.41E-05
209070,0
9605225,1.22E-05
9511060,1.60E-06
9405169,1.67E-07
9412210,0
207105,9.36E-07
2141,4.01E-07
9701182,0
9305185,0.000143352
9704031,0
9202043,0
9311094,0
9608107,8.69E-07
6001,0
9203008,0
9604007,5.73E-05
9406017,6.35E-07
11214,4.01E-07
9410019,0
9212094,0
9301045,0
9201034,0
9405162,6.39E-05
9302002,0
9303112,0
9308048,0
9612073,1.34E-06
9803128,0
9607108,0.000556714
9301049,0
9412110,1.02E-05
9208056,0
9409018,0
9805089,3.34E-08
9803116,0.000179922
209223,3.34E-08
9204086,0
9704096,3.74E-05
5242,6.01E-07
9232,0
9205102,0
9605019,1.00E-07
9407001,0.000127157
9605026,1.57E-06
9310142,0
11077,0
9704186,0.0001268
9303010,0
210020,0
9708147,0.000993721
9412167,4.82E-05
205022,3.34E-08
9412100,0
9801059,0
9405030,0
9708134,2.00E-07
9910025,3.34E-08
9509137,3.64E-06
9801042,0
9506091,0.000611323
10107,0
9512219,5.38E-05
9509041,0
9911072,6.01E-07
9189,0
9712086,0.000193879
9902199,6.68E-08
9904186,0
9401151,0
9510241,7.25E-06
9703136,6.68E-08
9609087,1.94E-05
1222,7.02E-07
9307018,0
9310031,0
9711106,4.68E-07
201131,0
9207025,0
9605088,1.34E-07
6247,2.00E-07
6089,3.34E-08
9711026,0
9205045,0
9801198,0
9201037,0
9706082,2.86E-05
9203058,0
206130,2.00E-07
9503027,3.00E-05
9203042,0
9403066,3.01E-07
9801168,0
9408005,3.29E-05
9606049,0.000110271
9710192,1.20E-06
4164,0
9312159,0
9312133,0
9612242,6.68E-08
9704212,0
9309085,3.23E-05
9603029,0
9711037,2.20E-05
9608147,5.48E-06
9708081,1.00E-07
9710116,5.01E-07
9904045,2.47E-06
205181,0
9508035,0
9710137,1.27E-06
9507076,0
9912158,0
9206059,0
9207096,0
9309039,0
9801038,0.000459915
206168,0
9307147,5.61E-06
9803214,4.84E-05
9802091,7.42E-06
9909124,1.20E-06
9605128,2.67E-07
9406037,0
9702085,6.68E-08
9912140,1.24E-06
9203003,0
9203040,0
9805008,3.34E-08
12057,4.01E-07
6051,0.000171421
9305004,0
9507158,8.39E-05
9511221,3.34E-07
9404118,0
9709040,1.00E-07
9409143,0
9512117,1.70E-06
9803164,0
9205068,0
9211070,1.82E-05
9311089,2.14E-06
212336,0
9211054,4.04E-06
9707016,1.24E-06
9706207,2.81E-06
9503045,2.21E-05
9608006,1.00E-07
9212050,0
9301123,0
9203067,0
9306005,0
207137,0
7148,2.00E-07
9307117,0
9503145,0
9406047,0
9310004,0
208201,0
7033,0
9202078,0
9207019,0
207276,0
9202087,0
9706061,1.00E-07
9704213,4.01E-06
2008,3.81E-06
9407131,2.34E-06
9504125,0
3050,3.71E-06
9605152,1.44E-05
9207089,0
9306008,0
9802039,3.52E-05
9505030,2.00E-07
9605048,0
210312,0
9711047,4.81E-06
6192,3.34E-08
9406155,1.90E-06
12080,6.68E-07
9204031,0
9201066,0
9306137,0
9801167,0
9509070,5.81E-06
9612140,0
9205041,0
9609053,1.40E-06
9911020,0
9904084,1.00E-07
9201078,0
9611138,1.67E-07
9702202,7.35E-07
1114,3.34E-08
9504082,0
9411092,0
9610191,1.07E-05
9408100,2.07E-06
9506038,0
4059,1.00E-07
9506209,0
9804019,9.31E-05
9805178,0
9210009,0
9407036,0
9407139,0
1024,0
201140,0
9302035,0
9911207,1.00E-07
9511176,1.34E-07
9210062,0
9908025,0
9603054,0
9608159,0
9605186,0
9410052,2.34E-06
1164,2.67E-07
9307123,1.66E-05
9312090,0
9703126,6.62E-06
9403179,2.64E-06
2038,1.67E-07
9709034,2.03E-05
203190,2.67E-07
9409009,3.34E-05
9608103,0
9611114,0
9211079,0
9410087,3.34E-08
9407093,0
201080,0
9505126,0
9704150,6.68E-08
9207014,0
9803187,0
9712226,0
9306037,6.22E-05
9606046,0
9707158,6.01E-05
9702107,0.000193709
9306039,6.18E-06
9508150,6.35E-07
9206034,0
9206042,0
9305071,0
9311037,0
9401160,0
9406092,0
9312013,8.22E-06
9205055,0
4032,7.35E-07
9503184,0
8107,1.20E-05
10159,0
9306036,0
9407099,0.000115263
9601177,0.000531418
9511201,2.34E-07
9510192,0
9710004,2.81E-06
9508112,0
9210053,0
9602024,0
9710186,2.67E-07
9312204,3.01E-07
9612121,0.000248326
9406213,3.88E-05
9610200,3.04E-05
9910086,1.27E-06
9410029,0
7032,4.01E-07
9206029,0
202111,4.68E-07
8061,0
9204019,0
4018,0
9505105,5.10E-05
9306023,0
9702028,1.40E-06
9309012,6.68E-08
9707243,1.47E-05
9306150,0
12021,0
9907129,1.17E-06
9208039,0
209132,0
9704194,1.31E-05
9506011,0.000566131
9704088,6.68E-08
209234,0
9803181,0
9503016,0.000167043
9208052,0
9912066,4.11E-06
9206044,0
9606143,8.47E-05
9404055,0
2244,7.71E-05
9302086,1.29E-05
2197,0
9903134,0.000121097
9712101,0
8171,3.34E-07
9202047,0
2173,2.00E-07
9505093,2.72E-05
9409135,0
9510135,0.000329375
9511169,0
9403067,0
9201059,0
9510062,6.68E-08
201255,1.34E-07
9410187,7.35E-06
9304098,0
9203083,0
9802119,1.00E-07
3163,0
9605067,2.04E-06
9512099,0
9311090,3.34E-08
9207062,0
9505080,0
9801005,0
9212151,0
9510225,0.000130378
9403099,0
9208055,1.31E-05
205187,1.20E-06
9707129,1.00E-07
9410095,0
9711073,7.42E-06
9805104,0.000125522
9610088,3.34E-08
9505047,1.40E-06
9405023,2.94E-06
9707118,1.22E-05
9304146,0
9609175,4.11E-06
9508103,2.61E-06
204107,6.68E-08
9304068,8.49E-06
9301051,0
9703072,8.36E-05
9201049,0
9902069,0
9212083,0
9605171,2.34E-07
9182,1.34E-07
9706066,7.62E-06
207106,6.68E-08
9802016,0
9407153,0
1124,2.00E-07
9701051,0
9705131,6.10E-05
9206002,0
9802051,0.000295251
9710177,3.34E-07
9711183,0
9912268,0
9609105,1.50E-06
9310167,0
9306044,0
9804027,7.42E-06
9303074,0
9302136,0
9707214,1.42E-05
9310024,1.00E-07
9507050,0.000243464
9906219,3.34E-07
9205008,0
210138,0
9304125,1.98E-05
9508155,0.001336998
9401012,1.67E-07
9802042,0.000122334
9302110,3.37E-06
9709099,3.19E-05
9407057,0
9706211,6.68E-08
9612084,6.01E-07
9206113,0
9407118,0.000147481
9705158,3.34E-07
9210117,0
202186,2.00E-07
9912137,0
9405159,0
209166,2.34E-07
9903012,1.67E-07
9212129,0
9302107,0
9210066,0
9303148,0
9711075,3.34E-08
9210147,0
9503152,0
9162,0
203085,3.34E-08
9212105,0
9307116,3.74E-06
9711016,1.00E-07
9907154,1.60E-05
212043,0
9804083,0.000721252
9608089,1.60E-06
9908142,2.41E-05
9507060,5.05E-06
9406082,3.34E-08
9802190,4.81E-06
9403084,0
9706107,0
9706189,0
9512013,3.11E-06
9202045,0
9508108,0
9209029,0
9408164,4.41E-06
9507115,9.29E-05
9204100,0
9701125,5.50E-05
7023,2.67E-07
9212060,0
9303143,0
9210162,0
9711057,0
9510216,1.20E-05
9802047,2.57E-06
9408060,1.63E-05
9909052,0
9306068,0
9803053,0
9603188,0.000161919
9611182,0
3270,0
202077,6.68E-08
9204085,0
9602168,3.34E-08
9511130,7.82E-06
9508051,0
9404181,0
9209013,0
9205052,0
9304092,0
9603139,2.67E-07
9605157,6.98E-06
9612206,0
9707159,2.34E-07
9202061,0
9202002,0
9506065,3.34E-08
9302010,0
2043,2.00E-07
2206,0
9804150,0
9202003,0
8033,3.01E-07
9401003,0
209195,0
8175,0
5273,2.67E-07
9205012,0
9604165,4.95E-06
9512002,0
9301080,0
9704013,4.72E-05
9402044,0
9212154,0
9208029,0
208170,0
9202054,0
9404063,1.70E-05
9501049,0
9611213,9.92E-06
9701140,0.000106623
9207053,0
9405011,4.91E-06
9410101,0
9309112,0
9902038,0
9605009,0.001115374
9701033,0
203039,0
9205005,0
9410115,0
9302076,0
9209062,0
9805101,1.34E-07
9907207,0
9408132,0
10190,1.40E-06
9303078,3.34E-08
9504157,6.68E-08
9208032,0
9206051,0
6163,4.01E-07
9408057,0
9510147,6.62E-06
9502151,0
201007,3.34E-08
9908115,0
9510210,4.81E-06
9508176,6.68E-08
9605220,5.08E-06
8017,0
9512030,2.09E-05
1185,6.68E-08
9209116,2.78E-05
9911022,5.01E-07
9606109,1.34E-07
9208003,0
9504105,1.40E-06
9410059,0
9512033,0
2136,1.34E-06
10131,0
9706139,0
9407111,7.52E-06
9610189,0
9204080,0
211151,0
9205043,0
9605206,3.34E-08
9511122,0
9309142,2.24E-06
9706198,6.68E-08
9905100,1.00E-07
3001,6.68E-08
9303133,0
9701010,2.00E-07
9508068,6.85E-05
5280,1.83E-05
9804053,0
9205001,0
6147,0
9803142,1.14E-06
205119,3.01E-07
9310170,0.000242529
9205056,0
9203047,0
9303061,0
202203,0
9904139,0
9701142,1.70E-06
9401076,0
9209122,1.46E-05
9801206,4.02E-05
8236,0
9311157,2.13E-05
207199,1.34E-07
9609043,5.27E-05
9712109,3.71E-06
9307027,8.15E-06
9905057,0
3192,2.00E-07
9205070,0
9911211,6.68E-08
9709187,3.34E-08
9905221,0
9402015,0
9907143,3.01E-07
4163,7.02E-07
9310130,0
9411064,0
11183,1.34E-07
5083,3.34E-07
204188,0
9709140,0
9309107,7.54E-05
9911068,0
9603075,6.42E-05
9504026,0
9910080,2.67E-06
207149,4.01E-07
9211038,0
9909076,1.27E-06
9706072,9.19E-05
9312173,0
9602001,1.09E-05
9202032,0
9201033,0
9410206,7.25E-06
9601097,4.60E-05
9801157,4.75E-05
9508137,0
9508145,0
9406078,0
6006,0
9506080,0
9202074,0
9312048,3.34E-08
9301101,0
9403007,0
9403063,0
206196,2.67E-07
11170,0
9911033,0
9206114,0
9406180,1.34E-06
9503094,0
9211045,0
9802055,0
201218,0
9712111,5.01E-07
9703196,0.000887208
11280,0
9701002,0
204251,0
212125,0
9705033,0
9401163,0
9207071,0
9311181,2.27E-05
202204,0
9310067,1.04E-05
9309074,0
9404116,0
9608003,5.08E-06
9902024,2.67E-07
9303102,0
9612197,0
9412236,0.000553539
204034,0
9611001,0
9711200,0.000362321
9505149,0
9512114,0
9509136,6.68E-08
9701161,0
9205089,0
9904096,9.02E-07
9311096,0
9605006,2.77E-06
9405029,2.94E-05
9205058,0
208029,4.01E-07
6078,0
9308006,0
9512111,1.34E-06
9502097,0
9508099,1.07E-05
9903050,5.21E-06
9903258,0
9704161,2.54E-06
9508058,7.99E-06
9308046,0
9306084,0
9401123,0
9905025,3.34E-08
9602017,1.67E-06
9501081,0
202060,3.34E-08
208048,0
9406069,3.37E-05
3143,0
9201030,0
9502025,0
9902047,0
9204083,0
203030,8.11E-05
9511105,0
9910176,0
9401137,3.34E-08
8190,0
9511071,7.32E-05
9712214,2.54E-06
9307007,0
9409169,6.01E-07
9501119,0
9505089,3.34E-08
9707090,0
9308066,4.68E-06
9505086,1.00E-07
9301085,0
9801185,0
9205082,0
209034,3.01E-07
9303123,0
9309091,0
9304003,0
9507080,0
9302116,3.91E-06
9310038,0
9102,0
9405009,5.81E-06
3274,0
9610113,2.34E-07
9303125,0
9610027,0
9312096,0
9712085,0.000138206
9911253,2.47E-06
9212114,3.34E-08
9605119,2.04E-06
9303145,0
9209072,0
9307030,0
210125,0
9506147,1.70E-06
9310093,0
9804168,0
9310144,1.35E-05
9407168,0
9206046,0
9202033,0
9205007,0
202106,3.34E-07
9510017,0.000729362
9510101,0.001252925
9902018,0
9411019,0
9310042,7.95E-06
9904131,0
9606125,0
9504085,4.31E-06
9508084,3.34E-08
9601125,0
9210060,0
1103,2.34E-06
9411053,1.38E-05
9304083,1.37E-06
9709103,6.68E-08
9404087,0
9507148,0
9301052,0
9204075,0
9209018,0
9702121,0
9603044,4.21E-06
9303144,0
9512070,0
9503102,0
9508021,0.000561651
9707150,4.01E-07
9201026,0
9407007,0
9205081,0
212254,0
9301095,0
9411142,1.67E-07
5191,0
207089,5.35E-07
9707110,1.57E-06
3064,0
10132,0
9907197,0
206006,1.00E-06
9209028,0
9702006,4.69E-05
9403074,0
9312200,0
9603056,1.80E-06
9601043,6.25E-05
9211090,0
9209048,0
9310185,0
12072,4.68E-07
9404107,1.00E-07
9612091,0
9511031,0
9910037,6.68E-08
9703188,6.68E-08
9405107,0
9203016,0
9405019,0
9510140,0
9609203,5.35E-07
205002,2.00E-07
9506064,1.52E-05
7230,0
9610080,0
9210054,0
9608048,0
9608106,0
201199,0
9612168,7.04E-05
9907180,0
9306155,0
9803208,0
9506206,2.31E-06
9706041,2.67E-07
9409089,7.28E-06
9705219,1.34E-07
9602029,6.68E-08
9014,1.34E-07
6243,0
9206045,0
9403121,5.61E-05
1023,0
9304037,0
9204028,0
9304140,0
9306153,2.97E-05
9309150,0
2057,3.51E-06
9904055,0
9505127,2.61E-06
9407182,1.64E-06
9906072,0
9505084,0
9805200,4.21E-05
9711156,1.34E-07
9211139,0
207002,1.00E-07
9704210,0
9501101,4.31E-06
9709039,2.67E-07
9601040,1.26E-05
202085,0
9302074,0
9307168,0
9707064,1.27E-06
9602113,0
9512074,2.00E-07
9605159,5.18E-06
9402091,0
9212047,0
9410174,1.34E-07
9804140,0
9411149,0.00013661
9805179,6.95E-05
4137,8.44E-05
9602156,5.64E-05
9303167,0
9411095,6.72E-05
9304029,1.64E-06
9205031,0
9404171,4.14E-06
9407051,0
9705192,1.34E-06
9406118,3.34E-08
9402156,4.81E-06
1108,3.34E-08
9612118,1.20E-05
9209047,0
9401139,0.00090682
9210142,0
9705051,0
9602176,5.91E-06
9712253,0.000698391
9802185,7.95E-05
9502041,4.11E-06
9607114,6.68E-07
9712257,3.46E-05
9304065,2.11E-06
9308102,6.08E-06
9308151,0
9208009,0
3285,6.68E-08
9305014,0
9610241,2.00E-07
9910028,2.34E-07
9206054,0
9711157,8.02E-07
9410221,0
9602064,7.28E-06
9612093,1.65E-05
9901119,8.65E-06
9708023,1.34E-07
9301083,6.04E-05
9707222,2.16E-05
9205046,0
9407081,0
9712090,1.78E-05
209100,0
2060,2.81E-06
9312004,0
9310002,1.65E-05
9403141,3.91E-06
9704188,0
208056,0
9408039,1.48E-05
9216,0
11113,0
9612228,1.34E-07
9411140,0
9912216,3.34E-08
9906107,0
9407109,4.23E-05
9509047,3.34E-08
206237,4.01E-07
9605127,1.34E-06
9902173,4.81E-06
9703201,0.000389506
9702114,1.34E-07
9306122,1.51E-05
9403001,0
9302061,0
9711149,0
9805023,0
9607011,1.55E-05
9706219,0
9408074,0.000590162
9206033,0
9607123,6.42E-06
9701069,6.94E-05
9504154,0
9210049,0
9307194,1.48E-05
9609166,6.01E-06
9903088,2.34E-07
206029,5.01E-07
3158,0.000250314
9210037,0
9301042,0
9712171,2.25E-05
9512036,2.67E-07
9705117,0.000205973
9606174,2.00E-07
9507092,0
8001,2.92E-05
9307057,0
9802162,4.68E-06
9509077,7.89E-06
9210007,0
9907200,2.61E-06
9408135,2.67E-06
9707241,0.000187427
9201024,0
9510220,0
9702194,2.92E-05
9502072,0.000286587
9303166,0
9210094,0
9210002,0
209051,1.67E-07
9210042,0
9407031,1.66E-05
9803023,0.000217272
9502002,0
9212102,0
9310043,0
9501031,0
9611034,0
9303151,0
9305153,0
9208059,0
9173,8.44E-05
3203,4.01E-07
9511104,0
9903091,0
9602005,3.69E-05
9612164,0.000229752
205155,2.00E-07
9508091,0
9610128,0
9803223,2.00E-07
9912099,6.68E-08
9712144,0
9304022,0
9707120,2.51E-05
9302139,0
9609228,3.34E-08
9601002,0
203195,0
6057,8.57E-05
9802071,4.01E-07
9303139,0
9411137,0
9205014,1.24E-05
9802088,0
9506176,0
3174,6.68E-08
9706194,1.96E-05
11276,0
9612143,6.63E-05
9411105,6.68E-08
9711176,0
9512003,0
9403080,0
9904038,0
9712065,6.68E-08
9909103,2.47E-06
9607060,6.93E-05
9705014,3.81E-06
9307190,8.34E-06
9405157,2.34E-07
7030,0
9604149,0
9307118,0
9209066,0
9612157,0.000205961
1221,3.34E-08
202012,0
9409048,0
10117,4.01E-07
9511030,0.000120863
9608192,1.57E-06
9704172,7.02E-06
9402114,4.28E-05
9407027,8.05E-06
9611150,1.40E-06
212346,0
9412133,0
9303020,4.44E-06
9212115,0
9307165,0
9171,4.01E-07
5071,3.34E-08
9608038,0
9601178,3.34E-08
11197,0
9411025,3.74E-06
9203045,0
9602089,1.57E-06
9710006,3.34E-08
9202089,0
9711113,0.00033167
9604077,7.38E-06
9612207,3.52E-05
9506037,1.47E-05
9911188,0
9506113,6.68E-08
9606144,1.44E-05
9302060,0
9404192,1.97E-05
9304095,0
9207042,0
9305066,2.16E-05
9211018,0
9605040,0
9702147,0
9303159,0.000233328
9610150,0
205274,0
9410133,0
9210025,0
11240,0
9502094,3.01E-05
9303044,1.25E-05
9508025,0
9912265,0
201242,0
9802066,0
9706025,2.61E-06
12228,0
9802120,0
9210026,0
9204060,0
9205018,0
9606101,2.77E-05
9701001,0
9201005,0
9202062,0
9412130,0
9903205,1.61E-05
9510206,6.68E-08
9905146,1.00E-07
9204007,0
9610132,0
9503046,0
210019,0
211071,0
9701076,6.01E-07
9401145,2.67E-07
9709216,0
9507147,0
9402084,0
9609113,3.53E-05
9212121,0
9608183,7.52E-06
9703029,2.37E-05
9201048,0
9208035,1.51E-05
5026,6.68E-07
9610156,8.15E-06
9308116,0
9306054,0
9708102,1.00E-07
205220,0
204203,0
9607051,0.000556237
9905015,1.20E-06
9404032,0
9611006,0
9708097,0
203081,0
9803028,1.44E-05
1155,0
9607054,1.30E-06
9911100,0
9606093,0.001276592
9901126,0
9611050,0.000633513
9306051,0
9506029,0
203092,1.34E-07
3283,3.34E-08
9610167,5.08E-06
9407102,0
9201017,0
9610014,5.01E-07
9302090,0
9512184,6.42E-05
9509101,7.63E-05
9207105,0
9308137,0
9910220,0
9303103,0
9508139,6.71E-05
9505039,8.15E-06
9207051,0
2167,0.000168747
9209040,0
9803173,5.01E-07
9401025,8.45E-06
9412166,5.61E-06
9801207,1.70E-06
9701078,2.67E-07
3013,6.68E-08
9506145,0
9409117,0
9612005,6.09E-05
9707261,2.00E-07
9303058,0
9210071,0
9311011,0
208185,0
9410037,0
9211122,0
205221,5.35E-07
9611003,6.68E-08
9511015,0
3179,3.34E-08
9912037,0
9712194,0
9412187,6.62E-06
9404050,1.74E-05
9504028,0
9705034,6.68E-07
203048,0
9305067,2.67E-07
9610172,0.000545386
9709151,0
9903251,6.68E-08
9603178,4.01E-07
9905223,0
9703204,5.50E-05
9309014,1.37E-06
9411090,0
9802023,1.30E-05
2188,3.34E-08
8133,0
9307054,3.74E-06
9221,0
9705156,3.01E-07
9603106,0.000285634
9805044,2.00E-07
9406203,6.05E-05
9907080,0
6184,0
9612053,2.00E-07
9308052,8.94E-05
9203074,0
9204044,0
207033,2.00E-07
9607203,2.21E-06
9712036,6.68E-08
9307182,0
1082,2.41E-06
9901121,0
9403109,6.68E-08
9610149,3.01E-07
9309145,8.89E-06
9303030,3.64E-06
9406148,0
9407056,1.34E-06
9401059,3.34E-07
7197,0
9403178,1.34E-07
207138,3.34E-08
9207072,0
9410016,2.67E-06
9501052,0
9205101,0
9403168,0
9612178,5.21E-06
9505174,8.15E-06
9404112,0
9611116,0
5122,6.01E-07
9404185,1.57E-06
9309015,0
9512139,1.21E-05
9233,0
9803184,6.68E-08
9507104,0
9410150,0
9608009,6.68E-08
9407088,0
9711055,0.000596629
9309133,0
3221,5.35E-07
9910256,0
9206047,0
9609139,3.01E-07
9604013,3.48E-06
9706085,0
9405171,0
9307055,0
9608029,0
9710046,0
9201040,0
9802007,1.36E-05
7187,0
9608102,0
5233,0
9805159,0
9312008,0
9709080,3.16E-05
9907216,0
9406094,0
9712202,4.95E-06
9310101,6.93E-05
9306010,3.34E-06
9804197,2.00E-07
9212065,0
9607234,3.01E-07
207073,0
9302133,0
9406070,0
9511046,8.09E-06
9404085,0
204190,1.00E-07
9212110,0
4049,6.68E-07
9506077,4.14E-06
9403186,1.69E-05
9402039,0
9202035,0
12177,0
9506204,0
12002,3.34E-07
9502082,0
9406217,0
9905201,1.00E-07
9205037,0
9602066,0
9609219,0.000203508
9711044,6.68E-07
9503010,0
9701102,0
209150,0
205036,0
9601034,2.41E-06
9604094,1.30E-06
9503114,3.11E-05
9212148,0
9202075,0
9803087,6.35E-07
9602049,3.64E-05
9510156,9.52E-06
9703139,1.67E-07
9504114,3.17E-06
9608050,6.68E-08
9801062,2.67E-07
9602174,0.00024675
9609123,1.00E-07
9804021,0
9206028,0
9704156,2.00E-06
202056,1.34E-07
9610243,9.82E-06
9604008,0
9710149,0
9307109,1.00E-07
9510011,0
9711146,0
9305057,0
9510083,0
9301079,0
9402004,1.93E-05
9311147,3.74E-06
9401148,1.32E-05
202201,3.34E-08
9611092,4.71E-06
9602096,2.81E-06
9505068,5.99E-05
6248,3.34E-08
9403111,0
10172,4.01E-07
9801151,1.81E-05
9312198,1.34E-07
7178,3.34E-08
9204011,0
9710101,2.99E-05
9608148,1.64E-05
9201011,0
9703213,0
9803038,3.23E-05
205040,0
9310040,2.61E-06
9605105,4.68E-06
9307067,0
9909140,1.67E-07
9208068,1.00E-07
9608070,0
9208005,0
9409029,0
9503022,0.000121103
9802049,6.35E-06
9411081,1.34E-07
9409080,0
209102,3.34E-08
9711167,3.34E-08
206159,0
9708064,9.70E-05
9906004,0
9602069,3.34E-08
9207015,0
9236,0
9705062,1.34E-06
9605086,2.07E-06
9403119,1.24E-05
9207079,0
210097,0
9906177,0
9706158,5.73E-05
9304014,0
210084,0
9312215,1.37E-06
9711084,0
9704057,0.000156183
205195,0
9701179,6.68E-08
9509098,0
9805214,0
9609041,0.000284676
205191,8.02E-07
9611158,0
9706103,3.01E-07
9706090,3.34E-07
9205087,0
9511208,1.67E-07
9211108,0
9409093,3.34E-06
205301,3.34E-07
9612219,4.41E-06
9906123,0
9802109,0
5120,1.34E-07
9202092,0
9710022,1.67E-07
9706179,5.35E-07
9609126,6.68E-07
11227,0
10177,5.35E-07
9703071,1.67E-07
9203057,0
9411134,3.21E-06
1033,1.24E-06
9710157,0
9208072,0
9512161,4.04E-06
9208060,0
9712058,0
9203030,0
9405089,1.37E-06
9312101,0
9501087,0
9311057,0
9402123,0
9410201,2.67E-07
9211040,6.04E-05
9705231,0
9512073,3.17E-05
9510208,2.61E-05
9908101,1.44E-05
9406125,5.41E-06
9204072,0
9210064,0
7025,0
9306041,5.17E-05
9507139,0
9704059,5.80E-05
9505073,8.88E-05
9205069,0
9412124,1.77E-06
9912238,0
9710069,3.34E-07
9304017,0
9303038,0
9410193,0
11049,0
9504148,4.06E-05
9705038,3.01E-07
9606025,7.75E-06
9702106,7.22E-06
9206061,0
7176,3.34E-08
202198,0
9609003,2.21E-05
9512201,0
9410237,0
9907031,0
204086,0
9205071,0
9202072,0
9904109,0
9610013,0
9702112,0
9708054,1.67E-07
9805069,0
9203039,0
9903033,1.68E-05
8159,0
9512065,6.95E-06
4051,3.34E-08
9412182,0
9605111,0
9501020,4.01E-06
9241,0
9404106,3.34E-08
9610182,7.35E-07
9702075,1.31E-05
9211083,0
9606003,1.00E-07
9209076,0
9407010,0
210311,0
9501097,0
9603062,1.20E-06
9610240,0
205184,1.07E-06
9702096,0
208091,0
9706132,1.67E-07
9512172,0
202147,0
2062,0
9706166,0
9309060,0
9602173,3.34E-08
9309106,0
204166,2.00E-07
9507047,1.30E-06
9705162,2.09E-05
9206026,0
9603202,0
9609216,0
9804058,0.000225512
9701023,1.26E-05
9206020,0
4196,1.67E-07
9210052,0
9606194,8.02E-06
9204003,0
9309105,1.03E-05
202043,0.000101081
9606078,0
9302078,0
9901036,0
9311117,0
9304005,0
209226,0
9412061,1.21E-05
11097,0
5210,6.68E-08
9702135,0
206211,0
9602103,3.34E-08
9711127,5.20E-05
9801193,2.34E-07
9412184,8.55E-05
2027,1.67E-07
9501100,0
9305139,0
9801182,6.71E-05
9909106,0
8181,0
9606082,0.000271575
9205107,0
9401153,2.61E-06
9606130,5.48E-05
9711041,0
9703110,0.000317468
9704109,3.48E-06
9510121,0
9310081,0
9211057,0
9508052,0
9612150,0
9202015,0
9311060,0
9911001,6.01E-07
9503101,0
9206103,0
9602070,0.000994107
6238,4.68E-07
9408095,0
9503099,8.96E-05
9202070,0
9802180,0
212107,0
9703182,2.00E-07
9208018,0
9601011,0.00037494
9905127,0.000301056
9210121,2.72E-05
9410065,1.80E-06
3299,6.68E-08
9411124,3.54E-06
9210158,0
4048,0
9712220,2.35E-05
9308152,0
201046,8.02E-07
9208078,0
9410070,0
9410112,0
9209060,0
9301036,0
204215,0
9908105,4.95E-06
9406131,6.68E-08
9204069,0
9601131,3.34E-08
9908090,2.67E-07
9210098,0
3056,2.67E-07
8121,0
9608101,0
9707131,3.37E-05
9712124,3.34E-08
9311059,0
9306002,5.21E-06
9212051,0
9409182,0
206229,3.34E-07
9710219,1.40E-06
9911107,1.60E-05
9209065,0
9308091,0
1096,0
9306131,0
9610091,5.75E-06
12189,3.34E-08
201187,3.34E-07
9709077,2.67E-07
207272,1.00E-07
209086,6.68E-08
208118,3.34E-07
9607085,0
12143,0
9409044,0
9706056,1.30E-06
9209059,0
7195,6.68E-07
9210050,4.09E-05
9410167,0.000313542
9505102,0
9204049,0
9307003,0
9709100,5.26E-05
9412233,0
9904181,1.80E-06
9207041,0
9804164,1.32E-05
9602078,0
9409119,2.00E-07
9605059,0.001294001
9506026,0
9712174,1.30E-06
9202040,0
8105,0
9612244,3.34E-08
9702023,0
9707087,6.79E-05
8043,0
9705199,0.000254079
9412074,1.87E-05
9412097,0
9512041,0
207217,6.68E-07
9605209,6.27E-05
9612068,6.68E-08
9603021,0
205051,6.68E-08
9307145,1.07E-05
9301034,0
9402113,0
1215,1.24E-06
9506111,3.68E-07
9705221,0.000163637
9705183,5.01E-07
7247,0
9404172,7.38E-06
9601027,1.34E-07
9601078,2.01E-05
9304122,0
9305028,0
9211104,0
201127,6.68E-08
9603065,0
9302032,1.05E-05
202022,1.00E-07
9709142,0
9402121,0
9142,9.36E-07
9503116,0
6036,0
9611207,5.08E-05
9602053,0
9503234,0
204016,0
9610242,1.21E-05
9609182,1.30E-06
9903196,1.24E-06
9906184,0
9607053,0
9909101,2.47E-06
9202065,0
9209074,0
9711029,0
9609231,0
9302008,0
9501056,6.12E-06
9412092,2.00E-06
9701101,6.45E-05
9205064,0
9603012,4.08E-06
9408077,2.00E-07
9509079,0
9408029,0.000161162
9211103,0
9910159,0
1040,3.34E-08
9608058,0
9703176,2.61E-05
2063,3.34E-08
9206001,0
202001,0
9701022,1.00E-07
9702127,0
9203050,0
9902124,0
9201010,0
9702043,0.000178973
2022,1.00E-07
9410123,0
9611072,2.51E-05
9411024,1.48E-05
9712256,0
9403192,2.54E-05
9612080,5.01E-06
9510106,8.16E-05
9207080,0
9902052,0
9303041,2.11E-06
9304121,0
9710109,6.68E-08
9911067,0
203248,0
9510089,0
9405103,0
3061,1.67E-07
9206090,0
9201004,0
9708076,2.74E-06
9804180,0
9712056,2.43E-05
9403042,3.01E-07
9210140,0
9412159,7.32E-05
9210022,0
9311072,1.35E-05
11196,0
9304142,0
9303174,1.34E-07
9605166,0
9412169,0
9205009,0
9308060,6.42E-06
210061,0
9202007,0
9407023,8.58E-05
9502070,2.67E-07
9209101,0
9406042,0
9311170,0
9202,0
9202011,0
9210119,0.000312801
9402002,4.11E-06
10253,1.34E-07
9303130,0
209025,0
9711188,0
9804001,8.65E-06
207091,3.34E-08
9301115,0
9206081,0
9510091,0
9401159,0
9310110,0
9607198,1.34E-07
9505117,1.34E-07
9612104,1.00E-07
9902033,1.27E-06
9310083,0
9503212,8.51E-05
9712134,1.34E-07
9803113,6.68E-08
9205100,0
9503014,1.04E-05
9907122,0
9912160,0
9406057,0
209160,0
9705139,8.74E-06
9207027,0
9504010,0.000233378
9511138,0
9310026,0.000127312
9204045,0
9503126,0
9606137,0
9402098,0
9610204,0.000111641
9302088,0
9309131,0
9904015,0
9704080,7.12E-05
8241,1.00E-06
9512086,8.05E-06
9303101,4.11E-06
9307104,0
9705132,5.01E-06
9609218,0
9612083,1.95E-05
9708116,3.38E-05
9803139,0
9612018,6.01E-07
9901109,1.24E-06
9607032,0.000617563
9705106,7.75E-06
206107,1.17E-06
5089,1.00E-07
205029,0
9507121,4.13E-05
9507143,8.28E-05
9702086,9.64E-05
