Id,eigenvector_centrality
9208010,2.79E-34
9903044,2.79E-34
9709139,1.34E-20
11095,1.12E-30
9702109,6.57E-05
3208,2.51E-32
9704142,2.51E-32
9205006,2.51E-32
8036,1.12E-30
9603204,2.21E-30
9505162,1.88E-19
9406020,6.57E-29
9202026,2.79E-34
9309041,1.14E-30
9610183,2.79E-34
9511151,2.79E-34
10168,2.79E-34
9407087,2.33E-25
9206075,2.79E-34
9205105,2.79E-34
9601092,2.79E-34
9309050,1.19E-30
9502130,2.79E-34
9409098,1.14E-30
9512144,1.12E-30
9704148,1.12E-30
9601020,2.51E-32
9310022,2.51E-32
9504118,2.79E-34
9307120,2.79E-34
205209,2.22E-23
9601090,2.79E-34
9412010,2.51E-32
9302055,2.51E-32
9205111,2.79E-34
9310118,2.51E-32
9610144,2.33E-16
9709087,2.05E-09
9702195,1.32E-28
9409113,2.51E-32
9512020,2.79E-34
9306035,2.51E-32
9511129,2.79E-34
9911175,2.51E-32
9703010,2.51E-32
9904016,3.31E-30
9310106,2.79E-34
9410103,2.79E-34
9701012,2.51E-32
9911030,2.79E-34
9904202,5.00E-32
9707044,3.28E-05
9612128,7.47E-28
9305012,2.79E-34
9707121,2.79E-34
9511070,2.79E-34
9212149,2.79E-34
9604034,3.28E-05
9709228,1.99E-25
9603142,1.45E-17
9306080,2.51E-32
9601028,2.79E-34
6178,3.29E-13
9704054,1.15E-19
9211052,2.79E-34
6108,6.46E-29
9606013,2.79E-34
207179,2.79E-34
8135,3.33E-30
9305052,2.79E-34
9602074,2.65E-21
9702104,2.79E-34
9907001,2.79E-34
208072,6.57E-29
9511065,2.93E-22
9310032,2.79E-34
9605004,2.79E-34
9303160,2.79E-34
9306118,2.79E-34
9804205,3.31E-30
9510221,2.79E-34
9408165,2.51E-32
9612025,2.51E-32
202032,2.79E-34
9511037,1.14E-30
9304035,2.79E-34
9906069,2.79E-34
9504117,2.79E-34
9408025,2.79E-34
3112,1.17E-30
207064,1.12E-30
9411031,2.51E-32
9207074,2.79E-34
9307184,2.79E-34
9509106,2.79E-34
9608042,2.79E-34
2231,2.24E-30
203026,2.51E-32
9609131,1.12E-30
9509022,7.49E-32
9909215,1.20E-22
9202001,2.79E-34
9906130,3.29E-29
9905084,2.79E-34
204158,5.56E-23
9405096,2.51E-32
9312172,2.12E-25
9212040,2.79E-34
9306129,2.79E-34
204223,1.12E-30
9803136,1.15E-19
9204054,2.51E-32
9303115,2.79E-34
9303068,2.79E-34
2014,1.12E-30
209042,3.29E-29
9802116,0.123740824
210066,1.12E-30
9511154,5.18E-17
212014,1.37E-26
9206080,2.79E-34
9406056,2.51E-32
9710002,2.79E-34
9410114,2.51E-32
9505176,2.79E-34
9902109,2.51E-32
9207068,2.79E-34
9611039,4.26E-16
9903217,2.51E-32
203124,2.39E-23
9412027,2.46E-24
9805009,2.51E-32
9305068,2.79E-34
2186,1.43E-12
9912003,2.51E-32
9412078,2.51E-32
9701050,1.12E-30
9408032,2.79E-34
9505157,2.79E-34
207280,2.24E-30
9211112,2.79E-34
9711201,3.62E-25
9307186,2.51E-32
9411176,7.49E-32
9505128,2.79E-34
8201,7.47E-28
9203070,2.79E-34
204112,1.12E-30
9708165,2.51E-32
209148,7.16E-28
9709227,1.14E-30
9511118,2.51E-32
9803229,2.51E-32
206104,2.51E-32
9911028,3.39E-29
9606133,6.53E-23
9510057,2.79E-34
9308054,2.79E-34
1163,3.29E-29
9205091,2.79E-34
9803237,2.16E-20
9311050,2.79E-34
9911063,5.00E-32
9404155,2.79E-34
9603187,2.67E-22
9712066,6.57E-05
9207003,2.79E-34
9710142,6.57E-05
2213,1.45E-11
9804172,2.51E-32
9602160,2.51E-32
9412064,1.14E-30
9608093,2.24E-21
9611237,2.79E-34
9508064,2.21E-30
5254,2.26E-22
9310052,5.00E-32
9905136,2.79E-34
9412221,3.39E-29
9906121,2.79E-34
209120,6.57E-29
201017,7.15E-28
9304112,2.51E-32
9205093,2.79E-34
9707057,2.79E-34
9804068,0.000262624
11014,7.82E-28
9607115,2.79E-34
9706210,3.28E-05
9508016,2.79E-34
9502006,2.29E-25
9206015,2.79E-34
9210013,2.79E-34
9711162,2.66E-26
9805050,2.82E-14
9602107,5.00E-32
207096,2.51E-32
9205042,2.79E-34
9306083,7.80E-28
9201032,2.79E-34
9202013,2.79E-34
9207024,2.79E-34
9711203,1.12E-30
9702178,2.79E-34
3086,2.26E-30
9409078,2.79E-34
206175,1.31E-26
9204001,2.79E-34
9609001,7.49E-32
9401032,2.79E-34
9512097,2.79E-34
9906013,2.51E-32
9210077,2.79E-34
9609022,2.51E-32
9211024,2.79E-34
9710124,3.39E-29
9607037,1.17E-30
9705075,2.51E-32
9212015,2.79E-34
9712254,1.45E-26
9709109,1.35E-13
9207050,2.51E-32
11209,2.51E-32
9604143,2.79E-34
9610223,1.14E-30
9607164,1.12E-30
6235,1.12E-30
11115,2.23E-25
9203076,2.79E-34
202144,2.79E-34
212342,1.12E-30
9407125,2.79E-34
9310171,2.79E-34
9407124,2.79E-34
9509173,3.29E-29
9075,2.51E-32
9608063,1.12E-30
9912271,1.43E-27
9211093,2.51E-32
9706023,3.28E-05
9708089,1.15E-12
3075,4.77E-12
9909189,2.51E-32
9510019,2.79E-34
9504124,2.21E-30
9304011,5.00E-32
9603003,3.28E-05
202089,2.79E-34
7149,1.14E-30
9401140,2.79E-34
9903266,2.79E-34
9506052,2.79E-34
9211124,2.79E-34
9204077,2.79E-34
9404108,2.51E-32
9203065,2.79E-34
9201044,2.79E-34
9612251,1.13E-13
9409030,5.00E-32
9712096,2.51E-32
9611064,2.79E-34
9804136,1.12E-30
9804182,2.19E-23
202162,1.12E-30
9802067,9.85E-05
9701112,2.51E-32
9301098,2.79E-34
9707088,2.79E-34
206245,9.63E-29
9205115,2.79E-34
9504142,1.12E-30
11208,1.14E-30
9601111,1.12E-30
3110,3.29E-29
9607077,3.28E-05
9609205,2.51E-32
9406003,2.79E-34
9209001,2.79E-34
209158,2.51E-32
9404134,2.79E-34
9506156,7.48E-28
9604166,2.36E-21
9201002,2.79E-34
9311098,2.79E-34
9405183,2.79E-34
9508135,1.14E-30
9704094,2.66E-23
9210065,2.79E-34
9306057,2.79E-34
9311110,2.79E-34
11099,2.26E-24
9907029,2.51E-32
9601039,2.79E-34
9707093,0.000328324
5061,2.51E-32
9411187,2.95E-22
9403157,5.00E-32
9802118,1.14E-30
9709066,2.51E-32
9412230,2.79E-34
9509018,2.51E-32
9606195,2.51E-32
9601016,2.51E-32
9901099,2.79E-34
9707154,2.79E-34
9611204,3.28E-05
9601138,2.79E-34
9805102,3.28E-05
9306156,9.98E-32
9307011,2.79E-34
9402011,2.79E-34
9205003,2.79E-34
206182,8.43E-10
208228,1.82E-16
5258,1.12E-30
9310193,2.51E-32
203245,2.79E-34
205052,2.51E-32
207037,1.12E-30
3202,2.79E-34
9605074,1.14E-30
9203026,2.79E-34
9705155,1.12E-30
9603200,2.79E-34
202021,7.15E-28
9709211,1.23E-26
9609191,3.48E-27
9805172,6.68E-29
9907066,2.79E-34
9804111,1.12E-30
9611051,1.14E-30
9308130,2.79E-34
9503055,2.79E-34
211078,2.27E-24
9601112,7.51E-28
9201036,2.79E-34
9405163,5.00E-32
9303013,1.17E-30
9210084,2.79E-34
9603037,3.29E-29
9701039,2.79E-34
9302068,2.79E-34
9203051,2.79E-34
9406048,2.79E-34
9712239,9.84E-05
9906064,2.79E-34
9712191,3.28E-05
9303131,5.00E-32
202116,2.51E-32
9403019,2.51E-32
201267,2.51E-32
9909190,1.18E-11
9403193,5.00E-32
9207011,2.79E-34
9207103,2.79E-34
9309147,2.79E-34
9710114,1.61E-19
9303032,2.51E-32
9202050,2.79E-34
9702168,1.45E-11
9612069,3.33E-30
9706143,1.12E-30
9211034,1.12E-30
9602062,1.61E-19
8142,1.12E-30
9310159,2.21E-30
9912064,2.79E-34
9310146,2.79E-34
9707134,9.85E-05
9511181,2.79E-34
9905111,5.24E-24
9309045,2.79E-34
9709033,2.51E-32
2095,2.79E-34
9803109,3.29E-29
9907113,1.12E-30
9907072,4.62E-12
7236,2.51E-32
9310151,2.79E-34
9909047,1.63E-21
4114,1.28E-28
9210001,2.79E-34
9505065,2.79E-34
9712188,2.51E-32
9408122,2.79E-34
9406208,2.79E-34
9609141,2.79E-34
11060,1.12E-30
9610038,2.24E-21
6146,7.79E-28
9906089,2.79E-34
9401006,7.49E-32
9208071,2.79E-34
3277,2.51E-32
12147,3.39E-29
9202012,2.79E-34
9402155,2.51E-32
9312094,5.00E-32
9712106,2.51E-32
9204039,2.79E-34
9803234,1.12E-30
9212016,2.79E-34
9412153,2.51E-32
9710247,4.54E-18
9206024,2.79E-34
9703174,2.51E-32
9705211,2.29E-30
9903136,2.79E-34
9607049,2.51E-32
9308139,2.79E-34
11169,2.51E-32
204087,3.51E-29
9704029,6.57E-05
9509062,2.51E-32
9302119,2.79E-34
9408044,2.79E-34
9707174,0.000722323
9305076,2.79E-34
9202008,2.79E-34
9705190,0.000131333
9209046,2.79E-34
9409151,2.79E-34
9211064,2.79E-34
9304026,2.79E-34
9912072,4.05E-13
9607007,3.39E-29
9509140,9.63E-29
9209054,2.79E-34
9905200,7.15E-28
9504041,2.51E-32
9301120,2.51E-32
9304053,2.29E-30
9402049,2.79E-34
12145,2.51E-32
9301043,2.79E-34
9608180,2.51E-32
207078,2.03E-25
204147,2.51E-32
9707063,1.43E-17
9212049,2.79E-34
9304103,2.79E-34
9510045,2.79E-34
9512141,2.79E-34
9512147,1.30E-26
9309059,2.79E-34
9604196,4.22E-24
9409067,2.79E-34
9404173,1.12E-30
9508041,2.79E-34
9404156,2.79E-34
9603143,2.51E-32
205319,3.29E-29
9710078,1.07E-18
9612049,2.63E-14
9206071,2.79E-34
9209041,2.51E-32
9210055,2.79E-34
9712088,6.56E-05
9908005,2.79E-34
9410209,3.62E-29
9503092,1.12E-30
11141,7.47E-28
9508101,2.79E-34
9603071,1.12E-30
3212,2.21E-30
9601150,2.51E-32
7135,2.21E-30
9208012,2.79E-34
9412119,5.00E-32
7076,2.51E-32
9406134,2.79E-34
9204016,2.79E-34
9210141,2.79E-34
3025,2.51E-32
9907067,2.05E-15
9912060,1.12E-30
7010,3.39E-29
9403039,2.79E-34
7142,2.11E-27
9208006,2.79E-34
202189,2.79E-34
9602155,2.79E-34
9803189,5.13E-13
9405080,2.51E-32
9608033,2.51E-32
206228,1.88E-25
9201019,2.79E-34
9512120,2.79E-34
9305042,2.51E-32
9801099,5.00E-32
9912203,2.51E-32
211119,2.79E-27
9603053,2.79E-34
9309073,2.79E-34
9403149,2.79E-34
9709065,3.80E-12
9404080,2.51E-32
9204089,2.79E-34
9208058,2.79E-34
9605001,5.00E-32
9906079,2.79E-34
9501085,2.79E-34
9601100,2.79E-34
9303172,3.40E-29
9311058,2.51E-32
9707005,2.79E-34
9209057,2.79E-34
9902037,2.79E-34
9802073,3.96E-25
9406212,1.17E-30
9704025,5.00E-32
9409025,2.51E-32
9903220,2.79E-34
9708004,1.14E-30
9209106,2.79E-34
9902189,2.79E-34
9512007,2.79E-34
9410093,7.49E-32
9612103,4.39E-23
4033,2.79E-34
9605158,1.14E-30
9612008,1.69E-20
9801197,2.51E-32
206035,2.79E-34
9403037,5.00E-32
9611132,6.58E-15
9507036,1.91E-19
11172,2.51E-32
9909164,2.79E-34
9206106,2.79E-34
9901139,2.79E-34
9208017,2.79E-34
9410041,2.51E-32
9209044,2.79E-34
12176,2.51E-32
3188,2.51E-32
204184,2.51E-32
9306104,2.79E-34
9210128,2.79E-34
11157,2.79E-34
9307188,2.79E-34
9509071,3.29E-29
9303152,2.79E-34
9510185,2.51E-32
9309093,2.79E-34
9310198,2.79E-34
203072,2.79E-34
9307099,2.79E-34
9605022,5.00E-32
9408083,2.80E-23
9510151,2.79E-34
9409021,2.24E-30
9211059,2.51E-32
9210134,2.79E-34
9308135,2.79E-34
9207097,2.79E-34
9401093,5.00E-32
9712235,2.51E-32
9510219,2.51E-32
9910174,2.79E-34
9310086,2.79E-34
10054,4.28E-13
9402142,2.51E-32
9607134,2.51E-32
9710183,5.00E-32
9712059,0.000984722
9411231,2.79E-34
9507085,5.00E-32
9408001,2.51E-32
9508093,2.79E-34
9410048,2.79E-34
207247,2.21E-30
9304128,2.51E-32
9404110,2.51E-32
9304051,2.51E-32
9202038,2.79E-34
9712068,7.16E-28
9212072,2.79E-34
5274,2.79E-34
10226,8.14E-19
9612222,6.42E-26
9607208,7.47E-28
9311075,2.79E-34
9703087,2.79E-34
208123,2.51E-32
9707247,2.18E-27
9205021,2.79E-34
9606054,7.12E-29
9607243,2.19E-20
9210131,2.79E-34
9410034,3.94E-29
9612241,3.33E-30
9902204,7.47E-28
9202090,2.79E-34
9503093,2.79E-34
9508039,6.46E-29
3134,2.79E-34
9605221,2.51E-32
9212009,2.79E-34
203260,2.51E-32
9503012,2.79E-34
9707234,2.51E-32
9604113,5.00E-32
9206077,2.79E-34
9712043,2.51E-32
9311158,2.79E-34
12188,1.12E-30
9609083,2.79E-34
9412041,1.12E-30
9612194,1.17E-30
9707091,7.49E-28
9710122,6.57E-05
6150,3.29E-29
9605153,3.93E-13
9610195,1.77E-25
9707124,3.29E-29
9209043,2.79E-34
9202081,2.79E-34
9707055,2.79E-34
9206009,2.79E-34
9211126,2.51E-32
9709071,3.28E-05
9610192,2.79E-34
9602120,3.29E-24
209135,2.51E-32
9611040,3.28E-05
9906087,2.79E-34
9204020,2.79E-34
9506214,2.79E-34
9710163,6.57E-05
9210127,2.79E-34
9703041,3.28E-05
9403172,2.79E-34
9031,7.47E-28
9305111,2.79E-34
205246,2.51E-32
9608055,1.23E-26
9201071,2.79E-34
9901011,1.12E-30
9705180,2.51E-32
9905213,2.79E-34
9502069,2.51E-32
9709220,6.57E-05
9511075,2.79E-34
9301050,2.79E-34
11251,2.68E-26
9803251,7.16E-28
7079,2.51E-32
9303029,5.00E-32
9209102,2.79E-34
9709067,2.51E-32
208086,7.81E-28
9210031,2.79E-34
9803235,7.15E-28
9605007,2.79E-34
209242,1.12E-30
9603019,2.51E-32
9504129,2.79E-34
9706020,7.81E-28
9609064,2.79E-34
9307009,2.79E-34
4083,2.46E-26
9502077,2.24E-30
9511043,2.74E-16
9312187,7.15E-28
9605062,1.12E-30
205223,2.79E-34
9312209,2.51E-32
9210024,2.79E-34
9508087,2.51E-32
9906027,1.12E-30
9607020,6.18E-15
2046,3.38E-25
9205096,2.79E-34
11137,3.29E-29
9209027,2.79E-34
9608190,5.00E-32
9407048,1.12E-30
9803264,2.79E-34
9804011,1.23E-26
9301066,2.79E-34
7248,7.15E-28
9303062,2.79E-34
9409085,2.79E-34
9711163,7.48E-28
9405084,2.24E-30
9410077,2.79E-34
9908110,2.79E-34
9207060,2.79E-34
9305007,2.79E-34
6066,7.15E-28
9602146,2.79E-34
9705113,6.57E-05
9910039,3.29E-29
9408104,1.17E-30
9605044,2.79E-34
9503098,2.79E-34
9046,1.22E-16
9510046,2.79E-34
9203052,2.79E-34
3146,1.53E-27
9304149,2.51E-32
9803217,0.081750757
9406004,2.51E-32
9910208,2.51E-32
9703168,2.51E-32
9608097,2.51E-32
210042,2.51E-32
9402147,2.79E-34
9610115,1.12E-30
4077,1.23E-26
9606076,2.51E-32
9611065,3.89E-25
9212011,2.79E-34
9306073,2.51E-32
9912248,1.12E-30
9204084,2.79E-34
9610024,1.12E-30
9912179,2.24E-30
9911055,2.79E-34
9709107,7.74E-19
9707192,1.37E-26
9606105,2.79E-34
9611134,3.29E-29
9804133,2.51E-32
9307023,2.79E-34
9705055,6.57E-05
9805060,2.51E-32
9603150,4.22E-24
9212153,2.79E-34
9712223,6.57E-29
9503137,2.79E-34
9310085,2.79E-34
9305045,2.51E-32
9205004,2.79E-34
9503180,2.79E-34
204004,2.21E-22
9202086,2.79E-34
9503072,2.79E-34
9605108,2.51E-32
9609065,1.03E-13
9603128,4.43E-30
9403135,2.51E-32
9609192,8.04E-17
8123,6.57E-29
9603131,1.12E-30
209058,2.79E-34
9512173,2.51E-32
9503181,2.79E-34
9408009,2.79E-34
9305142,2.51E-32
9201009,2.79E-34
9203031,2.79E-34
9203062,2.79E-34
9608056,2.51E-32
9301011,2.79E-34
9907017,2.51E-32
9206036,2.79E-34
9610114,2.51E-32
9512051,2.79E-34
9301097,5.00E-32
9910166,2.79E-34
9712193,1.75E-25
9407060,2.79E-34
9202057,2.79E-34
9511157,3.50E-25
9204101,2.79E-34
9305037,2.51E-32
9803002,0.20336321
4012,5.00E-32
9705138,1.12E-30
9905179,2.79E-34
9506211,2.79E-34
9805135,7.15E-28
7084,2.79E-34
9212007,2.79E-34
9301102,2.79E-34
9611215,2.40E-16
9612124,2.79E-34
9504056,2.79E-34
6170,3.29E-29
202112,1.75E-25
9709025,3.29E-13
9302104,2.79E-34
9702072,7.15E-28
9904182,2.79E-34
9408079,2.51E-32
9202021,2.79E-34
9211085,2.79E-34
9604082,1.12E-30
9701065,2.51E-32
211205,2.51E-32
9605080,2.24E-30
8037,2.51E-32
9202005,2.79E-34
201258,1.23E-26
9202037,2.79E-34
9302020,7.49E-32
9406151,2.79E-34
9406214,5.50E-30
9307107,2.51E-32
9312065,2.79E-34
9604064,2.51E-32
203187,2.18E-23
9203019,2.79E-34
9705029,1.12E-30
9705229,2.51E-32
9502044,2.79E-34
9407190,1.39E-26
9512031,2.27E-24
9307178,2.51E-32
9709093,6.46E-29
204189,2.79E-34
9179,1.12E-30
9205061,2.79E-34
9607073,2.51E-32
9411238,3.36E-30
9204056,2.79E-34
9608071,1.17E-30
5281,2.51E-32
9912251,2.51E-32
9611036,2.23E-23
9203061,2.79E-34
9310096,2.79E-34
9702070,1.12E-30
6121,0.157378224
204168,7.17E-24
9611174,4.57E-17
9510092,6.68E-29
9702083,3.40E-29
9608179,2.51E-32
9401155,2.79E-34
202038,2.51E-32
9212134,2.79E-34
9312055,2.51E-32
9406136,8.11E-28
9209094,2.79E-34
9605075,2.79E-34
9305104,2.79E-34
9802195,1.23E-26
201066,2.79E-34
9205116,2.79E-34
9407157,2.51E-32
9503104,3.38E-30
9312080,2.79E-34
9310164,2.79E-34
9402100,2.79E-34
1071,1.12E-30
9711069,1.12E-30
9602105,1.14E-30
9506159,1.17E-30
9506079,2.51E-32
9505002,2.51E-32
9406027,2.51E-32
9305133,2.79E-34
9607119,2.51E-32
9603042,2.74E-16
210210,1.12E-30
9506146,2.51E-32
9301014,2.79E-34
9908136,2.79E-34
9203036,2.79E-34
9412069,5.00E-32
9402038,2.79E-34
9706035,2.51E-32
9610153,5.00E-32
9508005,2.29E-30
9206099,2.79E-34
3290,1.12E-30
203215,2.51E-32
9802133,1.12E-30
201070,2.51E-32
9308145,2.79E-34
9710048,2.21E-30
9203056,2.79E-34
9602175,1.17E-30
10105,2.51E-32
9701154,3.28E-05
9611225,2.79E-34
9206063,2.79E-34
207268,1.12E-30
9509111,2.51E-32
9210032,2.51E-32
9004,2.79E-34
9709212,2.79E-34
9211032,2.79E-34
9612149,2.51E-32
9201057,2.79E-34
9403137,1.37E-26
9602114,1.79E-19
9402060,1.22E-30
9912075,2.79E-34
9412114,1.12E-30
9304150,2.51E-32
9609232,2.79E-34
9904009,2.79E-34
9601076,2.51E-32
9404094,1.14E-30
9303132,2.79E-34
5145,1.12E-30
9610101,5.00E-32
1046,3.39E-29
9907024,2.79E-34
205017,1.49E-31
9710248,2.51E-32
9605046,3.28E-05
202124,2.79E-34
9302047,2.79E-34
9803117,1.23E-26
9604180,2.79E-34
9502074,2.21E-30
9408134,2.79E-34
9403120,2.79E-34
9712053,2.51E-32
9612208,2.51E-32
2096,2.51E-32
6144,1.14E-30
9601155,5.00E-32
9803054,3.28E-05
9205085,2.79E-34
6204,1.23E-26
201050,1.12E-30
9906181,2.51E-32
9903221,0.177003709
9511175,2.79E-34
9706028,2.79E-34
9501137,2.79E-34
9510205,2.51E-32
9208057,2.79E-34
9301077,2.79E-34
9611054,2.79E-34
5269,1.14E-30
6062,1.43E-27
9704144,2.79E-34
9412072,2.79E-34
9205028,2.79E-34
9611133,3.29E-29
9305016,2.51E-32
9211133,2.79E-34
9710161,2.51E-32
9211113,2.79E-34
9402041,2.51E-32
9509092,2.79E-34
9910103,2.51E-32
9802115,1.14E-30
9505036,2.51E-32
9602043,2.37E-21
9904047,2.51E-32
9403081,2.79E-34
9602085,1.12E-30
9706175,6.57E-05
9707004,2.51E-32
9803005,3.94E-13
9503020,3.29E-29
209014,2.79E-34
11166,1.12E-30
9712125,0.00016433
9306013,2.21E-30
5031,1.37E-26
9015,2.83E-27
203130,2.51E-32
9503097,2.51E-32
9311038,2.79E-34
2068,2.51E-32
9603081,4.40E-30
9410138,7.49E-32
9603052,7.49E-32
9304072,7.49E-32
9803265,0.000261028
9403124,1.12E-30
9606177,2.79E-34
205027,2.79E-34
9511006,2.51E-32
9704118,2.51E-32
9710127,3.29E-29
9211116,2.79E-34
9603005,1.12E-30
9504133,2.79E-34
9212048,2.79E-34
9701169,2.90E-23
9307010,3.31E-30
9512211,1.12E-30
9703222,3.51E-29
9707224,1.43E-27
9512121,6.18E-15
9610209,2.51E-32
9308144,2.79E-34
9611161,3.28E-05
9512078,1.35E-15
9201042,2.79E-34
9707171,8.18E-28
9209125,2.79E-34
9703158,1.12E-30
9503030,2.51E-32
9407177,2.51E-32
9303008,2.79E-34
9611160,3.39E-29
9304088,2.79E-34
9605161,2.51E-32
9210070,2.79E-34
9306139,2.79E-34
9708109,3.29E-29
9404025,2.61E-26
9310157,3.31E-30
210154,1.12E-30
9905095,2.79E-34
201121,2.51E-32
9703080,2.79E-34
9508086,2.79E-34
9610097,2.26E-30
9702143,2.51E-32
9410056,1.12E-30
9707096,2.79E-34
9906151,2.00E-22
9610094,2.53E-26
9404105,2.51E-32
9303006,2.51E-32
9306062,2.79E-34
9403021,2.79E-34
9701103,1.12E-30
9508159,2.51E-32
4161,2.79E-34
9602098,2.21E-30
9504127,2.79E-34
9310189,2.79E-34
6047,1.12E-30
9306028,2.79E-34
9412244,2.51E-32
9705123,2.70E-14
9605003,6.90E-29
9504071,2.79E-34
9906142,6.46E-29
9204040,2.79E-34
9608013,1.12E-30
9606079,2.79E-34
9307101,7.49E-32
9711083,1.12E-30
9601085,1.30E-18
9204038,2.79E-34
9204026,2.79E-34
9902187,1.12E-30
9605064,1.12E-30
9501075,2.51E-32
9906139,3.29E-29
9210122,2.79E-34
9708149,2.51E-32
9401128,2.51E-32
205062,1.23E-26
9607122,2.51E-32
9704051,1.12E-30
9208048,2.79E-34
203206,1.12E-30
9905081,2.79E-34
9208020,2.51E-32
9911083,2.51E-32
9405067,3.84E-29
9406067,3.61E-29
9212038,2.79E-34
9509105,2.51E-32
9407154,2.51E-32
9804113,2.10E-24
9303057,5.00E-32
9804167,3.49E-11
9612131,3.28E-05
9403103,2.79E-34
9708099,3.84E-26
9510138,2.79E-34
9312114,2.79E-34
9201067,2.79E-34
9204074,2.79E-34
9708025,1.12E-30
9410073,1.46E-27
9709152,1.30E-26
9206112,2.79E-34
9605174,1.45E-26
9606167,9.85E-29
9912018,3.29E-29
9208027,2.79E-34
9403173,2.32E-25
9310080,2.51E-32
9506004,2.79E-34
9708003,3.28E-05
9409180,5.00E-32
9407013,2.79E-34
9702125,2.51E-32
9709069,3.28E-05
9609095,2.51E-32
9711001,6.57E-05
9605211,3.28E-05
9912114,3.00E-22
9207017,2.79E-34
9205114,2.79E-34
9511102,2.79E-34
9601142,2.51E-32
9912086,6.46E-29
1177,1.12E-30
212084,2.51E-32
212267,1.12E-30
9705133,2.51E-32
9705048,2.79E-34
9612215,2.82E-14
9206097,2.79E-34
9205044,2.79E-34
11263,2.51E-32
9503063,2.51E-32
9710052,2.79E-34
11110,1.12E-30
9203048,2.79E-34
206173,1.12E-30
9602045,3.28E-05
9403073,2.24E-30
9607176,3.29E-29
9306152,2.79E-34
9701106,4.61E-12
9412213,2.51E-32
203079,2.79E-34
9204051,2.79E-34
9607192,2.79E-34
9403197,2.51E-32
9803057,1.12E-30
9206039,2.79E-34
9709098,2.51E-32
9304009,2.79E-34
10179,1.12E-30
9610234,2.51E-32
9707139,2.00E-15
9411049,2.96E-27
9212106,2.79E-34
9708093,3.29E-29
9611194,3.40E-29
9504140,2.79E-34
9910146,2.51E-32
9408173,2.51E-32
10068,1.12E-30
9611143,2.51E-32
9407150,2.79E-34
9202020,2.79E-34
9411104,2.79E-34
9908202,2.79E-34
9901049,1.12E-30
9212145,2.79E-34
205251,3.29E-29
9401113,2.51E-32
9410163,2.79E-34
9612161,2.79E-34
9605018,6.33E-15
9209009,2.79E-34
209232,1.12E-30
9711174,2.79E-34
9706109,0.000262658
9712110,7.50E-28
9411018,2.51E-32
9612060,7.15E-28
9206021,2.79E-34
9409139,2.51E-32
9203068,2.79E-34
9908182,2.79E-34
9706177,2.79E-34
9701018,2.51E-32
9235,1.40E-27
9802019,2.79E-34
9207026,2.79E-34
9305038,2.51E-32
9202053,2.79E-34
9903176,2.79E-34
9311100,2.79E-34
203225,2.79E-34
207038,2.51E-32
211239,1.23E-26
9706192,3.28E-05
9412200,2.51E-32
9607105,6.51E-19
9507045,2.51E-32
9503157,2.51E-32
9210104,2.79E-34
201035,2.79E-34
9704014,1.12E-30
9704049,4.48E-30
9301060,2.79E-34
9510123,2.51E-32
9610134,2.69E-26
9407113,1.14E-30
9508129,2.79E-34
9907176,1.12E-30
9709047,3.51E-29
1021,1.12E-30
9805175,2.51E-32
9901035,2.79E-34
211105,1.43E-27
9911011,2.51E-32
10050,0.13876196
9302111,2.79E-34
9305109,1.17E-30
9609061,2.51E-32
9508017,2.51E-32
9302126,6.16E-28
9209077,2.79E-34
9604085,2.79E-34
9408141,2.79E-34
9611236,2.79E-34
9211107,2.79E-34
9605213,1.12E-30
9401166,2.79E-34
9402054,2.79E-34
9509151,2.68E-18
207274,2.79E-34
9804086,1.12E-30
9201001,2.79E-34
6151,1.12E-30
9401105,5.00E-32
9412165,2.79E-34
9312059,2.51E-32
9405190,2.51E-32
9312169,1.12E-30
9212113,2.51E-32
9404037,2.51E-32
9205011,2.79E-34
9804078,1.12E-30
9301054,2.79E-34
9301069,2.79E-34
9710239,2.74E-26
9007,2.51E-32
9605030,1.46E-27
9308005,2.79E-34
9805126,2.24E-30
9405121,1.12E-30
9306050,2.79E-34
9705102,5.10E-15
9207082,2.79E-34
9510224,6.91E-29
206052,2.51E-32
9412142,2.51E-32
4079,1.22E-16
209145,1.75E-25
9505049,3.95E-23
9407185,2.79E-34
9708166,2.51E-32
9306145,2.79E-34
9311121,2.79E-34
6116,2.51E-32
9402016,1.14E-30
9406199,2.79E-34
9406132,2.51E-32
9204004,2.79E-34
9804112,1.59E-27
9709111,2.79E-34
9409198,2.51E-32
9504130,2.79E-34
210110,1.04E-18
201029,1.12E-30
9410072,2.79E-34
9410180,2.51E-32
9602012,7.16E-28
9611136,3.62E-29
9905107,3.58E-17
9305154,2.79E-34
9605037,2.51E-32
9704019,2.51E-32
9803131,3.29E-13
9603009,1.12E-30
9710203,4.61E-12
9609138,3.28E-05
9601103,2.51E-32
9706225,7.47E-28
9204103,2.79E-34
9710065,1.56E-27
202034,2.51E-32
9410216,1.14E-30
9803030,3.29E-29
9502008,2.79E-34
9601041,2.51E-32
9201069,2.79E-34
9904019,1.75E-25
9401085,2.79E-34
9601053,5.00E-32
9405129,2.79E-34
9704158,3.31E-30
9512098,2.79E-34
9710058,2.79E-34
9412038,2.79E-34
9605151,2.76E-26
9912155,2.51E-32
201128,2.79E-34
9503017,2.51E-32
9604040,5.00E-32
9606178,2.79E-34
9506174,2.79E-34
9511173,3.29E-29
203101,2.24E-30
9805018,3.29E-29
9602090,2.79E-34
9803001,0.215468809
207143,2.10E-24
9201079,2.79E-34
9306030,2.79E-34
9606110,2.79E-34
9509166,2.67E-26
9309025,2.51E-32
12077,2.81E-26
9612199,1.12E-30
9902126,3.29E-29
9510199,1.43E-27
10237,2.24E-30
206236,2.51E-32
9511159,2.51E-32
9404140,2.79E-34
9611043,2.79E-34
9201058,2.79E-34
9308019,2.51E-32
208132,2.24E-25
9312102,2.79E-34
9402063,2.79E-34
5054,1.30E-28
9609109,2.51E-32
9503044,2.51E-32
9703037,2.79E-34
9801121,3.28E-05
9901132,1.12E-30
9704052,2.51E-32
9403171,2.79E-34
9402057,5.00E-32
9904157,2.79E-34
9308034,7.49E-32
9511053,1.87E-25
12252,2.51E-32
9501018,2.21E-30
9702181,2.51E-32
10069,4.19E-23
9604053,2.51E-32
9302001,2.51E-32
203259,1.12E-30
209111,1.75E-25
9603090,1.12E-30
9901073,2.79E-34
9712130,1.14E-30
9307048,2.79E-34
9612038,2.79E-34
9510073,2.79E-34
9301068,2.79E-34
9706163,9.75E-29
9401048,2.79E-34
9804092,1.12E-30
9911084,0.107618249
201148,2.79E-34
9311048,2.51E-32
9405166,2.79E-34
9805013,1.12E-30
9607174,2.51E-32
9407074,1.53E-27
9503128,2.79E-34
3008,2.51E-32
206038,1.23E-26
9910183,2.79E-34
6106,5.00E-32
9702094,8.87E-22
9803196,0.000164475
9305051,2.51E-32
9803203,2.21E-30
9302097,2.79E-34
205180,2.11E-24
9205097,2.79E-34
9405086,2.51E-32
9612135,2.79E-34
9409165,2.51E-32
9907002,2.79E-34
9304040,2.79E-34
9309016,2.79E-34
3136,0.082556878
9304104,2.51E-32
9403038,2.31E-24
9310181,2.51E-32
207113,3.29E-29
9307111,6.46E-29
9803188,1.12E-30
9707051,1.12E-30
9211014,2.79E-34
9902205,3.29E-29
201220,2.51E-32
9511165,2.51E-32
3032,1.12E-30
9409064,1.14E-30
3191,2.51E-32
9701087,2.51E-32
9805036,2.79E-34
9406144,2.51E-32
9703031,7.15E-28
9305115,2.79E-34
9503225,2.79E-34
9703137,1.12E-30
206147,2.51E-32
9402078,2.79E-34
9509050,6.46E-29
9306107,2.79E-34
9403094,1.17E-30
9404038,2.79E-34
9408120,2.79E-34
9505135,8.43E-28
9304159,2.79E-34
9702184,1.12E-30
9408096,2.51E-32
9911026,1.12E-30
9309018,2.79E-34
9502142,2.79E-34
9304130,2.79E-34
9307137,2.79E-34
9305032,2.79E-34
9603161,7.15E-28
9908042,2.79E-34
9612182,2.51E-32
9406161,2.79E-34
9803081,2.51E-32
9247,3.29E-29
9610056,2.39E-26
9208013,2.79E-34
209088,3.29E-29
9202014,2.79E-34
9908131,2.79E-34
9410013,2.51E-32
9203046,2.79E-34
9401011,2.79E-34
9502122,5.00E-32
9309135,2.79E-34
9310134,5.00E-32
9712062,7.16E-28
9709118,1.81E-21
204261,3.30E-10
9408119,1.14E-30
9909202,6.57E-29
9804152,2.51E-32
9209083,2.79E-34
9403045,1.12E-30
9301038,2.51E-32
9705185,2.79E-34
9212081,2.51E-32
208045,1.12E-30
9312166,2.79E-34
9301030,2.79E-34
7072,2.79E-34
208184,2.24E-30
9712229,2.79E-34
9611047,4.91E-22
9208045,2.79E-34
9504066,2.79E-34
9211021,2.79E-34
9604097,3.28E-05
9601146,2.79E-34
207201,6.57E-05
208097,2.79E-34
9301111,2.79E-34
6061,2.79E-34
9707066,2.79E-34
3153,5.00E-32
9706102,2.51E-32
9309087,2.79E-34
9306032,2.51E-32
9207066,2.79E-34
9206035,2.79E-34
9506138,1.40E-27
9711070,2.79E-34
9608068,2.51E-32
9310021,2.79E-34
9202006,2.79E-34
9405053,2.79E-34
9506186,1.14E-30
9606018,2.79E-34
9902121,2.79E-34
9609110,2.51E-32
9704167,2.23E-23
5170,2.51E-32
9707237,2.26E-30
7006,1.12E-30
9206027,2.79E-34
9509109,2.51E-32
9203023,2.79E-34
9604098,2.79E-34
9312029,2.79E-34
9508044,1.74E-26
9901116,2.79E-34
9307001,2.79E-34
9508131,2.79E-34
9201021,2.79E-34
9404093,2.79E-34
9405161,2.51E-32
9609024,2.79E-34
9503080,2.79E-34
9405058,2.51E-32
6156,1.17E-30
9205025,2.79E-34
9412237,1.14E-30
9401132,2.79E-34
207040,1.12E-30
9304084,2.79E-34
9402075,2.79E-34
9601114,2.51E-32
9608193,2.79E-34
9701186,3.29E-29
9311080,1.14E-30
9207022,2.79E-34
9201006,2.79E-34
9405079,2.51E-32
9906074,2.79E-34
9301132,2.79E-34
9610031,1.12E-30
9801067,3.98E-25
9307155,2.79E-34
9611011,1.12E-30
9311079,2.51E-32
9201080,2.79E-34
9710233,2.65E-21
9910027,2.24E-30
4041,2.44E-17
204171,1.57E-19
9308078,2.79E-34
9302022,2.51E-32
9805020,3.28E-05
9201063,2.79E-34
9204030,2.51E-32
9407076,2.51E-32
9503147,2.79E-34
9210005,2.79E-34
9607003,2.51E-32
9201070,2.79E-34
9501017,2.51E-32
9506033,2.79E-34
9701019,2.69E-24
9704124,2.51E-32
9901128,2.79E-34
9503124,2.52E-20
9708159,2.51E-32
9909166,0.208761067
211005,1.12E-30
9607230,2.79E-34
9801145,9.83E-05
9211092,2.51E-32
9411002,2.79E-34
9208042,2.79E-34
9908038,1.23E-26
203211,5.86E-25
9506087,2.21E-30
207164,1.52E-26
9206088,2.79E-34
205232,3.57E-17
11232,3.29E-29
9707035,5.00E-32
9607239,6.59E-25
9603001,2.79E-34
9212056,2.79E-34
9412018,5.00E-32
9502157,2.79E-34
9610157,1.14E-30
9505136,2.51E-32
9909044,2.51E-32
9309115,5.00E-32
2247,7.48E-28
9704018,6.57E-05
9512168,2.79E-34
2237,1.12E-30
9303090,2.51E-32
11243,7.15E-28
9503077,2.79E-34
9709014,3.28E-05
9706226,8.85E-14
3141,2.51E-32
9609137,1.87E-25
4135,6.79E-29
9607117,3.40E-29
9504015,2.51E-32
9406195,2.51E-32
9710180,2.51E-32
5024,1.43E-27
9206076,2.79E-34
205132,2.79E-34
9307171,2.51E-32
11063,2.79E-34
9203024,2.79E-34
9607146,1.12E-30
9607187,4.00E-25
9201003,2.79E-34
209159,1.43E-27
9502042,1.12E-30
203137,3.39E-29
9901118,1.90E-25
2230,3.29E-29
9211053,2.79E-34
9608035,2.90E-22
9222,5.00E-32
9804018,1.12E-30
9705198,2.79E-34
9610224,2.51E-32
205028,2.51E-32
9409189,1.12E-30
9712147,7.15E-28
9312138,2.79E-34
203168,2.65E-24
9801194,6.57E-29
9412059,1.12E-30
9204059,2.79E-34
9901131,2.79E-34
9202059,2.79E-34
10196,2.51E-32
9504042,2.79E-34
9208040,2.79E-34
9604076,2.79E-34
9607204,2.51E-32
9209016,2.79E-34
9911139,2.51E-32
9506112,2.71E-21
9608177,2.51E-32
4060,1.14E-30
9401030,2.51E-32
9606175,1.12E-30
9409115,2.79E-34
9601031,2.79E-34
9242,3.63E-26
9204042,2.79E-34
9606155,2.79E-34
9404100,2.51E-32
9605172,2.24E-30
9503154,2.51E-32
9409001,2.79E-34
9911161,2.20E-23
9803069,1.12E-30
9606085,1.12E-30
9207067,2.79E-34
9609207,5.00E-32
9603176,8.03E-18
9410196,1.12E-30
9210015,2.79E-34
9211109,2.51E-32
206108,1.75E-25
9509143,2.79E-34
9211035,2.79E-34
9307092,5.00E-32
9209055,3.98E-31
9601072,2.51E-32
9308009,2.79E-34
2246,3.29E-13
9705101,2.79E-34
9705032,2.79E-34
9210114,2.79E-34
9205077,2.79E-34
9610059,3.28E-05
9311069,2.79E-34
9512057,2.51E-32
9304147,2.79E-34
9412164,2.51E-32
207245,2.51E-32
9211084,5.00E-32
9502155,2.12E-25
9301017,2.79E-34
9410130,2.79E-34
9206098,2.79E-34
9608019,1.12E-30
9702166,3.29E-29
9803011,5.00E-32
9910218,5.00E-32
205273,2.79E-34
9706133,2.00E-15
9904044,2.51E-32
9212090,2.79E-34
9208076,2.79E-34
9301063,2.79E-34
9606024,2.51E-32
9210153,2.79E-34
9203054,2.79E-34
9909094,2.79E-34
9210091,2.79E-34
9801196,2.51E-32
9704116,2.51E-32
9708002,1.13E-13
201170,1.12E-30
205026,2.51E-32
7225,2.51E-32
204214,2.51E-32
9303046,2.79E-34
4152,1.14E-30
9206040,2.79E-34
9204013,2.79E-34
9511096,2.79E-34
9305113,2.79E-34
206164,3.40E-29
9306077,2.79E-34
9911025,2.79E-34
9211130,2.51E-32
210040,2.51E-32
3068,2.51E-32
9404109,3.62E-29
9208066,2.79E-34
207017,7.15E-28
9208030,2.79E-34
9212127,2.79E-34
9205072,2.79E-34
9702045,6.57E-05
9707185,4.03E-24
9411116,2.51E-32
9506075,7.51E-25
9210118,2.79E-34
9707083,1.23E-19
9305079,2.51E-32
9208015,2.79E-34
3217,2.51E-32
9801204,3.29E-29
9707034,2.51E-32
9205040,2.79E-34
9907118,1.12E-30
3255,3.73E-29
9804070,2.51E-32
9603117,5.00E-32
9704174,2.51E-32
9605042,3.39E-29
212240,1.40E-27
9208062,2.79E-34
9702002,5.00E-32
9704009,2.24E-14
205315,2.10E-24
9612204,2.40E-16
9710090,2.51E-32
9604195,1.40E-27
9610230,2.79E-34
9408008,2.79E-34
9405064,2.79E-34
9801189,1.12E-30
9704112,2.51E-32
9610251,3.28E-05
9205088,2.79E-34
9605031,2.79E-34
4109,3.39E-29
2251,1.14E-30
9805094,1.12E-30
9208002,2.79E-34
9311066,2.51E-32
207007,1.39E-26
9409142,3.29E-29
9204024,2.79E-34
9705169,4.32E-11
4084,1.43E-27
9904184,2.79E-34
1189,2.51E-32
9310010,2.79E-34
9202025,2.79E-34
9201054,2.79E-34
9305110,2.51E-32
9603177,1.14E-30
9702089,1.14E-30
9205034,2.79E-34
9412177,2.51E-32
9308142,2.79E-34
9307012,2.79E-34
2071,3.80E-12
4069,3.29E-29
9204097,2.79E-34
9311155,2.51E-32
9405027,1.12E-30
10043,1.12E-30
9506116,4.45E-30
9204088,2.79E-34
203041,7.15E-28
9404114,3.62E-29
9710210,1.12E-30
2123,2.51E-32
9408156,2.79E-34
9805083,2.12E-25
9607195,2.79E-34
9901056,2.79E-34
9508156,2.51E-32
9903130,1.14E-30
1122,1.23E-26
9710193,3.36E-30
9305097,2.51E-32
2245,7.17E-28
210112,1.43E-27
9212071,2.79E-34
9208079,2.79E-34
7036,7.17E-28
9309152,2.51E-32
9307110,2.79E-34
9210027,2.79E-34
9804016,3.28E-05
9302091,5.00E-32
9404092,3.51E-29
9704074,2.51E-32
9901141,2.79E-34
9904014,2.79E-34
207200,2.51E-32
3123,3.50E-29
9204095,2.79E-34
12251,2.39E-26
9301021,2.79E-34
9305020,2.51E-32
9206078,2.51E-32
9603138,2.51E-32
9610201,3.29E-29
9912259,2.51E-32
9707025,1.12E-30
4147,3.29E-29
9706176,1.12E-30
12067,1.75E-25
9406081,2.79E-34
6207,2.51E-32
204218,7.15E-28
201045,2.51E-32
9905210,2.79E-34
9405133,5.00E-32
9501035,2.79E-34
9607140,2.51E-32
6096,5.00E-32
9703023,1.14E-30
6009,1.12E-30
9601104,7.18E-28
9310197,1.12E-30
9802203,8.85E-14
9412162,2.71E-21
9610018,5.24E-23
9403010,2.79E-34
9906034,5.00E-32
9709134,2.79E-34
12023,6.05E-07
9512081,2.51E-32
201116,2.79E-34
205037,3.29E-29
9510029,2.51E-32
9902184,0.238398003
9210160,2.79E-34
6181,3.40E-29
9710010,2.51E-32
9510171,2.51E-32
9210115,2.79E-34
9408035,2.21E-30
9503139,3.39E-29
9607183,2.79E-34
9412093,2.79E-34
9505016,5.00E-32
9912279,1.40E-27
9707170,2.51E-32
9803194,0.107618249
9705188,6.57E-05
9206016,2.79E-34
9912054,2.79E-34
9504131,2.79E-34
9705078,1.12E-30
9306033,2.29E-30
9705030,5.29E-15
9908021,2.51E-32
9710153,1.52E-27
205163,2.51E-32
212120,1.12E-30
9409190,3.29E-29
9510196,2.79E-34
9403075,2.51E-32
9406061,2.79E-34
9909023,2.51E-32
9711052,9.96E-29
9305024,2.51E-32
9512143,5.23E-25
9211028,2.79E-34
9711161,9.85E-05
204206,2.51E-32
9511077,2.51E-32
9604184,2.79E-34
9405041,2.51E-32
9803058,2.51E-32
9704072,2.51E-32
210109,2.51E-32
9205030,2.79E-34
9609008,1.12E-30
9405151,2.79E-34
9511119,5.00E-32
9803125,2.21E-30
9304120,2.79E-34
9606017,1.28E-28
9601113,1.12E-30
9605160,2.79E-34
9309126,2.79E-34
9911032,3.39E-29
9409062,2.51E-32
9607147,2.51E-32
6250,1.12E-30
9412154,2.51E-32
9509027,2.51E-32
9708005,6.57E-05
5096,2.51E-32
9409069,2.51E-32
9511136,2.79E-34
9610193,2.79E-34
9705023,3.29E-29
9309095,2.51E-32
9804013,8.04E-17
9602068,5.00E-32
9606080,1.12E-30
9604155,2.79E-34
207049,3.29E-29
210294,2.51E-32
205310,2.51E-32
9902070,2.51E-32
9506134,2.79E-34
9304131,2.79E-34
9312155,2.79E-34
9606148,1.05E-19
6064,2.51E-32
9803076,0.187656181
9504055,2.79E-34
9306066,2.79E-34
9305015,2.79E-34
209225,4.36E-24
9411210,2.34E-24
9306147,1.12E-30
12213,1.23E-26
9402111,2.79E-34
9203011,2.79E-34
204259,1.30E-26
9902091,2.79E-34
9612137,2.79E-34
206185,2.51E-32
9302012,2.79E-34
9408052,2.79E-34
6154,2.21E-30
9912015,1.12E-30
9805154,0.163389405
9604089,3.61E-29
9310153,2.79E-34
9302037,5.00E-32
9405140,2.79E-34
9402144,1.12E-30
9605181,2.79E-34
9607083,1.45E-26
206141,2.79E-34
9311021,2.51E-32
9305173,2.79E-34
9505194,2.51E-32
9606136,1.80E-20
9911254,1.12E-30
9408023,2.79E-34
9208065,2.79E-34
9411099,5.00E-32
9402088,2.51E-32
9402037,2.51E-32
9208069,2.79E-34
9604052,2.05E-21
7132,2.51E-32
9501098,1.12E-30
9608117,1.77E-25
9611222,3.28E-05
9607121,1.24E-26
9401070,2.21E-30
9609193,2.51E-32
9802168,0.000130615
9312206,1.14E-30
9510001,1.12E-30
9310147,2.79E-34
9802092,4.23E-22
210307,1.14E-30
9308085,2.79E-34
9306072,2.79E-34
9603134,1.12E-30
9501057,2.51E-32
9909138,2.21E-30
9801132,2.20E-22
9201020,2.79E-34
9804115,0.000984584
203003,2.79E-34
10272,3.29E-29
9803204,3.39E-29
9505063,2.79E-34
9308100,2.79E-34
9202063,2.79E-34
9210068,2.79E-34
9304031,2.79E-34
9201041,2.79E-34
9503090,2.79E-34
9608020,2.51E-32
9202060,2.79E-34
3059,4.04E-24
9705208,2.51E-32
5010,2.79E-34
5097,1.12E-30
9601052,2.21E-30
9903060,2.79E-34
9402017,2.51E-32
9204082,2.79E-34
203042,2.51E-32
9609202,2.51E-32
9709207,1.12E-30
9610220,4.16E-16
9706089,1.77E-20
9707169,2.51E-32
9204079,2.79E-34
9607218,3.50E-25
9207102,2.79E-34
9411178,3.01E-21
9704056,1.14E-30
9401065,2.79E-34
9408006,2.51E-32
9310113,1.25E-31
9803129,2.51E-32
9302067,2.79E-34
9902177,4.02E-22
9505155,1.12E-30
9503224,2.79E-34
9601163,2.51E-32
9204070,2.79E-34
9210129,2.79E-34
9712145,1.37E-26
9503023,2.51E-32
9804142,6.46E-29
3175,2.51E-32
9303158,2.51E-32
1152,4.05E-13
9612030,1.13E-15
9902207,2.79E-34
9604087,2.51E-32
9703028,1.12E-30
9609155,3.50E-29
9407179,2.51E-32
9501145,2.79E-34
9208041,2.79E-34
9801115,1.14E-30
9710036,2.79E-34
9210146,2.79E-34
9501005,1.12E-30
9605200,1.46E-27
9605226,2.79E-34
207254,2.51E-32
12093,3.29E-29
9906217,5.00E-32
9709002,0.000164259
9206101,2.79E-34
9410152,2.51E-32
9309035,2.79E-34
9702082,2.51E-32
9207114,2.79E-34
9607189,2.79E-34
8004,2.51E-32
9303155,2.79E-34
9306161,2.79E-34
9302093,2.79E-34
9504090,1.12E-30
9712028,4.39E-24
9412108,2.79E-34
9505173,3.33E-30
9912289,2.79E-34
9605145,2.33E-25
9211016,2.79E-34
9705220,3.62E-25
9209078,2.79E-34
9706017,3.29E-29
9205051,2.79E-34
9711110,6.45E-18
9704131,4.16E-16
204253,3.74E-29
9404177,2.79E-34
9902008,2.51E-32
9510026,2.79E-34
9403136,2.79E-34
9612183,7.48E-28
1113,2.79E-34
9611068,3.73E-29
9805129,0.164591149
9210149,2.79E-34
9306011,2.51E-32
7157,1.12E-30
9703008,5.29E-15
9507005,1.12E-30
9602025,2.79E-34
9206049,2.51E-32
9410104,7.81E-28
9211141,2.79E-34
2072,2.51E-32
9603116,3.28E-05
9603162,5.00E-32
9601179,2.20E-20
9202056,2.79E-34
9709138,2.12E-25
9610163,2.24E-30
208092,1.12E-30
9304106,2.79E-34
12258,1.23E-26
9512104,2.79E-34
9307065,7.49E-32
9609153,2.51E-32
209079,5.00E-32
9607181,2.79E-34
9302129,2.51E-32
9503127,2.51E-32
9202034,2.79E-34
9212075,2.79E-34
9401021,2.79E-34
9602006,1.12E-30
9506166,2.79E-34
4180,3.29E-29
9403129,1.17E-30
9511128,3.29E-29
5267,2.51E-32
9601047,2.79E-34
9201056,2.79E-34
9305010,2.51E-32
209200,1.12E-30
9406152,2.79E-34
9404011,1.12E-30
9603114,2.51E-32
9404157,9.98E-32
9604100,1.12E-30
9308039,2.51E-32
9204036,2.79E-34
9507155,2.51E-32
9710250,0.000131324
9506189,2.79E-34
9204002,2.79E-34
9801013,1.12E-30
7125,7.15E-28
9711024,5.00E-32
9212112,2.79E-34
9610076,2.79E-34
9206085,2.79E-34
9208028,2.79E-34
9310129,2.79E-34
9502038,2.64E-24
6186,3.29E-29
9904064,3.29E-29
9802068,2.51E-32
9709157,2.79E-34
9412129,2.21E-30
9804184,3.29E-29
10225,2.79E-34
9202028,2.79E-34
206179,7.16E-28
9508071,3.51E-29
9709027,2.51E-32
9508033,2.79E-34
9303109,1.12E-30
9503132,2.79E-34
9702048,2.51E-32
9712241,0.00013115
9511110,2.51E-32
9712051,2.51E-32
9207091,2.79E-34
9208016,2.79E-34
9802064,1.12E-30
9410008,2.21E-30
9712016,2.51E-32
9609238,6.57E-05
2070,2.51E-32
9209024,2.79E-34
9710064,2.51E-32
9711133,2.51E-32
9401013,2.79E-34
9404113,1.49E-27
9411198,8.75E-28
9805118,2.51E-32
204091,2.29E-24
9709173,2.51E-32
212334,2.24E-30
2021,2.79E-34
9711053,0.000754975
9901004,6.46E-29
9406012,2.79E-34
9210038,2.79E-34
9301106,2.51E-32
9307045,2.51E-32
9805161,2.51E-32
209206,7.15E-28
201253,2.13E-25
9607027,2.51E-32
9501048,2.79E-34
6110,3.36E-30
9204090,2.79E-34
9707106,2.79E-34
9910165,2.79E-34
9410177,2.79E-34
9606026,2.79E-34
9405034,2.51E-32
9407187,2.51E-32
9302113,2.79E-34
5053,2.21E-30
9406059,7.83E-28
9301103,5.00E-32
9906244,7.49E-32
9610123,2.79E-34
9506150,2.51E-32
9401027,2.51E-32
9406030,2.79E-34
9601159,2.79E-34
9163,2.51E-32
9208067,2.79E-34
9204023,2.79E-34
9405125,2.51E-32
9410233,1.12E-30
9307066,2.79E-34
9210143,2.79E-34
3264,1.24E-26
9804010,2.21E-30
9610109,2.79E-34
9304133,2.79E-34
5150,2.51E-32
9504047,2.78E-20
9208047,2.79E-34
9705241,2.51E-32
9910238,2.51E-32
9910145,2.51E-32
208221,7.47E-28
9205059,2.79E-34
9309158,2.79E-34
1002,2.51E-32
9311007,2.51E-32
9202058,2.79E-34
9401091,2.79E-34
9210021,2.79E-34
9906198,0.116284766
9702100,2.51E-32
204008,2.79E-34
207250,2.51E-32
9404015,2.79E-34
9906129,2.40E-20
9411039,2.51E-32
9204046,2.79E-34
9711175,1.66E-28
9204017,2.79E-34
9302003,2.79E-34
9904085,0.239513541
9802065,2.51E-32
9711189,2.51E-32
9303083,2.79E-34
9311126,2.79E-34
9407079,2.79E-34
9407137,2.79E-34
9707123,1.12E-30
9603013,2.51E-32
9203082,2.79E-34
9612220,2.51E-32
9607129,2.51E-32
9305031,2.79E-34
9207108,2.79E-34
3040,3.29E-29
9312132,2.79E-34
7138,2.21E-30
9710169,7.81E-19
209137,1.12E-30
9206066,2.79E-34
9912288,1.12E-30
3189,2.51E-32
9602022,2.51E-32
9503095,2.79E-34
9711081,9.74E-29
9804008,1.12E-30
9911222,2.51E-32
9511121,1.12E-30
9508036,2.51E-32
9309125,6.79E-29
9407161,2.51E-32
9505165,2.79E-34
10017,1.12E-30
9502076,2.79E-34
205280,7.15E-28
9601124,2.51E-32
9503078,2.93E-22
9501079,2.79E-34
9307076,2.51E-32
9702088,2.21E-30
9506135,2.79E-34
9303091,5.00E-32
9711138,1.12E-30
9711144,1.12E-30
9712071,6.56E-05
9604025,1.43E-17
9905079,2.79E-34
9504158,2.79E-34
9503221,2.79E-34
9401043,2.79E-34
9608189,1.78E-20
9309064,2.79E-34
9201027,2.79E-34
9501036,3.31E-30
9408064,2.79E-34
9401066,2.79E-34
9309065,1.14E-30
9303098,2.79E-34
11159,1.12E-30
9402005,1.14E-30
9310003,2.79E-34
9802100,3.29E-29
1069,1.12E-30
10082,7.15E-28
9712089,2.79E-34
9412088,2.79E-34
9507152,2.79E-34
4203,3.29E-29
206122,2.51E-32
9803051,5.23E-25
3010,2.51E-32
9303047,2.79E-34
9705104,2.24E-14
9410142,2.13E-25
9401115,2.51E-32
9803193,3.28E-05
3242,2.51E-32
9704015,1.12E-30
9605176,8.19E-17
9204050,2.79E-34
9611082,2.79E-34
9212030,2.79E-34
9706053,2.65E-21
9408081,2.79E-34
9707031,3.28E-05
9703094,9.74E-29
202023,2.51E-32
204143,2.79E-34
9803263,0.000197596
9910024,2.79E-34
9302114,2.79E-34
9712108,2.79E-34
204148,1.14E-30
9908141,1.75E-25
209249,2.51E-32
9801017,7.49E-28
9510193,2.51E-32
9205066,2.79E-34
9306117,2.79E-34
9302033,9.98E-32
9511106,2.79E-34
1070,4.32E-11
5277,1.23E-26
9205092,2.79E-34
12121,2.21E-30
9712055,3.50E-25
11011,2.21E-30
9307183,2.79E-34
9512118,2.79E-34
9309055,2.51E-32
9606181,9.74E-29
9302112,2.79E-34
9505071,1.12E-30
9603097,8.12E-28
9059,2.51E-32
9910060,1.91E-20
9707079,0.000394024
9405003,2.79E-34
9706031,3.29E-29
9307074,5.00E-32
9612146,3.29E-29
9303150,2.51E-32
9707117,2.79E-34
9401133,2.79E-34
207115,2.51E-32
9507079,2.79E-34
9405110,1.14E-30
9410217,2.51E-32
9711058,3.40E-29
9705232,6.63E-24
9212019,2.79E-34
9601056,3.29E-29
9607165,2.51E-32
9602027,2.51E-32
9404013,2.51E-32
9907192,2.51E-32
9206084,2.51E-32
9601029,2.63E-14
9308016,2.51E-32
9307174,2.79E-34
9503161,7.01E-29
3279,2.79E-34
9305096,2.51E-32
9207064,2.79E-34
9206038,2.79E-34
9208008,2.79E-34
204088,1.12E-30
9205016,2.79E-34
9704070,1.69E-20
9702093,1.88E-25
9803183,1.12E-30
9308037,2.51E-32
9903095,7.47E-28
9407044,5.00E-32
208114,3.29E-29
9403017,2.79E-34
9907177,1.12E-30
9507046,2.79E-34
9305090,2.79E-34
9412157,2.51E-32
9312028,2.79E-34
9139,3.29E-29
9612173,3.29E-29
9212003,2.79E-34
9608169,1.12E-30
9503125,2.79E-34
9502048,2.79E-34
9212103,2.51E-32
9407122,2.51E-32
9301078,2.79E-34
9308125,2.79E-34
9910156,2.51E-32
3268,7.80E-28
9509133,4.11E-22
9910053,2.11E-24
9310128,2.79E-34
9212078,2.79E-34
203185,2.79E-34
6230,1.23E-26
9201013,2.79E-34
9606157,2.51E-32
9310044,2.79E-34
9607064,7.15E-28
9311165,2.79E-34
9412084,1.12E-30
9607095,3.62E-29
9405118,2.79E-34
9030,1.12E-30
9305163,7.49E-32
9507062,2.51E-32
9207012,2.51E-32
9211029,2.79E-34
9403009,5.00E-32
9701025,1.13E-13
9705019,2.51E-32
9706079,0.000131338
9512215,2.79E-34
9302123,2.79E-34
211066,2.51E-32
10060,9.86E-29
9311022,2.51E-32
9209105,5.00E-32
9712173,7.49E-32
9502140,1.12E-30
1206,3.29E-29
9310027,2.79E-34
9308067,2.79E-34
9208023,2.79E-34
9605136,2.21E-30
9205073,2.79E-34
9302019,2.79E-34
9309047,2.79E-34
9608144,1.12E-30
9409176,2.78E-23
9303043,2.79E-34
8102,1.12E-30
9609085,1.39E-12
9406068,2.51E-32
9409178,2.79E-34
1019,2.44E-17
9505012,2.79E-34
9209037,2.51E-32
9709201,2.51E-32
7254,3.29E-29
9307146,2.79E-34
9512115,2.51E-32
9606044,2.81E-26
9207005,2.79E-34
9309130,2.79E-34
202062,2.79E-34
9312089,2.79E-34
9607170,2.51E-32
9412052,2.51E-32
9209015,2.79E-34
9711002,2.21E-30
9206095,2.79E-34
9311055,2.51E-32
206255,7.49E-28
9803012,5.00E-32
9503047,1.12E-30
9511197,1.12E-30
9611193,2.51E-32
9707232,1.12E-30
9207081,2.79E-34
209129,2.51E-32
9412113,1.40E-27
9508055,2.79E-34
9908069,2.79E-34
9805185,1.12E-30
9301024,2.79E-34
9209003,2.79E-34
9501030,2.93E-22
9309157,2.79E-34
9606147,2.79E-34
9210010,2.79E-34
9301013,2.79E-34
9411219,2.79E-34
9308074,2.79E-34
9409187,2.79E-34
9404104,2.51E-32
2151,5.00E-32
9701129,6.57E-29
9305148,2.79E-34
206007,2.21E-30
9905196,2.79E-34
9412209,9.75E-29
9202009,2.79E-34
9507132,2.79E-34
9912101,2.79E-34
9406046,1.40E-27
3087,3.29E-29
9412140,2.79E-34
9505144,3.29E-29
9303017,2.51E-32
9605163,2.51E-32
9311009,7.49E-32
9312050,2.79E-34
9901053,3.29E-29
9153,2.51E-32
2074,1.14E-30
9203060,2.79E-34
9201016,2.79E-34
9204025,2.79E-34
11138,3.39E-29
9609089,2.51E-32
9204093,2.79E-34
9203018,2.79E-34
9203059,2.79E-34
9211080,2.79E-34
2203,2.79E-34
9211003,2.79E-34
9504013,1.12E-30
9312095,1.12E-30
9312015,2.79E-34
7108,0.075644067
9211063,2.79E-34
9803221,2.51E-32
9203004,2.79E-34
9707020,5.00E-32
9505043,7.49E-32
9710032,2.51E-32
9310084,2.79E-34
9502056,2.79E-34
9211071,2.79E-34
9602009,5.00E-32
10232,1.12E-30
9410032,2.79E-34
9701175,2.51E-32
3081,2.11E-27
9612224,3.28E-05
9301087,2.79E-34
9405135,2.79E-34
9205113,2.79E-34
208088,2.51E-32
9610002,1.12E-30
201125,2.51E-32
9211027,2.79E-34
9204071,2.51E-32
9406206,2.79E-34
9207040,2.51E-32
9604083,2.51E-32
9804124,1.22E-19
9805150,2.51E-32
208020,2.79E-34
9612042,3.38E-30
2105,2.51E-32
9412193,2.79E-34
9703123,1.12E-30
9602179,2.51E-32
9311062,2.79E-34
9309086,2.79E-34
9602115,3.29E-29
9410084,1.14E-30
9610035,1.12E-30
9412128,1.14E-30
9209042,2.79E-34
9510195,1.63E-19
9301008,2.79E-34
9208024,2.79E-34
9209110,2.79E-34
9510077,2.51E-32
9602030,4.74E-24
9204048,2.79E-34
9603154,2.79E-34
9505166,2.79E-34
9511080,1.12E-30
9804170,0.001022345
11262,2.51E-32
9602041,5.00E-32
207169,2.51E-32
9712246,2.51E-32
9704168,1.12E-30
205079,2.51E-32
9407192,2.79E-34
9612037,2.79E-34
7191,1.19E-20
204149,2.79E-34
9604128,2.79E-34
9309154,5.00E-32
9708046,2.16E-20
9711003,2.51E-32
9403108,1.12E-30
208131,1.23E-26
9309140,1.45E-29
9209030,2.79E-34
12090,4.16E-16
9307108,2.51E-32
9903116,1.12E-30
9203084,2.79E-34
9209130,2.79E-34
9210123,2.26E-30
9197,2.51E-32
9205090,2.79E-34
9401051,2.79E-34
9505059,2.79E-34
9702137,2.51E-32
9606188,2.21E-30
9401104,2.79E-34
9203028,2.79E-34
9410046,2.51E-32
9702067,1.12E-30
9605121,3.39E-29
9707062,2.21E-30
9705137,2.51E-32
9301003,2.79E-34
9307106,2.51E-32
9505061,2.51E-32
9205027,2.79E-34
9712244,2.79E-34
9307017,5.00E-32
9307085,2.79E-34
9710129,1.18E-11
9505074,6.46E-29
9201029,2.79E-34
9701160,2.51E-32
9206096,2.79E-34
9201007,2.79E-34
9909002,1.12E-30
9402073,2.51E-32
9312085,2.79E-34
9607233,1.30E-26
9306142,2.79E-34
9304155,2.51E-32
203258,2.79E-34
9503230,2.79E-34
9411061,2.24E-30
9506041,2.79E-34
9706180,2.51E-32
9402023,2.79E-34
9211046,2.79E-34
204131,2.79E-34
9612051,3.29E-29
9237,3.29E-29
9612028,3.40E-29
9304141,2.51E-32
9706202,1.12E-30
9512125,2.51E-32
9610106,2.27E-24
9505058,2.51E-32
9908003,2.79E-34
9712050,3.62E-26
201159,2.79E-34
9905167,1.14E-30
9702120,2.51E-32
9412229,2.90E-22
9805124,9.96E-29
9207018,2.79E-34
10195,2.51E-32
9910085,1.14E-30
9701173,3.29E-29
9701021,2.51E-32
206195,2.51E-32
9303001,2.79E-34
4011,2.51E-32
9601071,2.51E-32
9305101,1.12E-30
203237,2.79E-34
9405136,2.51E-32
9706097,2.51E-32
9904142,2.79E-34
9608137,1.40E-27
207235,7.16E-28
11052,2.51E-32
203199,2.79E-34
9612017,3.33E-30
10074,1.12E-30
9703114,2.51E-32
9705175,6.57E-05
9202066,2.79E-34
9206111,2.79E-34
9703040,9.85E-05
9503029,2.83E-23
9206091,2.79E-34
9611111,1.12E-30
9407018,1.17E-30
9404077,2.79E-34
9710030,1.53E-26
9505132,2.51E-32
9501002,2.79E-34
9508136,2.79E-34
211264,3.39E-29
9905008,2.51E-32
205200,3.40E-29
9501068,6.46E-29
9601009,2.51E-32
9401088,1.12E-30
9207039,2.79E-34
201263,1.12E-30
9612126,1.17E-15
9702182,1.12E-30
9301026,2.51E-32
9603092,5.00E-32
9305100,2.51E-32
9706141,0.000262652
9910035,1.45E-11
9210058,2.79E-34
3039,2.79E-34
9201014,2.79E-34
9405187,2.79E-34
9511187,2.83E-23
9708055,3.28E-10
5212,1.14E-30
9206010,2.79E-34
9301006,2.79E-34
9707008,1.12E-30
9311032,2.79E-34
9407019,2.79E-34
9205095,2.79E-34
9803019,6.56E-05
9912181,3.29E-29
9706214,2.79E-34
206201,2.18E-27
202076,2.79E-34
9206019,2.79E-34
9907013,2.79E-34
9801061,0.000130954
9804050,2.51E-32
5188,2.51E-32
9301010,2.79E-34
9503160,2.79E-34
9410054,2.51E-32
9406202,2.79E-34
9503140,2.51E-32
205290,1.23E-26
8186,1.50E-27
3226,1.12E-30
9312069,2.79E-34
9610048,2.79E-34
9706015,2.79E-34
9612078,2.51E-32
202095,2.79E-34
9705044,2.54E-26
2154,1.14E-30
9710206,0.000755099
9301040,2.79E-34
9704176,3.28E-05
9705202,3.29E-29
9802112,2.79E-34
208093,2.79E-34
9210011,2.79E-34
2009,1.12E-30
206220,2.51E-32
7095,1.12E-30
9311156,3.31E-30
9711061,1.14E-30
9202039,2.79E-34
205316,7.48E-28
10023,2.51E-32
9307102,2.79E-34
9602052,1.11E-13
9204099,2.79E-34
203019,2.51E-32
9303012,2.79E-34
9503001,2.79E-34
3239,4.57E-17
9501016,2.79E-34
9701042,1.17E-15
9507090,1.91E-19
9703193,1.12E-30
8126,7.15E-28
3196,2.79E-34
9910139,1.12E-30
9207086,2.79E-34
9603031,1.53E-27
210221,3.29E-29
9308045,2.79E-34
9906135,2.79E-34
9802130,1.77E-20
9705172,9.98E-32
9201072,2.79E-34
9607220,1.12E-30
9202036,2.79E-34
9308002,2.51E-32
9907126,2.79E-34
9511164,2.02E-25
9702024,2.51E-32
3089,3.29E-29
9610104,7.02E-29
205083,2.51E-32
204083,2.51E-32
9310029,5.00E-32
4182,1.23E-26
9607104,3.93E-13
9411004,2.51E-32
9401020,2.79E-34
9304164,2.51E-32
209134,1.43E-12
9705168,1.12E-30
9403134,2.51E-32
9709229,2.51E-32
9211132,2.79E-34
9508151,3.63E-26
9707184,8.92E-15
9605156,2.79E-34
1102,2.51E-32
9603126,3.28E-05
9405076,2.51E-32
9310102,2.51E-32
4190,2.79E-34
9804135,2.51E-32
9404144,2.51E-32
2045,3.63E-26
9802149,2.79E-34
9205117,2.79E-34
9204063,2.79E-34
9902040,2.79E-34
9801152,3.29E-29
9710179,6.46E-29
9704089,0.000131344
9803159,8.85E-14
9509003,2.79E-34
9610066,2.51E-32
9702073,2.79E-34
210270,1.12E-30
10138,7.15E-28
9705057,6.57E-05
9503024,2.79E-34
9602121,2.79E-34
9707082,2.51E-32
9202069,2.79E-34
9601116,2.51E-32
11072,7.15E-28
205178,2.79E-34
9505070,2.51E-32
9410197,2.79E-34
9708121,2.79E-34
9204102,2.79E-34
9909014,2.51E-32
3243,2.79E-34
9704137,6.57E-05
9410053,2.51E-32
9201028,2.79E-34
11080,1.12E-30
9801008,1.57E-19
9301001,2.79E-34
9212108,2.79E-34
9406198,1.14E-30
9506002,2.94E-22
9506050,2.79E-34
9302124,2.51E-32
9402031,1.19E-30
9706091,8.49E-28
9612212,2.79E-34
9206032,2.79E-34
9307013,2.79E-34
9501073,2.79E-34
9805207,1.04E-18
9704202,1.12E-30
9305156,2.79E-34
9207008,2.79E-34
9607124,2.79E-34
9602172,2.46E-22
9512210,2.21E-30
9310114,2.79E-34
9410010,5.00E-32
9507173,2.79E-34
9701162,6.57E-29
9605020,2.21E-30
9312210,1.12E-30
8070,1.12E-30
208104,1.30E-26
9305072,2.79E-34
9301128,2.79E-34
9211044,2.79E-34
209155,1.12E-30
12062,0.338184859
1006,2.79E-34
9604054,2.51E-32
9307061,2.79E-34
9411051,7.48E-28
9201025,2.79E-34
9705163,2.21E-30
9701084,3.29E-29
9408072,2.79E-34
9208075,2.79E-34
9510087,1.43E-17
9202051,2.79E-34
9602136,2.51E-32
9908075,1.87E-25
9712206,3.83E-26
1197,1.30E-26
9707073,2.51E-32
9603086,1.34E-15
9509045,2.79E-34
9505099,2.79E-34
9508160,2.79E-34
6012,2.79E-34
9904091,2.79E-34
9604146,2.51E-32
9612102,3.38E-25
2219,7.17E-28
9603064,2.79E-34
9412148,2.79E-34
9706190,1.12E-30
9706101,2.51E-32
9206093,2.79E-34
9404012,2.79E-34
212117,2.21E-30
9411009,3.29E-29
9302132,2.51E-32
205296,2.79E-34
9207095,2.79E-34
9308128,2.79E-34
9709030,1.99E-25
9409006,2.79E-34
9403133,2.51E-32
9311113,2.79E-34
9401083,2.79E-34
9702163,3.28E-05
9411112,2.24E-30
9501121,2.79E-34
9510130,1.40E-27
9304087,2.79E-34
9512128,2.51E-32
9711120,2.51E-32
9604056,5.00E-32
9210046,2.79E-34
9407129,2.79E-34
9707221,2.79E-34
9404150,2.79E-34
9801019,1.12E-30
9302121,2.79E-34
9403156,2.51E-32
9605115,1.12E-30
7099,1.40E-27
9203032,2.79E-34
9308136,2.79E-34
9612120,3.29E-29
9606061,3.28E-05
9310097,2.79E-34
9606015,1.23E-26
206066,2.51E-32
9411195,1.14E-30
9503109,2.79E-34
9507136,2.79E-34
9610165,2.51E-32
9702009,5.00E-32
9208007,2.79E-34
9911186,1.86E-25
9511008,2.79E-34
203156,1.12E-30
5181,2.65E-21
9804188,3.69E-26
9504149,2.51E-32
9608161,2.79E-34
9912128,2.53E-21
9401161,2.79E-34
9704030,6.57E-05
9604151,2.79E-34
9710240,6.57E-05
9506187,2.79E-34
9612248,2.60E-26
9205098,2.79E-34
9404008,5.00E-32
9209045,2.51E-32
9702049,3.37E-25
9911174,2.51E-32
9210047,2.51E-32
204197,2.79E-34
204144,1.86E-25
9201031,2.79E-34
9405049,2.51E-32
9611214,2.12E-25
9704078,2.79E-34
9120,2.51E-32
9301028,7.49E-32
9710245,2.47E-26
9311029,2.79E-34
7001,1.17E-30
9510066,2.51E-32
204089,1.23E-10
204082,1.14E-30
9306071,2.79E-34
9901069,1.08E-13
9308075,1.17E-30
9912036,1.08E-13
9705077,2.51E-32
9706096,3.28E-05
9307049,2.21E-30
9610077,3.29E-29
203067,2.79E-34
9306031,2.79E-34
9701178,2.51E-32
9506188,2.79E-34
9503209,5.00E-32
9402020,2.79E-34
9911014,2.79E-34
9612065,8.15E-28
9903167,2.79E-34
9406028,2.51E-32
205256,1.12E-30
9502024,1.12E-30
9509122,3.29E-29
9708039,2.06E-22
9904072,2.79E-34
9302044,2.79E-34
9505122,3.40E-29
9310073,2.51E-32
9410241,2.51E-32
9707045,2.79E-34
9611166,2.79E-34
9608078,2.39E-26
9608191,1.30E-18
9308110,2.79E-34
205063,2.51E-32
206010,1.23E-26
9308106,2.51E-32
9710121,1.12E-30
9609044,2.51E-32
9405025,2.51E-32
9606004,2.51E-32
9309104,2.79E-34
2179,2.79E-34
9211089,2.79E-34
9706068,1.86E-25
9206031,2.79E-34
206223,2.06E-09
9904028,2.79E-34
9503175,3.39E-29
9710178,2.12E-25
11140,6.14E-24
7018,2.00E-25
9406026,2.79E-34
9307163,2.51E-32
9610145,2.79E-34
9407067,2.51E-32
9504027,2.71E-21
9602093,2.51E-32
9302142,2.79E-34
9412115,3.39E-29
9601069,2.24E-30
9410027,2.79E-34
9704197,3.28E-05
9301015,2.51E-32
3160,7.15E-28
9509125,2.79E-34
9803138,2.00E-15
9301041,2.79E-34
9403058,2.51E-32
9209107,1.14E-30
9504011,2.79E-34
9506171,2.24E-30
9210155,2.79E-34
9405072,2.51E-32
9404039,2.79E-34
203005,7.15E-28
9309137,2.51E-32
9612201,1.12E-30
9409194,2.79E-34
9912162,3.29E-29
9403101,2.79E-34
9606098,1.12E-30
12256,1.22E-10
9803068,0.00013115
7153,1.12E-30
9410140,5.00E-32
208217,2.79E-34
9301100,2.79E-34
12083,1.14E-30
9603045,2.51E-32
9211015,6.68E-29
207051,2.39E-26
5112,2.79E-34
9704120,6.43E-26
9505025,1.12E-30
212339,2.24E-30
9306094,2.79E-34
9502102,2.79E-34
9250,3.33E-30
9707204,7.15E-28
9905162,2.24E-30
9712115,0.001017414
9603147,3.28E-05
9710231,6.57E-05
9704198,2.51E-32
9703100,3.28E-05
9511094,2.79E-34
9408082,1.14E-30
9709104,2.79E-34
205070,3.29E-29
9506106,1.63E-19
9703163,6.57E-05
9209005,2.79E-34
207111,3.29E-29
9906174,2.51E-32
9906119,1.30E-26
9604142,1.14E-30
9710171,2.51E-32
9301124,2.51E-32
9309044,1.62E-25
5259,2.51E-32
9906082,3.29E-29
9210028,2.79E-34
9606100,2.79E-34
9601022,1.17E-30
9907048,0.15398383
9903070,2.79E-34
9307115,2.51E-32
9510111,2.79E-34
9704043,3.28E-05
9207048,2.79E-34
9710174,4.78E-09
9407130,2.51E-32
9603135,2.51E-32
9512110,2.51E-32
9312115,2.79E-34
9211066,2.79E-34
9611025,1.12E-30
9509007,7.15E-28
9305131,2.51E-32
9503041,2.21E-30
9709102,2.51E-32
9611203,3.70E-27
9512059,1.34E-15
12027,1.12E-30
9612031,2.51E-32
9404006,3.50E-29
9304108,2.79E-34
10059,1.14E-30
9503110,2.79E-34
9801106,3.51E-29
9207032,2.79E-34
9704016,5.00E-32
9910052,1.12E-30
7211,2.39E-26
9505052,2.22E-20
9303153,2.51E-32
9203013,2.79E-34
9405002,2.21E-30
9408010,2.79E-34
9302005,2.79E-34
9201039,2.79E-34
9308121,2.79E-34
9301056,2.79E-34
9601161,1.14E-30
9803115,2.79E-34
9206069,2.79E-34
9301037,2.79E-34
9707240,1.12E-30
8168,2.51E-32
9710207,1.75E-25
9502046,2.79E-34
202187,2.79E-34
9411191,2.79E-34
9906241,2.79E-34
9302051,2.79E-34
9212062,2.79E-34
9702201,8.87E-22
9309127,2.79E-34
9512223,2.24E-30
9511087,1.19E-30
9803227,7.15E-28
9703150,3.28E-05
9502104,2.51E-32
9905026,3.29E-29
9504061,2.79E-34
9512042,7.23E-18
9210003,2.79E-34
9711013,3.29E-29
9802150,0.107880834
9306017,2.79E-34
9509020,2.78E-23
9206089,2.79E-34
9707119,1.23E-19
9803027,6.55E-05
9706156,2.51E-32
9602050,2.51E-32
210215,1.12E-30
9510197,2.51E-32
9211128,2.79E-34
9801031,2.51E-32
9207070,2.79E-34
9707067,2.51E-32
9210045,2.79E-34
9411227,1.12E-30
9409195,2.79E-34
9601036,3.88E-25
9512216,2.79E-34
9410071,2.51E-32
9706060,9.96E-29
9801039,1.12E-30
9301105,2.79E-34
9801024,6.68E-29
9055,2.51E-32
9711065,2.79E-34
9608142,2.79E-34
207273,6.57E-05
9611187,2.79E-34
9205110,2.79E-34
9308042,1.12E-30
7054,2.79E-34
4014,2.79E-34
9801073,1.12E-30
9902142,2.79E-34
8003,5.00E-32
204022,2.79E-34
210082,1.12E-30
9301089,2.79E-34
5090,1.12E-30
9605191,2.79E-34
9801183,2.51E-32
9603166,2.79E-34
9311130,4.31E-28
9307040,2.79E-34
9508153,2.79E-34
3147,1.12E-30
9604164,1.54E-20
9603010,2.51E-32
9706150,7.15E-28
9601147,2.79E-34
9904193,2.79E-34
10267,3.29E-29
205158,1.12E-30
204071,7.51E-28
9302103,2.51E-32
9611190,9.32E-23
208003,1.43E-27
205175,5.00E-32
9703219,1.43E-15
10223,7.16E-28
9506128,1.12E-30
9506122,9.11E-28
9412050,2.79E-34
9905142,6.09E-15
9803155,2.51E-32
8151,2.51E-32
9507171,2.68E-21
9911218,2.79E-34
9409020,2.51E-32
9607110,2.79E-34
3190,1.19E-30
9601059,1.34E-15
9701037,3.29E-29
9912113,2.79E-34
9512027,2.79E-34
206181,1.12E-30
9805163,3.39E-29
9407105,2.79E-34
9403143,5.00E-32
9604026,6.46E-29
9505175,2.79E-34
9210099,2.79E-34
9310099,2.79E-34
9805067,2.79E-34
9303108,2.79E-34
9303039,2.79E-34
9311163,2.51E-32
3074,2.51E-32
9205039,2.79E-34
9212104,2.51E-32
9707202,3.29E-29
9307008,2.79E-34
9204027,2.79E-34
9409111,2.79E-34
3172,2.79E-34
9310019,1.14E-30
9304020,2.79E-34
9205067,2.79E-34
9309110,3.41E-30
9701111,2.51E-32
9601176,2.79E-34
9502145,2.79E-34
9905013,2.79E-34
9603101,7.49E-32
5249,3.50E-29
9308062,3.84E-29
9308028,2.79E-34
9603030,6.57E-29
9801090,6.68E-29
9402085,2.79E-34
9502113,3.33E-30
9904017,1.12E-30
9208026,2.79E-34
9709154,2.51E-32
9310104,2.79E-34
9210125,2.79E-34
9507006,2.79E-34
9412009,2.79E-34
9508081,2.79E-34
9805052,5.00E-32
9510142,1.79E-19
9803055,1.12E-30
9210152,2.79E-34
9606169,1.34E-12
204019,1.12E-30
205103,1.23E-26
205038,6.46E-29
9412001,2.79E-34
9701166,3.89E-25
9212086,5.00E-32
9510060,2.79E-34
9501053,2.79E-34
9246,2.51E-32
9503194,2.79E-34
208168,2.51E-32
9712186,2.24E-30
9201050,2.79E-34
9306078,1.14E-30
9705099,2.51E-32
9701029,2.79E-34
211039,1.12E-30
1143,2.39E-26
9312092,2.79E-34
9205074,2.79E-34
9706110,7.79E-28
9511035,2.79E-34
9610017,2.79E-34
9210029,2.51E-32
9404180,2.51E-32
9704160,2.51E-32
9409043,2.79E-34
9602002,7.49E-32
9502162,2.79E-34
9606162,2.79E-34
9910188,1.17E-30
9108,2.51E-32
9303049,2.79E-34
9207006,2.79E-34
201056,1.75E-25
2212,2.51E-32
9304063,2.79E-34
9506059,2.51E-32
9502016,2.79E-34
9602082,2.51E-32
9712161,1.14E-30
8222,6.05E-07
9205013,2.79E-34
9312020,2.79E-34
9505037,2.79E-34
9312161,2.79E-34
9607036,2.51E-32
9210124,2.79E-34
1042,2.16E-20
9902011,1.39E-12
6105,2.51E-32
7078,2.51E-32
10148,3.29E-29
9503220,2.79E-34
1213,3.29E-29
6005,1.12E-30
9506010,2.79E-34
9901125,2.79E-34
9612079,2.51E-32
9204041,2.79E-34
9512204,2.79E-34
9408021,1.12E-30
9201065,2.79E-34
9908149,2.51E-32
9609060,2.51E-32
9503051,2.51E-32
9303178,2.79E-34
12185,3.29E-29
9805095,5.00E-32
9802158,3.29E-29
9712157,2.24E-30
9509162,2.79E-34
9409013,2.51E-32
9706070,2.51E-32
9601106,2.79E-34
3011,2.79E-34
9411062,1.12E-30
9301093,2.79E-34
4140,2.51E-32
9203077,2.79E-34
9207061,2.79E-34
9206037,2.79E-34
9707126,1.61E-19
9209031,2.79E-34
202126,2.27E-24
9311088,2.51E-32
9604090,2.51E-32
9406182,2.51E-32
9411028,7.24E-28
6094,2.51E-32
9507029,2.51E-32
9509161,1.45E-18
9311017,2.51E-32
9208049,2.79E-34
9610012,1.89E-25
9609168,2.79E-34
9405069,2.79E-34
9601169,2.31E-30
9803231,0.0010179
9711168,4.54E-18
9410203,9.96E-29
7122,1.37E-26
9707029,5.00E-32
9308023,2.79E-34
7208,2.79E-34
9706007,0.000131337
9411063,3.29E-29
9609075,1.12E-30
9612059,1.12E-30
9509031,2.79E-34
9211008,2.79E-34
9408113,3.29E-29
9710034,3.28E-05
9306009,2.79E-34
9212140,2.79E-34
9211137,2.79E-34
9207057,2.79E-34
9405097,2.79E-34
9410063,5.00E-32
9201068,2.79E-34
9705003,3.83E-26
9411020,9.74E-29
9805218,3.29E-29
12134,5.00E-32
9611102,2.79E-34
9711019,1.12E-30
9712165,6.57E-05
9211118,2.79E-34
9707198,2.14E-27
9212022,2.79E-34
9308119,5.00E-32
9210133,2.79E-34
9803067,2.46E-24
9310013,2.51E-32
9301076,2.51E-32
9503058,2.79E-34
8096,2.51E-32
9309052,2.79E-34
9909176,8.39E-24
9210106,2.79E-34
9410089,2.79E-34
9703105,1.12E-30
3062,3.29E-29
9303072,2.51E-32
9510209,1.30E-26
9604124,3.29E-29
9702044,2.79E-34
204224,2.79E-34
6239,3.29E-29
9711170,1.12E-30
9410067,2.79E-34
208039,7.48E-28
9312062,2.79E-34
9406008,6.57E-29
9601023,2.50E-27
9709028,1.12E-30
9211047,9.98E-32
9402021,2.79E-34
9311008,2.51E-32
9511222,2.50E-24
9409110,1.14E-30
9210103,2.79E-34
9508075,2.51E-32
9605188,5.00E-32
208155,3.29E-29
9402107,1.63E-25
9608017,4.92E-24
12114,2.79E-34
9902083,2.51E-32
9908092,2.51E-32
9605011,2.51E-32
9908043,2.51E-32
9606077,9.98E-32
9902094,2.51E-32
9207058,2.79E-34
9608087,1.12E-30
9044,3.31E-30
9507159,2.79E-34
9310148,2.79E-34
9908112,2.79E-34
9203066,2.79E-34
5021,7.15E-28
9609066,3.83E-13
9505123,5.14E-26
1017,2.51E-32
208176,1.12E-30
9707009,5.00E-32
201142,2.79E-34
9406160,2.79E-34
3293,2.51E-32
9909039,2.51E-32
9412136,2.51E-32
9702050,3.28E-05
9018,1.29E-28
9905165,2.79E-34
9611157,1.12E-30
9209075,5.00E-32
205147,2.10E-24
9205049,2.79E-34
204048,2.79E-34
9610162,2.51E-32
9212150,2.51E-32
9508038,2.51E-32
9207094,2.79E-34
9505160,5.00E-32
9711143,3.28E-05
9204061,2.79E-34
9702117,2.79E-34
9407078,3.29E-24
9512129,2.68E-26
9710224,1.12E-30
9207110,2.79E-34
9509073,2.51E-32
9710063,0.000131365
9604134,3.28E-05
9203038,2.79E-34
9210040,2.79E-34
9306132,2.79E-34
9707033,7.16E-28
6237,2.51E-32
9901122,2.04E-25
9209023,2.51E-32
9503133,5.00E-32
4004,9.98E-32
9206100,2.79E-34
9902039,2.79E-34
6208,6.09E-15
9610175,2.51E-32
9510008,1.46E-27
9605099,2.51E-32
9308073,2.79E-34
9701060,1.14E-30
9607224,2.79E-34
9411179,2.51E-32
9204094,2.79E-34
204195,2.79E-34
9801184,2.79E-34
9908062,2.79E-34
9706159,1.12E-30
9209032,2.79E-34
9207111,2.79E-34
210164,2.21E-30
9301032,2.79E-34
9307161,2.79E-34
9505095,2.79E-34
6227,6.55E-05
9601015,2.79E-34
9208038,2.79E-34
9302084,2.79E-34
9703079,2.79E-34
9406166,2.79E-34
9612117,2.30E-24
9805010,2.51E-32
9308094,2.79E-34
9904004,2.51E-32
9709137,1.12E-30
9306046,2.79E-34
9611200,2.79E-34
9409104,2.51E-32
8098,1.12E-30
9510182,2.11E-27
9306069,5.00E-32
9503086,2.79E-34
9406188,2.79E-34
9604038,2.79E-34
6232,9.85E-29
9312045,1.14E-30
9704087,6.57E-05
9311056,2.79E-34
9405024,2.79E-34
9412205,2.79E-34
4053,6.45E-18
9906194,0.001028073
9206008,2.79E-34
9911219,2.79E-34
9303027,2.79E-34
9704114,2.33E-21
9311081,2.79E-34
9602063,2.79E-34
9308114,1.12E-30
4026,2.79E-34
9908132,2.79E-34
9706045,2.79E-34
9404003,2.79E-34
211171,2.10E-24
9304154,2.79E-34
9903162,2.79E-34
9801020,5.47E-25
9902209,1.12E-30
11250,5.65E-16
9312150,2.24E-30
9906189,2.79E-34
9410134,2.79E-34
9709013,3.40E-29
9204035,2.79E-34
11100,2.51E-32
203161,2.79E-34
12257,2.51E-32
9204033,2.79E-34
9309067,5.62E-30
9707228,0.000131347
9307119,2.79E-34
9206041,2.79E-34
9712117,0.000131252
9707054,2.79E-34
9609032,5.00E-32
9504029,2.79E-34
9603087,1.12E-30
9204064,2.79E-34
11248,1.12E-30
9703030,2.51E-32
9301114,2.79E-34
9409035,2.26E-30
9906182,2.51E-32
9610006,2.92E-24
7170,1.31E-26
212123,2.51E-32
9602083,2.51E-32
9602054,2.51E-32
9410091,2.79E-34
9303161,2.79E-34
9712100,1.12E-30
9804101,2.51E-32
208058,1.12E-30
9211111,2.79E-34
2256,7.16E-28
9201064,2.79E-34
9906015,3.29E-29
201173,2.51E-32
9612015,3.28E-05
9502114,2.79E-34
9203029,2.79E-34
9307093,2.79E-34
9711067,1.87E-25
9243,6.56E-05
9907217,2.51E-32
9311114,2.51E-32
9712113,1.12E-30
9410202,1.12E-30
9507105,2.79E-34
204033,1.12E-30
9206102,2.79E-34
9803063,1.46E-27
9305147,2.79E-34
9609048,1.12E-30
9402081,2.79E-34
9802040,2.51E-32
5060,2.51E-32
9707097,3.28E-05
9503143,1.12E-30
9604063,2.79E-34
2054,3.29E-29
9511167,2.51E-32
201250,2.21E-30
9304086,2.79E-34
9607229,3.28E-05
9405116,2.79E-34
209114,6.68E-29
9505046,2.51E-32
9409023,2.79E-34
9404098,5.00E-32
2227,2.79E-34
9211117,2.79E-34
9805208,1.23E-26
209057,1.12E-30
9210151,2.79E-34
9204015,2.79E-34
9605204,2.51E-32
9609152,1.46E-27
5144,6.46E-29
10220,2.79E-34
9610098,2.21E-30
9210105,5.00E-32
9805093,6.57E-05
9204098,2.79E-34
9304110,2.79E-34
9306162,2.51E-32
9612237,1.12E-30
9610029,3.50E-29
9805112,0.188848304
9709214,3.29E-29
9309076,2.79E-34
9903047,2.51E-32
3238,2.79E-34
9206007,2.79E-34
9508104,2.51E-32
9402151,2.51E-32
9709192,3.29E-29
9206018,2.79E-34
9312189,7.49E-32
9705189,1.34E-15
206150,2.79E-34
9510169,2.39E-26
9803066,0.0010179
9311092,2.79E-34
9703014,7.15E-28
9510067,2.51E-32
9509035,2.34E-18
9412228,6.92E-29
9206050,2.79E-34
9310070,2.51E-32
9612092,2.21E-30
9405164,1.12E-30
9405008,2.31E-24
9405054,2.79E-34
9510099,2.79E-34
10034,3.29E-29
9705007,8.49E-28
2034,1.76E-25
9405173,2.79E-34
205265,1.12E-30
9203012,2.79E-34
9312143,2.51E-32
9510078,2.79E-34
209024,1.99E-25
9503069,1.12E-30
9707236,1.12E-30
9205015,2.51E-32
9301091,2.79E-34
9903086,2.79E-34
9306157,2.79E-34
9803072,3.28E-05
9901025,2.79E-34
9302122,2.79E-34
9704149,2.79E-34
9611022,2.79E-34
9305174,2.79E-34
9502051,2.51E-32
9503021,3.40E-29
9912058,2.79E-34
9406140,2.79E-34
9712084,6.45E-18
9309026,5.00E-32
9704108,3.28E-05
9610051,1.12E-30
9510068,2.79E-34
9211121,2.79E-34
9609010,2.79E-34
9093,9.85E-29
9512026,2.79E-34
9605103,2.79E-34
9408098,1.99E-25
9606045,1.12E-30
9605107,2.79E-34
204240,2.79E-34
9304075,2.51E-32
9304062,6.68E-29
209070,1.12E-30
9605225,7.48E-28
9511060,2.51E-32
9405169,2.51E-32
9412210,2.79E-34
207105,3.29E-29
2141,3.29E-29
9701182,2.79E-34
9305185,4.55E-30
9704031,1.12E-30
9202043,2.79E-34
9311094,2.79E-34
9608107,7.12E-29
6001,2.79E-34
9203008,2.79E-34
9604007,9.81E-24
9406017,2.51E-32
11214,9.98E-32
9410019,2.79E-34
9212094,2.79E-34
9301045,2.79E-34
9201034,2.79E-34
9405162,6.79E-29
9302002,2.79E-34
9303112,2.79E-34
9308048,2.79E-34
9612073,2.51E-32
9803128,2.79E-34
9607108,3.28E-05
9301049,2.79E-34
9412110,1.12E-30
9208056,2.79E-34
9409018,2.79E-34
9805089,2.51E-32
9803116,0.001019296
209223,2.51E-32
9204086,2.79E-34
9704096,4.46E-17
5242,3.40E-29
9232,2.26E-30
9205102,2.79E-34
9605019,2.51E-32
9407001,2.00E-25
9605026,2.51E-32
9310142,2.79E-34
11077,3.29E-29
9704186,3.28E-05
9303010,2.79E-34
210020,2.21E-30
9708147,3.28E-05
9412167,8.77E-28
205022,2.51E-32
9412100,2.79E-34
9801059,1.12E-30
9405030,2.79E-34
9708134,5.00E-32
9910025,2.51E-32
9509137,2.51E-32
9801042,1.14E-30
9506091,2.94E-22
10107,1.14E-30
9512219,2.37E-18
9509041,2.79E-34
9911072,6.57E-29
9189,2.51E-32
9712086,6.57E-05
9902199,1.12E-30
9904186,2.79E-34
9401151,2.79E-34
9510241,2.51E-32
9703136,2.51E-32
9609087,6.68E-29
1222,4.45E-30
9307018,2.79E-34
9310031,2.79E-34
9711106,2.11E-27
201131,2.79E-34
9207025,2.79E-34
9605088,2.51E-32
6247,3.29E-29
6089,2.51E-32
9711026,2.79E-34
9205045,2.79E-34
9801198,1.12E-30
9201037,2.79E-34
9706082,4.39E-24
9203058,2.79E-34
206130,3.29E-29
9503027,1.31E-26
9203042,2.79E-34
9403066,7.49E-32
9801168,2.79E-34
9408005,3.29E-29
9606049,6.29E-24
9710192,7.80E-28
4164,2.79E-34
9312159,2.79E-34
9312133,2.79E-34
9612242,2.51E-32
9704212,2.79E-34
9309085,2.21E-30
9603029,2.79E-34
9711037,2.63E-24
9608147,1.12E-30
9708081,1.14E-30
9710116,2.74E-26
9904045,3.28E-21
205181,2.10E-24
9508035,2.79E-34
9710137,2.51E-32
9507076,2.79E-34
9912158,2.79E-34
9206059,2.79E-34
9207096,2.79E-34
9309039,2.79E-34
9801038,0.001017433
206168,1.12E-30
9307147,5.00E-32
9803214,6.56E-05
9802091,1.43E-27
9909124,2.51E-32
9605128,2.51E-32
9406037,2.79E-34
9702085,2.51E-32
9912140,2.51E-32
9203003,2.79E-34
9203040,2.79E-34
9805008,2.51E-32
12057,3.39E-29
6051,0.100900312
9305004,2.79E-34
9507158,2.70E-21
9511221,1.12E-30
9404118,2.79E-34
9709040,2.51E-32
9409143,2.79E-34
9512117,2.51E-32
9803164,3.28E-05
9205068,2.79E-34
9211070,1.14E-30
9311089,2.51E-32
212336,1.12E-30
9211054,2.51E-32
9707016,2.51E-32
9706207,3.39E-29
9503045,2.21E-30
9608006,2.51E-32
9212050,2.79E-34
9301123,2.79E-34
9203067,2.51E-32
9306005,2.79E-34
207137,3.39E-29
7148,5.00E-32
9307117,2.79E-34
9503145,2.79E-34
9406047,2.79E-34
9310004,2.79E-34
208201,2.79E-34
7033,2.51E-32
9202078,2.79E-34
9207019,2.79E-34
207276,1.12E-30
9202087,2.79E-34
9706061,2.51E-32
9704213,3.29E-29
2008,3.29E-29
9407131,2.51E-32
9504125,2.79E-34
3050,3.29E-29
9605152,2.24E-30
9207089,2.79E-34
9306008,2.79E-34
9802039,2.82E-14
9505030,1.12E-30
9605048,5.00E-32
210312,1.12E-30
9711047,1.07E-18
6192,2.51E-32
9406155,2.51E-32
12080,1.40E-27
9204031,2.79E-34
9201066,2.79E-34
9306137,2.79E-34
9801167,2.79E-34
9509070,1.40E-27
9612140,2.79E-34
9205041,2.79E-34
9609053,1.12E-30
9911020,2.79E-34
9904084,3.29E-29
9201078,2.79E-34
9611138,2.51E-32
9702202,2.51E-32
1114,2.51E-32
9504082,2.79E-34
9411092,2.79E-34
9610191,7.20E-28
9408100,2.51E-32
9506038,2.79E-34
4059,3.29E-29
9506209,2.79E-34
9804019,3.94E-13
9805178,2.51E-32
9210009,2.79E-34
9407036,2.79E-34
9407139,2.79E-34
1024,2.51E-32
201140,2.79E-34
9302035,2.79E-34
9911207,2.51E-32
9511176,1.12E-30
9210062,2.79E-34
9908025,2.79E-34
9603054,2.79E-34
9608159,2.79E-34
9605186,2.79E-34
9410052,2.51E-32
1164,7.15E-28
9307123,5.00E-32
9312090,2.79E-34
9703126,9.96E-29
9403179,2.51E-32
2038,2.51E-32
9709034,1.38E-26
203190,5.00E-32
9409009,4.50E-30
9608103,2.79E-34
9611114,2.79E-34
9211079,2.79E-34
9410087,2.51E-32
9407093,2.79E-34
201080,2.79E-34
9505126,2.79E-34
9704150,1.12E-30
9207014,2.79E-34
9803187,1.14E-30
9712226,0.000164475
9306037,1.19E-30
9606046,2.51E-32
9707158,3.28E-05
9702107,3.28E-05
9306039,2.51E-32
9508150,2.51E-32
9206034,2.79E-34
9206042,2.79E-34
9305071,2.79E-34
9311037,2.79E-34
9401160,2.79E-34
9406092,2.79E-34
9312013,2.51E-32
9205055,2.79E-34
4032,6.05E-07
9503184,2.79E-34
8107,1.24E-26
10159,2.51E-32
9306036,2.79E-34
9407099,1.45E-26
9601177,2.79E-22
9511201,2.51E-32
9510192,2.79E-34
9710004,2.54E-26
9508112,2.79E-34
9210053,2.79E-34
9602024,2.79E-34
9710186,1.12E-30
9312204,2.51E-32
9612121,3.28E-05
9406213,5.60E-30
9610200,8.14E-28
9910086,2.51E-32
9410029,2.79E-34
7032,3.29E-29
9206029,2.79E-34
202111,1.23E-26
8061,6.79E-29
9204019,2.79E-34
4018,2.79E-34
9505105,6.57E-29
9306023,2.79E-34
9702028,2.51E-32
9309012,2.51E-32
9707243,1.37E-26
9306150,2.79E-34
12021,1.38E-26
9907129,2.51E-32
9208039,2.79E-34
209132,2.51E-32
9704194,1.24E-26
9506011,3.95E-19
9704088,2.51E-32
209234,2.51E-32
9803181,1.12E-30
9503016,2.63E-23
9208052,2.79E-34
9912066,2.21E-30
9206044,2.79E-34
9606143,3.28E-05
9404055,2.79E-34
2244,0.093545934
9302086,2.51E-32
2197,2.51E-32
9903134,4.62E-12
9712101,2.79E-34
8171,6.05E-07
9202047,2.79E-34
2173,3.29E-29
9505093,1.61E-28
9409135,2.79E-34
9510135,5.18E-17
9511169,2.79E-34
9403067,2.79E-34
9201059,2.79E-34
9510062,2.51E-32
201255,2.51E-32
9410187,2.51E-32
9304098,2.79E-34
9203083,2.79E-34
9802119,3.29E-29
3163,2.51E-32
9605067,2.51E-32
9512099,2.79E-34
9311090,2.51E-32
9207062,2.79E-34
9505080,2.79E-34
9801005,2.51E-32
9212151,2.79E-34
9510225,1.19E-18
9403099,2.79E-34
9208055,2.51E-32
205187,1.75E-25
9707129,1.14E-30
9410095,2.79E-34
9711073,7.16E-28
9805104,0.001022345
9610088,2.51E-32
9505047,2.51E-32
9405023,1.12E-30
9707118,1.30E-26
9304146,2.79E-34
9609175,2.51E-32
9508103,1.12E-30
204107,2.51E-32
9304068,2.51E-32
9301051,2.79E-34
9703072,2.76E-22
9201049,2.79E-34
9902069,2.79E-34
9212083,2.79E-34
9605171,2.51E-32
9182,1.12E-30
9706066,6.57E-29
207106,1.12E-30
9802016,2.51E-32
9407153,2.79E-34
1124,9.74E-29
9701051,2.79E-34
9705131,1.77E-20
9206002,2.79E-34
9802051,0.123740824
9710177,1.31E-28
9711183,2.51E-32
9912268,2.79E-34
9609105,2.51E-32
9310167,2.79E-34
9306044,2.79E-34
9804027,1.43E-27
9303074,2.79E-34
9302136,2.79E-34
9707214,1.30E-26
9310024,2.51E-32
9507050,2.21E-20
9906219,1.12E-30
9205008,2.79E-34
210138,3.39E-29
9304125,6.79E-29
9508155,2.43E-20
9401012,2.51E-32
9802042,0.000164162
9302110,2.51E-32
9709099,4.79E-09
9407057,2.79E-34
9706211,1.12E-30
9612084,3.62E-29
9206113,2.79E-34
9407118,2.64E-24
9705158,1.12E-30
9210117,2.79E-34
202186,1.12E-30
9912137,2.79E-34
9405159,1.12E-30
209166,1.29E-28
9903012,2.51E-32
9212129,2.79E-34
9302107,2.79E-34
9210066,2.51E-32
9303148,2.79E-34
9711075,2.51E-32
9210147,2.79E-34
9503152,2.79E-34
9162,1.12E-30
203085,2.51E-32
9212105,2.79E-34
9307116,2.51E-32
9711016,3.29E-29
9907154,4.05E-13
212043,3.29E-29
9804083,0.273638187
9608089,2.51E-32
9908142,5.48E-25
9507060,2.51E-32
9406082,2.51E-32
9802190,7.15E-28
9403084,2.79E-34
9706107,1.43E-27
9706189,1.12E-30
9512013,2.51E-32
9202045,2.79E-34
9508108,2.79E-34
9209029,2.79E-34
9408164,2.51E-32
9507115,1.66E-26
9204100,2.79E-34
9701125,4.28E-13
7023,2.51E-32
9212060,2.79E-34
9303143,2.79E-34
9210162,2.79E-34
9711057,3.39E-29
9510216,3.29E-29
9802047,6.68E-29
9408060,1.12E-30
9909052,2.79E-34
9306068,2.79E-34
9803053,9.84E-05
9603188,1.38E-15
9611182,3.28E-05
3270,1.12E-30
202077,5.00E-32
9204085,2.79E-34
9602168,2.51E-32
9511130,5.00E-32
9508051,2.79E-34
9404181,2.79E-34
9209013,2.79E-34
9205052,2.79E-34
9304092,2.79E-34
9603139,5.00E-32
9605157,7.47E-28
9612206,2.79E-34
9707159,2.51E-32
9202061,2.79E-34
9202002,2.79E-34
9506065,2.51E-32
9302010,2.79E-34
2043,2.29E-30
2206,1.12E-30
9804150,2.51E-32
9202003,2.79E-34
8033,3.29E-29
9401003,2.79E-34
209195,3.29E-29
8175,2.51E-32
5273,6.79E-29
9205012,2.79E-34
9604165,5.00E-32
9512002,2.79E-34
9301080,2.79E-34
9704013,3.28E-05
9402044,2.79E-34
9212154,2.79E-34
9208029,2.79E-34
208170,2.27E-24
9202054,2.79E-34
9404063,1.12E-30
9501049,2.79E-34
9611213,1.07E-18
9701140,3.28E-05
9207053,2.79E-34
9405011,2.21E-30
9410101,2.51E-32
9309112,2.79E-34
9902038,9.77E-11
9605009,2.90E-16
9701033,2.79E-34
203039,2.79E-34
9205005,2.79E-34
9410115,2.79E-34
9302076,2.79E-34
9209062,2.79E-34
9805101,1.12E-30
9907207,9.18E-15
9408132,2.79E-34
10190,2.86E-27
9303078,2.51E-32
9504157,2.51E-32
9208032,2.79E-34
9206051,2.79E-34
6163,7.15E-28
9408057,2.79E-34
9510147,5.00E-32
9502151,2.79E-34
201007,2.51E-32
9908115,1.30E-26
9510210,6.46E-29
9508176,2.51E-32
9605220,7.15E-28
8017,1.12E-30
9512030,6.46E-29
1185,5.00E-32
9209116,5.00E-32
9911022,3.29E-29
9606109,5.00E-32
9208003,2.79E-34
9504105,2.51E-32
9410059,2.79E-34
9512033,2.79E-34
2136,2.43E-23
10131,1.12E-30
9706139,2.79E-34
9407111,2.51E-32
9610189,2.79E-34
9204080,2.79E-34
211151,1.12E-30
9205043,2.79E-34
9605206,2.51E-32
9511122,2.79E-34
9309142,2.51E-32
9706198,2.51E-32
9905100,2.51E-32
3001,1.12E-30
9303133,2.79E-34
9701010,1.12E-30
9508068,2.44E-24
5280,1.13E-13
9804053,2.21E-30
9205001,2.79E-34
6147,1.40E-27
9803142,2.48E-24
205119,3.29E-29
9310170,1.50E-27
9205056,2.79E-34
9203047,2.79E-34
9303061,2.79E-34
202203,1.12E-30
9904139,2.79E-34
9701142,2.51E-32
9401076,2.79E-34
9209122,2.51E-32
9801206,3.29E-13
8236,2.51E-32
9311157,3.29E-29
207199,7.15E-28
9609043,4.92E-24
9712109,1.14E-30
9307027,2.51E-32
9905057,2.79E-34
3192,2.51E-32
9205070,2.79E-34
9911211,1.12E-30
9709187,2.51E-32
9905221,2.79E-34
9402015,2.79E-34
9907143,3.29E-29
4163,1.31E-19
9310130,2.79E-34
9411064,2.79E-34
11183,6.46E-29
5083,1.12E-30
204188,6.54E-05
9709140,1.12E-30
9309107,1.25E-31
9911068,2.79E-34
9603075,1.53E-27
9504026,1.14E-30
9910080,3.16E-23
207149,4.43E-30
9211038,2.79E-34
9909076,2.51E-32
9706072,9.85E-05
9312173,2.79E-34
9602001,5.00E-32
9202032,2.79E-34
9201033,2.79E-34
9410206,2.51E-32
9601097,8.03E-18
9801157,0.000262652
9508137,2.79E-34
9508145,2.79E-34
9406078,2.79E-34
6006,2.51E-32
9506080,7.15E-28
9202074,2.79E-34
9312048,2.51E-32
9301101,2.79E-34
9403007,1.12E-30
9403063,2.79E-34
206196,1.30E-26
11170,1.12E-30
9911033,3.40E-29
9206114,2.79E-34
9406180,2.51E-32
9503094,2.79E-34
9211045,2.79E-34
9802055,2.79E-34
201218,2.79E-34
9712111,3.29E-29
9703196,1.43E-15
11280,2.51E-32
9701002,1.12E-30
204251,2.79E-34
212125,1.12E-30
9705033,2.79E-34
9401163,2.79E-34
9207071,2.79E-34
9311181,7.49E-32
202204,2.79E-34
9310067,2.51E-32
9309074,2.79E-34
9404116,2.51E-32
9608003,6.46E-29
9902024,3.39E-29
9303102,2.79E-34
9612197,2.79E-34
9412236,2.82E-23
204034,2.79E-34
9611001,2.51E-32
9711200,0.001542763
9505149,3.29E-29
9512114,2.79E-34
9509136,2.51E-32
9701161,1.12E-30
9205089,2.79E-34
9904096,2.11E-27
9311096,2.79E-34
9605006,2.51E-32
9405029,9.98E-32
9205058,2.79E-34
208029,1.86E-25
6078,2.79E-34
9308006,2.79E-34
9512111,2.51E-32
9502097,2.79E-34
9508099,3.29E-29
9903050,7.15E-28
9903258,6.58E-15
9704161,1.12E-30
9508058,1.09E-18
9308046,2.79E-34
9306084,2.79E-34
9401123,2.79E-34
9905025,2.51E-32
9602017,2.51E-32
9501081,2.79E-34
202060,2.51E-32
208048,1.31E-26
9406069,3.29E-29
3143,2.79E-34
9201030,2.79E-34
9502025,2.79E-34
9902047,2.79E-34
9204083,2.79E-34
203030,4.33E-11
9511105,2.79E-34
9910176,1.12E-30
9401137,2.51E-32
8190,3.00E-22
9511071,7.86E-18
9712214,1.12E-30
9307007,2.51E-32
9409169,1.14E-30
9501119,2.79E-34
9505089,2.51E-32
9707090,7.48E-28
9308066,2.51E-32
9505086,2.51E-32
9301085,2.79E-34
9801185,2.79E-34
9205082,2.79E-34
209034,2.51E-32
9303123,2.79E-34
9309091,2.79E-34
9304003,2.79E-34
9507080,1.12E-30
9302116,2.51E-32
9310038,2.79E-34
9102,1.12E-30
9405009,2.51E-32
3274,2.79E-34
9610113,2.51E-32
9303125,2.79E-34
9610027,2.79E-34
9312096,2.79E-34
9712085,6.57E-05
9911253,1.12E-30
9212114,2.51E-32
9605119,2.51E-32
9303145,2.79E-34
9209072,2.79E-34
9307030,2.79E-34
210125,6.57E-29
9506147,2.51E-32
9310093,2.79E-34
9804168,3.28E-05
9310144,2.51E-32
9407168,2.79E-34
9206046,2.79E-34
9202033,2.79E-34
9205007,2.79E-34
202106,1.23E-26
9510017,3.53E-19
9510101,9.05E-18
9902018,2.79E-34
9411019,2.79E-34
9310042,2.51E-32
9904131,2.79E-34
9606125,2.79E-34
9504085,3.29E-29
9508084,2.51E-32
9601125,2.79E-34
9210060,2.79E-34
1103,1.12E-30
9411053,3.40E-29
9304083,2.51E-32
9709103,1.12E-30
9404087,2.79E-34
9507148,2.79E-34
9301052,2.79E-34
9204075,2.79E-34
9209018,2.79E-34
9702121,2.79E-34
9603044,3.51E-29
9303144,2.79E-34
9512070,2.79E-34
9503102,2.79E-34
9508021,1.30E-18
9707150,3.29E-29
9201026,2.79E-34
9407007,2.79E-34
9205081,2.79E-34
212254,1.12E-30
9301095,2.79E-34
9411142,2.51E-32
5191,8.45E-28
207089,1.12E-30
9707110,2.51E-32
3064,7.15E-28
10132,3.39E-29
9907197,1.12E-30
206006,7.84E-28
9209028,2.79E-34
9702006,2.76E-22
9403074,2.79E-34
9312200,2.79E-34
9603056,2.51E-32
9601043,1.69E-28
9211090,2.79E-34
9209048,2.79E-34
9310185,2.79E-34
12072,2.46E-26
9404107,2.51E-32
9612091,2.79E-34
9511031,1.12E-30
9910037,5.00E-32
9703188,2.51E-32
9405107,2.79E-34
9203016,2.79E-34
9405019,2.79E-34
9510140,2.79E-34
9609203,9.75E-29
205002,1.12E-30
9506064,6.68E-29
7230,7.15E-28
9610080,2.79E-34
9210054,2.79E-34
9608048,2.79E-34
9608106,2.79E-34
201199,1.12E-30
9612168,1.39E-12
9907180,1.59E-19
9306155,2.79E-34
9803208,2.26E-30
9506206,2.21E-30
9706041,1.12E-30
9409089,2.51E-32
9705219,7.15E-28
9602029,2.51E-32
9014,3.39E-29
6243,1.12E-30
9206045,2.79E-34
9403121,1.02E-28
1023,2.51E-32
9304037,2.79E-34
9204028,2.79E-34
9304140,2.79E-34
9306153,9.98E-32
9309150,2.79E-34
2057,3.29E-29
9904055,2.79E-34
9505127,1.12E-30
9407182,2.51E-32
9906072,2.79E-34
9505084,2.79E-34
9805200,0.000722262
9711156,1.12E-30
9211139,2.79E-34
207002,2.51E-32
9704210,2.79E-34
9501101,1.14E-30
9709039,2.24E-30
9601040,7.47E-28
202085,2.51E-32
9302074,2.79E-34
9307168,2.79E-34
9707064,2.51E-32
9602113,2.79E-34
9512074,2.51E-32
9605159,3.40E-29
9402091,2.79E-34
9212047,2.79E-34
9410174,1.12E-30
9804140,1.12E-30
9411149,2.80E-23
9805179,6.57E-05
4137,0.159215905
9602156,1.23E-26
9303167,2.79E-34
9411095,1.46E-26
9304029,2.51E-32
9205031,2.79E-34
9404171,1.12E-30
9407051,2.79E-34
9705192,1.12E-30
9406118,2.51E-32
9402156,1.12E-30
1108,2.51E-32
9612118,3.51E-29
9209047,2.79E-34
9401139,1.35E-26
9210142,2.79E-34
9705051,1.12E-30
9602176,1.14E-30
9712253,0.142216027
9802185,0.093907009
9502041,2.51E-32
9607114,3.39E-29
9712257,1.40E-26
9304065,2.51E-32
9308102,2.51E-32
9308151,2.79E-34
9208009,2.79E-34
3285,1.12E-30
9305014,2.79E-34
9610241,7.49E-32
9910028,2.51E-32
9206054,2.79E-34
9711157,3.40E-29
9410221,2.79E-34
9602064,2.51E-32
9612093,1.31E-26
9901119,1.43E-27
9708023,7.15E-28
9301083,9.98E-32
9707222,1.07E-18
9205046,2.79E-34
9407081,2.79E-34
9712090,2.21E-27
209100,2.79E-34
2060,5.00E-32
9312004,2.79E-34
9310002,1.12E-30
9403141,2.51E-32
9704188,2.79E-34
208056,2.79E-34
9408039,5.00E-32
9216,2.51E-32
11113,1.12E-30
9612228,1.12E-30
9411140,2.79E-34
9912216,2.51E-32
9906107,1.12E-30
9407109,3.51E-29
9509047,2.51E-32
206237,1.30E-26
9605127,2.51E-32
9902173,7.15E-28
9703201,6.57E-05
9702114,2.51E-32
9306122,2.51E-32
9403001,2.79E-34
9302061,2.79E-34
9711149,2.86E-27
9805023,2.51E-32
9607011,6.46E-29
9706219,2.79E-34
9408074,2.32E-24
9206033,2.79E-34
9607123,3.39E-29
9701069,8.87E-22
9504154,2.79E-34
9210049,2.79E-34
9307194,1.12E-30
9609166,3.29E-29
9903088,2.51E-32
206029,7.47E-28
3158,0.207645847
9210037,2.79E-34
9301042,2.79E-34
9712171,2.24E-14
9512036,5.00E-32
9705117,0.000131334
9606174,5.00E-32
9507092,2.79E-34
8001,2.46E-24
9307057,2.79E-34
9802162,3.39E-29
9509077,5.00E-32
9210007,2.79E-34
9907200,1.12E-30
9408135,1.12E-30
9707241,0.000164225
9201024,2.79E-34
9510220,2.79E-34
9702194,7.88E-28
9502072,2.49E-20
9303166,2.79E-34
9210094,2.79E-34
9210002,2.79E-34
209051,2.26E-30
9210042,2.79E-34
9407031,3.40E-29
9803023,0.187656181
9502002,2.79E-34
9212102,2.79E-34
9310043,2.79E-34
9501031,2.79E-34
9611034,2.51E-32
9303151,2.79E-34
9305153,2.79E-34
9208059,2.79E-34
9173,0.180806635
3203,7.15E-28
9511104,2.79E-34
9903091,2.79E-34
9602005,4.40E-30
9612164,1.15E-19
205155,2.51E-32
9508091,6.61E-18
9610128,1.14E-30
9803223,7.49E-32
9912099,2.51E-32
9712144,6.57E-05
9304022,2.79E-34
9707120,1.45E-26
9302139,2.79E-34
9609228,2.51E-32
9601002,2.79E-34
203195,2.51E-32
6057,0.087434157
9802071,1.14E-30
9303139,2.79E-34
9411137,2.79E-34
9205014,2.51E-32
9802088,3.29E-29
9506176,2.79E-34
3174,2.51E-32
9706194,4.04E-24
11276,2.79E-34
9612143,2.70E-21
9411105,2.51E-32
9711176,1.12E-30
9512003,1.12E-30
9403080,2.79E-34
9904038,2.79E-34
9712065,2.51E-32
9909103,1.12E-30
9607060,4.47E-26
9705014,3.29E-29
9307190,6.90E-29
9405157,2.51E-32
7030,3.29E-29
9604149,2.79E-34
9307118,2.79E-34
9209066,2.79E-34
9612157,1.17E-15
1221,2.51E-32
202012,2.79E-34
9409048,1.12E-30
10117,3.29E-29
9511030,2.10E-19
9608192,2.51E-32
9704172,2.18E-27
9402114,2.24E-30
9407027,2.51E-32
9611150,2.51E-32
212346,7.15E-28
9412133,2.79E-34
9303020,2.51E-32
9212115,2.79E-34
9307165,2.79E-34
9171,3.29E-29
5071,2.51E-32
9608038,2.79E-34
9601178,2.51E-32
11197,6.57E-29
9411025,2.51E-32
9203045,2.79E-34
9602089,2.51E-32
9710006,2.51E-32
9202089,2.79E-34
9711113,1.05E-13
9604077,2.51E-32
9612207,2.21E-27
9506037,1.12E-30
9911188,2.79E-34
9506113,2.51E-32
9606144,7.80E-28
9302060,2.79E-34
9404192,1.62E-25
9304095,2.79E-34
9207042,2.79E-34
9305066,5.00E-32
9211018,2.79E-34
9605040,2.79E-34
9702147,2.79E-34
9303159,9.41E-27
9610150,2.79E-34
205274,2.79E-34
9410133,2.79E-34
9210025,2.79E-34
11240,2.51E-32
9502094,3.31E-30
9303044,7.49E-32
9508025,2.79E-34
9912265,2.79E-34
201242,2.79E-34
9802066,5.00E-32
9706025,1.12E-30
12228,2.79E-34
9802120,6.56E-05
9210026,2.79E-34
9204060,2.79E-34
9205018,2.79E-34
9606101,3.62E-29
9701001,1.12E-30
9201005,2.79E-34
9202062,2.79E-34
9412130,2.79E-34
9903205,5.23E-25
9510206,2.51E-32
9905146,2.51E-32
9204007,2.79E-34
9610132,2.79E-34
9503046,2.79E-34
210019,1.12E-30
211071,1.12E-30
9701076,2.29E-30
9401145,2.51E-32
9709216,5.00E-32
9507147,2.79E-34
9402084,2.79E-34
9609113,2.14E-24
9212121,2.79E-34
9608183,3.50E-29
9703029,2.08E-22
9201048,2.79E-34
9208035,2.51E-32
5026,6.57E-29
9610156,1.12E-30
9308116,2.79E-34
9306054,2.79E-34
9708102,2.51E-32
205220,2.79E-34
204203,2.79E-34
9607051,8.02E-18
9905015,2.51E-32
9404032,2.79E-34
9611006,2.79E-34
9708097,2.79E-34
203081,2.79E-34
9803028,3.69E-26
1155,2.79E-34
9607054,2.51E-32
9911100,1.12E-30
9606093,3.28E-05
9901126,2.79E-34
9611050,3.28E-05
9306051,2.79E-34
9506029,2.79E-34
203092,2.51E-32
3283,2.51E-32
9610167,2.24E-30
9407102,2.79E-34
9201017,2.79E-34
9610014,2.21E-30
9302090,2.79E-34
9512184,2.76E-22
9509101,1.27E-18
9207105,2.79E-34
9308137,2.79E-34
9910220,2.79E-34
9303103,2.79E-34
9508139,2.14E-27
9505039,1.12E-30
9207051,2.79E-34
2167,0.182643923
9209040,2.79E-34
9803173,1.23E-26
9401025,2.51E-32
9412166,1.14E-30
9801207,4.59E-23
9701078,6.58E-29
3013,1.12E-30
9506145,2.79E-34
9409117,2.79E-34
9612005,3.28E-05
9707261,7.48E-28
9303058,2.79E-34
9210071,2.79E-34
9311011,2.79E-34
208185,1.12E-30
9410037,2.79E-34
9211122,2.79E-34
205221,3.39E-29
9611003,5.00E-32
9511015,2.79E-34
3179,2.51E-32
9912037,2.79E-34
9712194,1.12E-30
9412187,1.14E-30
9404050,3.50E-29
9504028,2.79E-34
9705034,6.79E-29
203048,2.79E-34
9305067,5.00E-32
9610172,3.28E-05
9709151,2.79E-34
9903251,2.51E-32
9603178,1.12E-30
9905223,2.79E-34
9703204,3.28E-05
9309014,2.51E-32
9411090,2.79E-34
9802023,2.14E-27
2188,2.51E-32
8133,2.79E-34
9307054,2.51E-32
9221,2.51E-32
9705156,1.14E-30
9603106,1.05E-13
9805044,3.29E-29
9406203,6.92E-29
9907080,2.79E-34
6184,2.79E-34
9612053,5.00E-32
9308052,6.79E-29
9203074,2.79E-34
9204044,2.79E-34
207033,1.75E-25
9607203,1.14E-30
9712036,5.00E-32
9307182,2.79E-34
1082,1.12E-30
9901121,2.79E-34
9403109,2.51E-32
9610149,7.49E-32
9309145,2.51E-32
9303030,2.51E-32
9406148,2.79E-34
9407056,2.51E-32
9401059,2.51E-32
7197,2.24E-30
9403178,2.51E-32
207138,2.51E-32
9207072,2.79E-34
9410016,5.00E-32
9501052,2.79E-34
9205101,2.79E-34
9403168,5.00E-32
9612178,3.29E-29
9505174,1.12E-30
9404112,2.79E-34
9611116,2.79E-34
5122,6.05E-07
9404185,2.51E-32
9309015,2.79E-34
9512139,3.29E-29
9233,1.23E-26
9803184,2.51E-32
9507104,2.79E-34
9410150,2.79E-34
9608009,2.51E-32
9407088,2.79E-34
9711055,0.000952036
9309133,2.79E-34
3221,6.46E-29
9910256,2.79E-34
9206047,2.79E-34
9609139,1.14E-30
9604013,1.12E-30
9706085,2.79E-34
9405171,2.79E-34
9307055,2.79E-34
9608029,2.79E-34
9710046,1.22E-10
9201040,2.79E-34
9802007,2.33E-21
7187,1.12E-30
9608102,2.79E-34
5233,2.51E-32
9805159,1.43E-27
9312008,2.79E-34
9709080,3.28E-05
9907216,2.79E-34
9406094,2.79E-34
9712202,7.15E-28
9310101,1.45E-26
9306010,5.00E-32
9804197,1.14E-30
9212065,2.79E-34
9607234,7.49E-32
207073,2.51E-32
9302133,2.79E-34
9406070,2.79E-34
9511046,2.51E-32
9404085,2.79E-34
204190,3.29E-29
9212110,2.79E-34
4049,2.24E-30
9506077,2.51E-32
9403186,1.12E-30
9402039,2.79E-34
9202035,2.79E-34
12177,2.51E-32
9506204,2.79E-34
12002,1.23E-26
9502082,2.79E-34
9406217,2.79E-34
9905201,2.51E-32
9205037,2.79E-34
9602066,2.79E-34
9609219,3.28E-05
9711044,3.33E-30
9503010,2.79E-34
9701102,2.79E-34
209150,1.14E-30
205036,2.51E-32
9601034,1.12E-30
9604094,2.51E-32
9503114,1.14E-30
9212148,2.79E-34
9202075,2.79E-34
9803087,3.46E-21
9602049,1.19E-30
9510156,2.83E-23
9703139,2.51E-32
9504114,2.51E-32
9608050,1.12E-30
9801062,2.24E-30
9602174,6.09E-15
9609123,2.51E-32
9804021,2.51E-32
9206028,2.79E-34
9704156,3.29E-29
202056,2.51E-32
9610243,3.51E-29
9604008,2.51E-32
9710149,1.23E-26
9307109,2.51E-32
9510011,2.79E-34
9711146,2.79E-34
9305057,2.79E-34
9510083,2.79E-34
9301079,2.79E-34
9402004,1.33E-26
9311147,2.51E-32
9401148,1.14E-30
202201,2.51E-32
9611092,3.29E-29
9602096,2.51E-32
9505068,9.85E-29
6248,2.51E-32
9403111,2.79E-34
10172,3.29E-29
9801151,6.58E-15
9312198,2.51E-32
7178,2.51E-32
9204011,2.79E-34
9710101,7.81E-19
9608148,2.26E-30
9201011,2.79E-34
9703213,1.12E-30
9803038,9.82E-05
205040,2.79E-34
9310040,5.00E-32
9605105,3.29E-29
9307067,2.79E-34
9909140,2.51E-32
9208068,2.51E-32
9608070,2.79E-34
9208005,2.79E-34
9409029,2.79E-34
9503022,1.85E-19
9802049,6.57E-29
9411081,2.51E-32
9409080,2.79E-34
209102,2.51E-32
9711167,2.51E-32
206159,2.79E-34
9708064,3.29E-13
9906004,2.79E-34
9602069,2.51E-32
9207015,2.79E-34
9236,1.30E-26
9705062,2.51E-32
9605086,1.12E-30
9403119,2.51E-32
9207079,2.79E-34
210097,1.75E-25
9906177,2.79E-34
9706158,2.20E-22
9304014,2.79E-34
210084,2.51E-32
9312215,2.51E-32
9711084,2.51E-32
9704057,8.85E-14
205195,3.38E-25
9701179,1.12E-30
9509098,2.79E-34
9805214,2.79E-34
9609041,2.58E-14
205191,8.46E-28
9611158,2.79E-34
9706103,3.29E-29
9706090,3.40E-29
9205087,2.79E-34
9511208,2.51E-32
9211108,2.79E-34
9409093,1.12E-30
205301,1.12E-30
9612219,1.14E-30
9906123,2.79E-34
9802109,3.29E-29
5120,7.15E-28
9202092,2.79E-34
9710022,2.51E-32
9706179,3.16E-23
9609126,1.12E-30
11227,1.46E-27
10177,5.12E-25
9703071,2.51E-32
9203057,2.79E-34
9411134,1.12E-30
1033,2.51E-32
9710157,2.79E-34
9208072,2.79E-34
9512161,2.51E-32
9208060,2.79E-34
9712058,2.79E-34
9203030,2.79E-34
9405089,2.51E-32
9312101,2.79E-34
9501087,2.79E-34
9311057,2.79E-34
9402123,2.79E-34
9410201,2.51E-32
9211040,9.98E-32
9705231,2.79E-34
9512073,1.17E-30
9510208,2.47E-26
9908101,4.54E-18
9406125,1.12E-30
9204072,2.79E-34
9210064,2.79E-34
7025,1.12E-30
9306041,3.50E-29
9507139,2.79E-34
9704059,2.38E-23
9505073,2.67E-22
9205069,2.79E-34
9412124,2.51E-32
9912238,2.79E-34
9710069,1.12E-30
9304017,2.79E-34
9303038,2.79E-34
9410193,1.12E-30
11049,2.51E-32
9504148,3.40E-29
9705038,2.51E-32
9606025,5.00E-32
9702106,3.39E-29
9206061,2.79E-34
7176,2.51E-32
202198,1.12E-30
9609003,4.46E-17
9512201,2.79E-34
9410237,3.29E-24
9907031,2.79E-34
204086,2.79E-34
9205071,2.79E-34
9202072,2.79E-34
9904109,2.51E-32
9610013,2.79E-34
9702112,1.12E-30
9708054,2.51E-32
9805069,7.15E-28
9203039,2.79E-34
9903033,2.47E-26
8159,3.39E-29
9512065,5.00E-32
4051,2.51E-32
9412182,2.79E-34
9605111,2.79E-34
9501020,1.58E-26
9241,1.12E-30
9404106,2.51E-32
9610182,2.51E-32
9702075,6.46E-29
9211083,2.79E-34
9606003,2.51E-32
9209076,2.79E-34
9407010,2.79E-34
210311,2.51E-32
9501097,2.79E-34
9603062,2.51E-32
9610240,2.51E-32
205184,7.15E-28
9702096,2.79E-34
208091,2.51E-32
9706132,2.51E-32
9512172,2.79E-34
202147,2.79E-34
2062,3.29E-29
9706166,2.79E-34
9309060,2.79E-34
9602173,2.51E-32
9309106,2.79E-34
204166,6.57E-29
9507047,2.51E-32
9705162,7.48E-28
9206026,2.79E-34
9603202,2.79E-34
9609216,3.29E-29
9804058,0.001019296
9701023,2.24E-30
9206020,2.79E-34
4196,2.51E-32
9210052,2.79E-34
9606194,6.57E-29
9204003,2.79E-34
9309105,2.21E-30
202043,1.45E-11
9606078,2.79E-34
9302078,2.79E-34
9901036,2.79E-34
9311117,2.79E-34
9304005,2.79E-34
209226,2.51E-32
9412061,1.14E-30
11097,3.29E-29
5210,1.12E-30
9702135,2.79E-34
206211,1.75E-25
9602103,2.51E-32
9711127,8.85E-14
9801193,2.51E-32
9412184,3.29E-24
2027,2.51E-32
9501100,2.79E-34
9305139,2.79E-34
9801182,6.56E-05
9909106,2.79E-34
8181,2.51E-32
9606082,3.28E-05
9205107,2.79E-34
9401153,5.00E-32
9606130,7.98E-25
9711041,2.79E-34
9703110,3.28E-05
9704109,1.12E-30
9510121,2.79E-34
9310081,2.79E-34
9211057,2.79E-34
9508052,2.79E-34
9612150,2.51E-32
9202015,2.79E-34
9311060,2.79E-34
9911001,1.14E-30
9503101,2.79E-34
9206103,2.79E-34
9602070,3.28E-05
6238,6.05E-07
9408095,2.79E-34
9503099,2.02E-25
9202070,2.79E-34
9802180,2.79E-34
212107,1.23E-26
9703182,1.12E-30
9208018,2.79E-34
9601011,2.74E-16
9905127,0.133870074
9210121,5.00E-32
9410065,2.51E-32
3299,1.12E-30
9411124,1.12E-30
9210158,2.79E-34
4048,2.51E-32
9712220,2.00E-25
9308152,2.79E-34
201046,1.30E-26
9208078,2.79E-34
9410070,2.79E-34
9410112,2.79E-34
9209060,2.79E-34
9301036,2.79E-34
204215,2.79E-34
9908105,3.31E-30
9406131,2.51E-32
9204069,2.79E-34
9601131,2.51E-32
9908090,2.51E-32
9210098,2.79E-34
3056,5.00E-32
8121,1.12E-30
9608101,2.79E-34
9707131,5.29E-15
9712124,2.51E-32
9311059,2.79E-34
9306002,2.51E-32
9212051,2.79E-34
9409182,2.79E-34
206229,1.40E-27
9710219,1.12E-30
9911107,1.08E-13
9209065,2.79E-34
9308091,2.79E-34
1096,2.51E-32
9306131,2.79E-34
9610091,2.24E-30
12189,2.51E-32
201187,1.23E-26
9709077,1.12E-30
207272,3.29E-29
209086,1.12E-30
208118,7.16E-28
9607085,2.51E-32
12143,2.38E-23
9409044,2.79E-34
9706056,2.51E-32
9209059,2.79E-34
7195,3.39E-29
9210050,7.49E-32
9410167,3.21E-22
9505102,2.79E-34
9204049,2.79E-34
9307003,2.79E-34
9709100,6.58E-15
9412233,2.79E-34
9904181,1.30E-26
9207041,2.79E-34
9804164,8.44E-28
9602078,2.79E-34
9409119,2.21E-30
9605059,3.28E-05
9506026,2.79E-34
9712174,2.51E-32
9202040,2.79E-34
8105,1.12E-30
9612244,2.51E-32
9702023,2.79E-34
9707087,1.22E-10
8043,1.12E-30
9705199,3.28E-05
9412074,7.50E-28
9412097,2.79E-34
9512041,2.79E-34
207217,1.87E-25
9605209,2.34E-21
9612068,5.00E-32
9603021,2.79E-34
205051,1.12E-30
9307145,2.51E-32
9301034,2.79E-34
9402113,2.79E-34
1215,2.51E-32
9506111,2.51E-32
9705221,0.000197006
9705183,2.26E-30
7247,1.12E-30
9404172,2.51E-32
9601027,2.51E-32
9601078,4.50E-30
9304122,2.79E-34
9305028,2.79E-34
9211104,2.79E-34
201127,2.51E-32
9603065,2.79E-34
9302032,2.51E-32
202022,2.51E-32
9709142,2.79E-34
9402121,2.79E-34
9142,2.24E-30
9503116,2.79E-34
6036,4.16E-16
9611207,4.21E-24
9602053,2.79E-34
9503234,2.79E-34
204016,0.00013129
9610242,3.29E-29
9609182,2.51E-32
9903196,2.51E-32
9906184,2.79E-34
9607053,2.79E-34
9909101,1.12E-30
9202065,2.79E-34
9209074,2.79E-34
9711029,2.63E-24
9609231,2.51E-32
9302008,2.79E-34
9501056,3.29E-29
9412092,2.51E-32
9701101,2.16E-20
9205064,2.79E-34
9603012,5.00E-32
9408077,7.49E-32
9509079,2.79E-34
9408029,3.84E-29
9211103,2.79E-34
9910159,2.79E-34
1040,2.51E-32
9608058,2.79E-34
9703176,2.33E-21
2063,2.51E-32
9206001,2.79E-34
202001,2.79E-34
9701022,3.29E-29
9702127,2.51E-32
9203050,2.79E-34
9902124,2.79E-34
9201010,2.79E-34
9702043,3.28E-05
2022,1.14E-30
9410123,2.79E-34
9611072,3.70E-27
9411024,1.12E-30
9712256,2.51E-32
9403192,7.49E-32
9612080,1.12E-30
9510106,3.69E-26
9207080,2.79E-34
9902052,2.79E-34
9303041,2.51E-32
9304121,2.79E-34
9710109,1.12E-30
9911067,2.79E-34
203248,2.79E-34
9510089,2.79E-34
9405103,2.79E-34
3061,4.40E-30
9206090,2.79E-34
9201004,2.79E-34
9708076,1.12E-30
9804180,6.55E-05
9712056,1.15E-12
9403042,2.21E-30
9210140,2.79E-34
9412159,2.11E-27
9210022,2.79E-34
9311072,2.51E-32
11196,2.51E-32
9304142,2.79E-34
9303174,2.51E-32
9605166,2.51E-32
9412169,2.51E-32
9205009,2.79E-34
9308060,1.14E-30
210061,3.40E-29
9202007,2.79E-34
9407023,9.85E-29
9502070,1.12E-30
9209101,2.79E-34
9406042,2.79E-34
9311170,2.79E-34
9202,1.24E-26
9202011,2.79E-34
9210119,2.09E-29
9402002,2.51E-32
10253,2.51E-32
9303130,2.79E-34
209025,3.29E-29
9711188,2.79E-34
9804001,1.40E-27
207091,2.51E-32
9301115,2.79E-34
9206081,2.79E-34
9510091,2.79E-34
9401159,2.79E-34
9310110,2.79E-34
9607198,1.12E-30
9505117,1.12E-30
9612104,2.51E-32
9902033,2.51E-32
9310083,2.79E-34
9503212,2.94E-22
9712134,2.51E-32
9803113,1.12E-30
9205100,2.79E-34
9503014,1.12E-30
9907122,2.79E-34
9912160,2.79E-34
9406057,2.79E-34
209160,1.23E-26
9705139,1.52E-12
9207027,2.79E-34
9504010,2.82E-23
9511138,2.79E-34
9310026,1.49E-27
9204045,2.79E-34
9503126,2.79E-34
9606137,2.51E-32
9402098,2.79E-34
9610204,8.21E-24
9302088,2.79E-34
9309131,2.79E-34
9904015,9.79E-05
9704080,6.57E-05
8241,1.30E-26
9512086,2.51E-32
9303101,2.51E-32
9307104,2.79E-34
9705132,9.63E-29
9609218,2.79E-34
9612083,1.47E-27
9708116,8.39E-10
9803139,2.54E-20
9612018,3.29E-29
9901109,2.51E-32
9607032,3.28E-05
9705106,5.47E-25
206107,7.49E-28
5089,2.51E-32
205029,1.12E-30
9507121,3.29E-29
9507143,1.88E-19
9702086,3.28E-05
