Id,MAUT
220,0.0
221,0.0
222,0.0
223,0.0
224,0.29226336736377617
300,0.0
302,0.0
303,0.0
306,0.09742115125877183
308,0.0
310,0.0
311,0.0
312,0.09742115125877183
313,0.0
314,0.09742115125877183
315,0.0
316,0.0
317,0.0
318,0.0
319,0.4871056698813199
320,0.0
321,0.0
322,0.0
324,0.0
325,0.19484221610500427
326,0.19484221610500427
327,0.0
328,0.0
329,0.19484221610500427
330,0.29226336736377617
400,0.0
401,0.09742115125877183
402,0.7793690372450961
403,0.0
404,0.8767901020913286
405,0.09742115125877183
406,0.09742115125877183
407,0.0
408,0.09742115125877183
409,0.19484221610500427
410,1.363895771972648
411,0.0
412,0.29226336736377617
413,0.09742115125877183
414,0.0
415,0.19484221610500427
416,0.09742115125877183
417,0.09742115125877183
418,0.4871056698813199
419,0.09742115125877183
420,0.0
500,0.19484221610500427
501,0.09742115125877183
502,0.29226336736377617
503,0.09742115125877183
504,0.0
505,0.0
506,0.4871056698813199
507,0.09742115125877183
508,0.29226336736377617
509,0.19484221610500427
510,0.29226336736377617
511,0.29226336736377617
512,1.0716324046088725
513,0.0
514,0.09742115125877183
515,0.09742115125877183
516,1.0716324046088725
517,0.681947885986324
518,0.19484221610500427
519,0.0
520,0.09742115125877183
521,0.09742115125877183
522,0.09742115125877183
523,0.09742115125877183
524,0.0
525,0.0
526,0.38968451862254805
527,0.4871056698813199
528,0.0
600,0.4871056698813199
601,0.0
602,0.0
603,0.0
604,0.0
605,0.5845267347275523
606,0.09742115125877183
607,0.4871056698813199
608,0.19484221610500427
609,0.09742115125877183
610,0.0
611,0.19484221610500427
612,0.0
613,0.09742115125877183
614,0.29226336736377617
615,0.19484221610500427
616,0.8767901020913286
617,0.09742115125877183
618,0.09742115125877183
619,0.19484221610500427
620,0.0
621,0.0
622,0.19484221610500427
623,0.19484221610500427
624,0.19484221610500427
625,0.0
700,0.0
701,0.0
702,0.29226336736377617
703,0.09742115125877183
704,0.09742115125877183
705,0.19484221610500427
706,0.29226336736377617
707,0.09742115125877183
708,0.0
709,0.0
710,0.0
711,0.0
712,0.09742115125877183
713,0.09742115125877183
714,0.09742115125877183
715,0.09742115125877183
716,0.4871056698813199
717,0.19484221610500427
718,0.19484221610500427
719,0.0
720,0.9742112533501003
721,0.09742115125877183
722,0.0
723,0.0
724,0.0
725,0.5845267347275523
800,0.0
801,0.0
802,0.0
803,0.0
804,0.19484221610500427
805,0.0
806,0.09742115125877183
807,0.09742115125877183
808,1.4613169232314205
809,0.19484221610500427
810,0.38968451862254805
811,0.29226336736377617
812,0.09742115125877183
813,0.0
814,0.09742115125877183
815,0.0
816,0.38968451862254805
817,0.09742115125877183
818,0.09742115125877183
819,0.09742115125877183
820,0.4871056698813199
821,0.0
822,0.09742115125877183
823,0.0
824,0.0
825,0.5845267347275523
900,0.5845267347275523
901,0.09742115125877183
902,0.09742115125877183
903,0.09742115125877183
904,0.19484221610500427
905,0.09742115125877183
906,0.38968451862254805
907,0.09742115125877183
908,0.0
909,0.19484221610500427
910,0.5845267347275523
911,0.8767901020913286
912,0.19484221610500427
913,0.0
914,12.859588768893929
915,0.7793690372450961
916,0.19484221610500427
917,0.0
918,1.363895771972648
919,0.09742115125877183
920,0.09742115125877183
921,0.09742115125877183
922,0.0
923,0.38968451862254805
924,0.0
925,0.19484221610500427
1000,0.0
1001,0.0
1002,1.4613169232314205
1003,0.0
1004,0.29226336736377617
1005,0.0
1006,0.29226336736377617
1007,0.38968451862254805
1008,0.09742115125877183
1009,0.19484221610500427
1010,1.7535802905951963
1011,0.29226336736377617
1012,0.29226336736377617
1013,0.0
1014,1.0716324046088725
1015,0.38968451862254805
1016,0.0
1017,0.09742115125877183
1018,0.0
1019,0.681947885986324
1020,0.0
1021,0.09742115125877183
1022,0.0
1023,0.0
1024,0.38968451862254805
1025,0.0
1026,0.0
1027,0.09742115125877183
1028,0.0
1029,0.0
1100,0.09742115125877183
1101,0.0
1102,1.2664746207138766
1103,0.09742115125877183
1104,0.9742112533501003
1105,0.4871056698813199
1106,0.0
1107,0.0
1108,0.09742115125877183
1109,0.29226336736377617
1110,0.19484221610500427
1111,0.29226336736377617
1112,0.19484221610500427
1113,0.19484221610500427
1114,0.9742112533501003
1115,0.681947885986324
1116,0.0
1117,0.8767901020913286
1118,0.0
1119,0.19484221610500427
1120,0.0
1121,0.0
1122,0.19484221610500427
1123,0.19484221610500427
1124,0.0
1125,0.8767901020913286
1126,0.0
1127,0.5845267347275523
1128,0.0
1129,0.19484221610500427
1200,0.09742115125877183
1201,0.0
1202,0.19484221610500427
1203,0.0
1204,0.7793690372450961
1205,0.681947885986324
1206,0.8767901020913286
1207,0.4871056698813199
1208,0.19484221610500427
1209,0.19484221610500427
1210,0.0
1211,1.5587379880776526
1212,0.09742115125877183
1213,0.09742115125877183
1214,0.0
1215,0.38968451862254805
1216,0.19484221610500427
1217,0.4871056698813199
1218,0.681947885986324
1219,0.38968451862254805
1220,0.19484221610500427
1221,0.19484221610500427
1222,0.29226336736377617
1223,0.19484221610500427
1224,0.0
1225,0.09742115125877183
1226,0.29226336736377617
1227,0.29226336736377617
10102,0.0
10111,0.0
10116,0.0
10117,0.0
10118,0.0
10201,0.0
10202,0.0
10203,0.0
10204,0.0
10205,0.0
10206,0.0
10214,0.0
10215,0.0
10217,0.0
10301,0.0
10302,1.0716324046088725
10303,0.8767901020913286
10304,0.29226336736377617
10305,0.0
10306,0.0
10307,0.09742115125877183
10308,0.0
10309,0.0
10310,0.0
10311,0.4871056698813199
10312,0.29226336736377617
10313,0.0
10314,0.4871056698813199
10315,1.2664746207138766
10316,0.5845267347275523
10317,0.0
10318,0.19484221610500427
10319,0.19484221610500427
10320,0.19484221610500427
10321,0.19484221610500427
10322,0.09742115125877183
10323,0.09742115125877183
10324,0.5845267347275523
10325,0.09742115125877183
10326,0.4871056698813199
10400,0.09742115125877183
10401,0.0
10402,0.0
10403,0.29226336736377617
10404,0.4871056698813199
10405,0.09742115125877183
10406,0.4871056698813199
10407,0.7793690372450961
10408,0.19484221610500427
10409,0.0
10410,0.0
10411,0.5845267347275523
10412,0.09742115125877183
10413,1.169053555867644
10414,0.0
10415,0.0
10416,0.09742115125877183
10417,0.5845267347275523
10418,0.0
10419,0.38968451862254805
10420,0.0
10421,1.2664746207138766
10422,0.0
10423,3.5071605811903925
10424,0.0
10425,0.09742115125877183
10426,0.29226336736377617
10500,0.0
10501,3.117476062567845
10502,0.19484221610500427
10503,0.4871056698813199
10504,1.8510014418539684
10505,0.4871056698813199
10506,1.169053555867644
10507,3.6045816460366256
10508,2.2406858740639772
10509,0.09742115125877183
10510,0.09742115125877183
10511,0.29226336736377617
10512,0.5845267347275523
10513,0.09742115125877183
10514,0.09742115125877183
10515,0.09742115125877183
10516,0.19484221610500427
10517,1.5587379880776526
10518,1.169053555867644
10519,0.19484221610500427
10520,1.5587379880776526
10521,0.0
10522,0.0
10523,0.29226336736377617
10524,0.5845267347275523
10525,2.43552817658152
10526,1.6561591393364246
10527,0.29226336736377617
10528,0.09742115125877183
10530,0.681947885986324
10531,0.0
10532,0.09742115125877183
10600,0.19484221610500427
10601,2.2406858740639772
10602,0.19484221610500427
10603,0.0
10604,0.4871056698813199
10605,0.681947885986324
10606,0.09742115125877183
10607,0.19484221610500427
10608,0.29226336736377617
10609,0.09742115125877183
10610,0.29226336736377617
10611,0.0
10612,0.0
10613,0.09742115125877183
10614,0.5845267347275523
10615,0.4871056698813199
10616,0.5845267347275523
10617,0.09742115125877183
10618,0.4871056698813199
10619,0.7793690372450961
10620,0.0
10621,0.0
10622,0.5845267347275523
10623,0.09742115125877183
10624,0.19484221610500427
10625,0.19484221610500427
10626,0.19484221610500427
10627,0.0
10628,0.09742115125877183
10700,0.09742115125877183
10701,0.09742115125877183
10702,0.29226336736377617
10703,0.0
10704,0.09742115125877183
10705,0.29226336736377617
10706,0.19484221610500427
10707,0.0
10708,0.19484221610500427
10709,0.19484221610500427
10710,0.09742115125877183
10711,0.19484221610500427
10712,0.09742115125877183
10713,0.0
10714,0.19484221610500427
10715,0.5845267347275523
10716,0.5845267347275523
10717,0.0
10718,1.169053555867644
10719,1.169053555867644
10720,0.5845267347275523
10721,0.19484221610500427
10722,0.38968451862254805
10723,0.0
10724,0.19484221610500427
10725,0.4871056698813199
10726,0.0
10800,0.09742115125877183
10801,0.0
10802,0.0
10803,0.7793690372450961
10804,0.09742115125877183
10805,0.29226336736377617
10806,0.0
10807,0.0
10808,0.0
10809,0.09742115125877183
10810,0.38968451862254805
10811,0.4871056698813199
10812,0.7793690372450961
10813,0.0
10814,0.19484221610500427
10815,0.09742115125877183
10816,0.19484221610500427
10817,0.19484221610500427
10818,0.19484221610500427
10819,0.4871056698813199
10820,0.38968451862254805
10821,0.5845267347275523
10822,0.0
10823,0.681947885986324
10824,0.38968451862254805
10900,0.38968451862254805
10901,0.29226336736377617
10902,0.0
10903,0.19484221610500427
10904,0.0
10905,0.09742115125877183
10906,0.09742115125877183
10907,0.09742115125877183
10908,0.38968451862254805
10909,1.2664746207138766
10910,0.29226336736377617
10911,0.19484221610500427
10912,0.0
10913,0.19484221610500427
10914,0.19484221610500427
10915,0.0
10916,0.0
10917,0.38968451862254805
10918,0.0
10919,0.29226336736377617
10920,0.0
10921,0.29226336736377617
10922,0.0
11000,0.0
11001,0.09742115125877183
11002,0.0
11003,0.0
11004,0.38968451862254805
11005,0.29226336736377617
11006,0.0
11007,0.09742115125877183
11008,0.0
11009,0.0
11010,0.19484221610500427
11011,0.4871056698813199
11012,0.09742115125877183
11013,0.0
11014,0.4871056698813199
11015,0.0
11016,0.29226336736377617
11017,0.0
11018,0.19484221610500427
11019,0.0
11020,0.09742115125877183
11021,0.09742115125877183
11022,0.29226336736377617
11023,0.0
11024,0.7793690372450961
11025,0.0
11026,0.29226336736377617
11027,0.29226336736377617
11028,0.0
11029,0.0
11030,1.0716324046088725
11100,0.09742115125877183
11101,0.19484221610500427
11102,0.0
11103,0.38968451862254805
11104,0.0
11105,0.29226336736377617
11106,0.19484221610500427
11107,0.0
11108,0.0
11109,0.09742115125877183
11110,0.19484221610500427
11111,0.0
11112,0.0
11113,0.0
11114,0.0
11115,0.38968451862254805
11116,0.0
11117,0.0
11118,0.09742115125877183
11119,0.09742115125877183
11120,0.29226336736377617
11121,0.0
11122,0.29226336736377617
11123,0.0
11124,0.09742115125877183
11125,0.19484221610500427
11126,0.19484221610500427
11127,0.0
11128,0.0
11129,1.6561591393364246
11200,0.681947885986324
11201,0.0
11202,0.09742115125877183
11203,0.09742115125877183
11204,1.9484225067002006
11205,0.0
11206,0.09742115125877183
11207,0.29226336736377617
11208,0.38968451862254805
11209,0.0
11210,0.0
11211,0.5845267347275523
11212,0.0
11213,0.681947885986324
11214,0.0
11215,1.0716324046088725
11216,0.5845267347275523
11217,0.38968451862254805
11218,0.4871056698813199
11219,0.4871056698813199
11220,0.09742115125877183
11221,0.0
11222,0.4871056698813199
11223,0.09742115125877183
11224,0.0
11225,0.29226336736377617
11226,0.19484221610500427
20100,0.0
20101,0.09742115125877183
20102,0.0
20103,0.0
20104,0.0
20105,0.0
20106,0.09742115125877183
20107,0.0
20110,0.0
20111,0.0
20112,0.0
20113,0.0
20114,0.0
20115,0.0
20116,0.0
20117,0.0
20118,0.0
20119,0.0
20120,0.0
20121,0.09742115125877183
20122,0.0
20123,0.0
20124,0.0
20125,0.0
20126,0.0
20200,0.09742115125877183
20203,0.09742115125877183
20204,0.09742115125877183
20205,0.0
20206,0.0
20207,0.0
20208,0.0
20210,0.0
20211,0.0
20212,0.0
20213,0.0
20214,0.09742115125877183
20216,0.0
20217,0.0
20218,0.0
20219,0.09742115125877183
20220,0.0
20300,0.0
20302,0.0
20303,0.0
20304,0.0
20306,0.0
20307,0.0
20308,0.0
20309,0.0
20310,0.0
20312,0.0
20313,0.0
20314,0.0
20315,0.0
20316,0.0
20317,0.0
20318,0.0
20319,0.0
20320,0.0
20321,0.0
20322,0.09742115125877183
20324,0.0
20325,0.0
20326,0.0
20327,0.0
20401,0.0
20403,0.0
20406,0.0
20408,0.0
20409,0.09742115125877183
20410,0.0
20411,0.09742115125877183
20412,0.0
20413,0.0
20414,0.09742115125877183
20415,0.0
20416,0.09742115125877183
20417,0.0
20418,0.0
20420,0.0
20421,0.0
20422,0.0
20423,0.09742115125877183
20425,0.38968451862254805
20500,0.0
20501,0.0
20502,0.0
20503,0.0
20504,0.19484221610500427
20505,0.0
20506,0.8767901020913286
20507,0.0
20508,0.0
20509,0.09742115125877183
20510,0.0
20511,0.0
20512,0.0
20513,0.29226336736377617
20514,0.0
20515,0.09742115125877183
20516,0.09742115125877183
20517,0.19484221610500427
20518,0.7793690372450961
20519,0.5845267347275523
20520,0.19484221610500427
20521,2.6303703926865256
20522,0.09742115125877183
20523,0.19484221610500427
20524,0.09742115125877183
20525,0.0
20526,0.0
20527,0.0
20528,0.09742115125877183
20529,1.8510014418539684
20530,0.19484221610500427
20531,2.727791543945296
20532,0.5845267347275523
20600,0.09742115125877183
20601,0.29226336736377617
20602,0.09742115125877183
20603,0.0
20604,0.09742115125877183
20605,0.0
20606,0.0
20607,3.0200549113090736
20608,0.0
20609,0.0
20610,0.9742112533501003
20611,0.0
20612,0.0
20613,0.09742115125877183
20614,0.0
20615,0.0
20616,0.0
20617,0.681947885986324
20618,0.7793690372450961
20619,0.09742115125877183
20620,0.681947885986324
20621,0.09742115125877183
20622,0.29226336736377617
20623,0.29226336736377617
20624,0.0
20625,0.19484221610500427
20700,0.0
20701,0.38968451862254805
20702,0.19484221610500427
20703,0.19484221610500427
20704,0.0
20705,0.8767901020913286
20706,0.0
20707,0.09742115125877183
20708,0.0
20709,0.38968451862254805
20710,0.681947885986324
20711,0.0
20712,0.09742115125877183
20713,0.19484221610500427
20714,0.0
20715,1.0716324046088725
20716,0.09742115125877183
20717,0.0
20718,0.0
20719,0.0
20720,0.38968451862254805
20721,0.0
20722,0.0
20723,0.09742115125877183
20724,0.0
20725,0.09742115125877183
20726,0.0
20727,0.09742115125877183
20728,0.09742115125877183
20800,0.19484221610500427
20801,0.4871056698813199
20802,0.681947885986324
20803,1.9484225067002006
20804,0.09742115125877183
20805,0.0
20806,0.09742115125877183
20807,0.9742112533501003
20808,0.0
20809,0.09742115125877183
20810,0.0
20811,0.09742115125877183
20812,0.0
20813,0.19484221610500427
20814,0.29226336736377617
20815,0.09742115125877183
20816,0.0
20817,0.09742115125877183
20818,0.0
20819,0.0
20820,2.6303703926865256
20821,0.0
20822,0.0
20823,0.09742115125877183
20900,0.29226336736377617
20901,0.19484221610500427
20902,0.09742115125877183
20903,0.29226336736377617
20904,0.0
20905,0.09742115125877183
20906,0.09742115125877183
20907,0.09742115125877183
20908,0.0
20909,0.09742115125877183
20910,0.29226336736377617
20911,0.09742115125877183
20912,0.0
20913,0.0
20914,0.19484221610500427
20915,0.0
20916,0.09742115125877183
20917,0.0
20918,0.19484221610500427
20919,0.0
20920,0.5845267347275523
20921,0.5845267347275523
20922,0.0
20923,0.0
20924,0.0
20925,0.0
20926,2.3381070253227483
21000,0.09742115125877183
21001,0.0
21002,0.0
21003,0.0
21004,0.4871056698813199
21005,0.09742115125877183
21006,0.19484221610500427
21007,0.29226336736377617
21008,0.0
21009,0.0
21010,0.0
21011,0.0
21012,0.0
21013,0.09742115125877183
21014,0.0
21015,0.09742115125877183
21016,0.0
21017,0.0
21018,0.19484221610500427
21019,0.0
21020,0.0
21021,0.09742115125877183
21022,0.0
21023,0.681947885986324
21024,0.4871056698813199
21025,0.0
21026,0.0
21027,0.09742115125877183
21028,0.09742115125877183
21029,0.0
21030,0.0
21031,0.09742115125877183
21100,1.169053555867644
21101,3.6045816460366256
21102,0.4871056698813199
21103,0.5845267347275523
21104,0.0
21105,2.43552817658152
21106,0.4871056698813199
21107,0.19484221610500427
21108,0.09742115125877183
21109,0.5845267347275523
21110,0.29226336736377617
21111,0.19484221610500427
21112,0.8767901020913286
21113,0.9742112533501003
21114,0.0
21115,0.09742115125877183
21116,0.19484221610500427
21117,0.19484221610500427
21118,2.727791543945296
21119,1.2664746207138766
21120,0.0
21121,2.532949327840292
21122,0.0
21123,0.0
21124,2.43552817658152
21125,3.409739429931621
21126,0.09742115125877183
21127,0.0
21128,0.09742115125877183
21129,1.363895771972648
21200,0.0
21201,0.0
21202,0.0
21203,0.0
21204,0.0
21205,0.5845267347275523
21206,0.0
21207,0.0
21208,3.9942661646591735
21209,1.169053555867644
21210,0.09742115125877183
21211,0.19484221610500427
21212,0.0
21213,0.0
21214,0.0
21215,0.0
21216,0.681947885986324
21217,0.09742115125877183
21218,0.29226336736377617
21219,0.0
21220,0.38968451862254805
21221,0.4871056698813199
21222,0.0
21223,0.09742115125877183
21224,0.0
21225,0.29226336736377617
21226,3.117476062567845
21227,4.968477504421814
21228,0.0
21229,0.0
21230,0.0
21231,0.9742112533501003
21232,0.19484221610500427
21233,0.29226336736377617
21234,2.532949327840292
30100,0.0
30101,0.0
30102,0.0
30103,0.29226336736377617
30104,0.0
30105,0.0
30106,0.09742115125877183
30107,0.0
30108,0.29226336736377617
30109,0.0
30110,0.0
30111,0.0
30112,0.0
30113,0.0
30114,0.0
30115,0.09742115125877183
30116,0.0
30117,0.0
30118,0.09742115125877183
30119,0.0
30120,0.38968451862254805
30121,0.0
30122,0.0
30123,0.0
30124,0.0
30125,3.312318278672849
30200,0.0
30201,0.09742115125877183
30202,1.7535802905951963
30203,0.0
30204,0.09742115125877183
30205,0.0
30206,1.8510014418539684
30207,0.0
30208,0.19484221610500427
30209,0.0
30210,0.0
30211,0.0
30212,0.09742115125877183
30213,0.19484221610500427
30214,0.0
30215,0.0
30216,0.0
30217,0.0
30218,0.0
30219,0.0
30220,0.09742115125877183
30221,0.0
30222,0.0
30300,0.0
30301,0.0
30302,0.0
30303,0.0
30304,0.0
30305,0.09742115125877183
30306,0.0
30307,0.0
30308,0.09742115125877183
30309,0.29226336736377617
30310,0.0
30311,0.0
30312,0.0
30313,0.0
30314,0.0
30315,0.38968451862254805
30316,0.0
30317,0.0
30318,0.0
30319,0.0
30320,0.0
30321,0.0
30322,0.0
30323,0.09742115125877183
30324,0.0
30325,0.0
30326,0.29226336736377617
30327,1.169053555867644
30400,0.0
30401,0.0
30402,0.0
30403,0.09742115125877183
30404,0.09742115125877183
30405,0.09742115125877183
30406,0.19484221610500427
30407,0.09742115125877183
30408,0.09742115125877183
30409,0.09742115125877183
30410,0.0
30411,0.0
30412,0.0
30413,0.0
30414,0.0
30415,0.0
30416,0.0
30417,0.0
30418,0.0
30419,0.09742115125877183
30420,0.0
30421,0.0
30422,0.0
30423,0.0
30424,0.0
30425,0.0
30426,0.09742115125877183
30427,2.532949327840292
920100,1.5587379880776526
920101,0.4871056698813199
920102,0.5845267347275523
920103,0.0
920104,0.0
920105,0.19484221610500427
920106,0.0
920107,0.38968451862254805
920108,1.169053555867644
920200,0.09742115125877183
920201,0.0
920202,0.0
920203,0.0
920204,0.09742115125877183
920205,0.19484221610500427
920206,0.0
920207,0.0
920208,0.09742115125877183
920209,0.0
920300,0.19484221610500427
920301,0.0
920302,0.0
920303,0.09742115125877183
920304,0.0
920305,0.29226336736377617
920306,0.5845267347275523
920307,1.5587379880776526
920308,0.681947885986324
920400,0.0
920401,0.38968451862254805
920402,0.0
920403,0.0
920404,0.0
920405,0.09742115125877183
920406,0.0
920407,0.0
920408,0.0
920409,0.0
920410,0.19484221610500427
920500,0.19484221610500427
920501,0.09742115125877183
920502,0.0
920503,0.0
920504,0.0
920505,0.29226336736377617
920506,0.0
920507,0.38968451862254805
920508,0.09742115125877183
920509,0.0
920510,0.0
920511,0.0
920600,0.0
920601,0.0
920602,0.0
920603,0.09742115125877183
920604,0.0
920605,0.4871056698813199
920606,0.0
920607,0.0
920608,0.0
920609,0.09742115125877183
920610,0.09742115125877183
920611,0.09742115125877183
920700,0.19484221610500427
920701,0.0
920702,0.0
920703,0.0
920704,0.0
920705,0.0
920706,0.0
920707,0.0
920708,0.0
920709,0.0
920710,0.29226336736377617
920711,0.0
920800,0.19484221610500427
920801,0.0
920802,0.09742115125877183
920803,0.0
920804,0.0
920805,0.0
920806,0.0
920807,0.09742115125877183
920808,0.0
920900,0.19484221610500427
920901,0.0
920902,0.0
920903,0.19484221610500427
920904,0.0
920905,0.0
920906,0.0
920907,0.0
920908,0.38968451862254805
920909,0.0
920910,0.0
920911,0.09742115125877183
920912,0.5845267347275523
920913,0.38968451862254805
921000,0.19484221610500427
921001,0.0
921002,0.09742115125877183
921003,0.0
921004,0.0
921005,0.0
921006,0.29226336736377617
921007,0.0
921008,0.0
921009,0.0
921010,0.0
921011,0.0
921012,0.19484221610500427
921013,0.19484221610500427
921014,0.0
921015,0.0
921016,0.0
921100,0.0
921101,0.09742115125877183
921102,0.09742115125877183
921103,0.19484221610500427
921104,0.0
921105,0.0
921106,0.0
921107,0.09742115125877183
921108,0.0
921109,0.0
921110,0.0
921111,0.09742115125877183
921112,0.0
921113,0.19484221610500427
921114,0.19484221610500427
921200,0.29226336736377617
921201,0.0
921202,0.5845267347275523
921203,0.0
921204,0.19484221610500427
921205,0.19484221610500427
921207,0.0
921208,0.09742115125877183
921209,0.09742115125877183
921210,0.0
921211,0.9742112533501003
921212,0.0
921213,0.0
921214,0.0
921215,0.0
930100,0.0
930101,0.0
930102,0.0
930103,0.0
930104,0.0
930105,0.19484221610500427
930106,0.09742115125877183
930107,0.0
930108,0.0
930109,0.09742115125877183
930110,0.0
930111,0.09742115125877183
930112,0.0
930113,0.09742115125877183
930200,0.0
930201,0.19484221610500427
930202,1.7535802905951963
930203,0.09742115125877183
930204,0.0
930205,0.0
930206,0.0
930207,0.9742112533501003
930208,0.09742115125877183
930209,0.0
930210,0.0
930211,0.0
930212,0.29226336736377617
930213,1.8510014418539684
930214,0.0
930300,0.09742115125877183
930301,0.0
930302,0.09742115125877183
930303,0.0
930304,0.09742115125877183
930305,0.38968451862254805
930306,0.19484221610500427
930307,0.19484221610500427
930308,0.0
930309,0.09742115125877183
930310,0.09742115125877183
930311,0.0
930312,1.9484225067002006
930313,1.5587379880776526
930314,0.0
930315,0.19484221610500427
930316,0.0
930317,0.0
930400,0.0
930401,0.0
930402,0.0
930403,0.09742115125877183
930404,0.0
930405,0.4871056698813199
930406,0.19484221610500427
930407,0.0
930408,0.09742115125877183
930409,0.0
930410,0.0
930411,0.0
930412,0.09742115125877183
930413,0.19484221610500427
930414,0.0
930415,0.4871056698813199
930416,0.29226336736377617
930500,0.5845267347275523
930501,0.09742115125877183
930502,0.29226336736377617
930503,0.38968451862254805
930504,0.0
930505,0.0
930506,0.38968451862254805
930507,0.09742115125877183
930508,0.09742115125877183
930509,0.0
930510,0.0
930511,0.0
930512,0.4871056698813199
930513,0.38968451862254805
930514,0.0
930515,0.0
930516,0.0
930517,0.0
930518,0.0
930600,0.0
930601,0.09742115125877183
930602,0.0
930603,0.0
930604,0.0
930605,0.09742115125877183
930606,0.0
930607,0.4871056698813199
930608,0.0
930609,0.19484221610500427
930610,0.0
930611,0.0
930612,0.09742115125877183
930613,0.09742115125877183
930614,0.29226336736377617
930615,0.38968451862254805
930616,0.09742115125877183
930700,0.09742115125877183
930701,0.0
930702,0.0
930703,0.0
930704,1.5587379880776526
930705,0.0
930706,0.0
930707,0.4871056698813199
930708,0.0
930709,0.09742115125877183
930710,0.09742115125877183
930711,0.19484221610500427
930712,0.09742115125877183
930713,0.29226336736377617
930714,0.29226336736377617
930716,0.0
930717,0.0
930718,0.0
930719,0.0
930800,0.4871056698813199
930801,0.0
930802,0.09742115125877183
930803,0.0
930804,0.0
930805,0.29226336736377617
930806,0.0
930807,0.38968451862254805
930808,0.0
930809,0.0
930810,0.0
930811,0.0
930812,0.0
930813,0.09742115125877183
930814,0.0
930815,0.09742115125877183
930900,0.29226336736377617
930901,0.0
930902,0.0
930903,0.19484221610500427
930904,0.09742115125877183
930905,0.0
930906,0.0
930907,0.0
930908,0.09742115125877183
930909,0.0
930910,0.09742115125877183
930911,0.0
930912,0.29226336736377617
930913,0.09742115125877183
930914,0.09742115125877183
931001,0.0
931002,0.0
931003,0.0
931004,0.0
931005,0.0
931006,0.0
931007,0.09742115125877183
931008,0.0
931009,0.09742115125877183
931010,0.0
931011,0.29226336736377617
931012,0.29226336736377617
931013,0.0
931014,0.09742115125877183
931015,0.0
931016,0.09742115125877183
931017,0.09742115125877183
931018,0.5845267347275523
931019,0.0
931020,0.9742112533501003
931100,0.38968451862254805
931101,0.29226336736377617
931102,0.0
931103,0.0
931104,0.09742115125877183
931105,0.29226336736377617
931106,0.0
931107,0.0
931108,0.0
931109,0.09742115125877183
931110,0.0
931111,0.0
931112,0.0
931113,0.38968451862254805
931114,0.0
931115,0.0
931116,0.0
931117,0.0
931118,1.363895771972648
931200,0.38968451862254805
931201,0.09742115125877183
931202,0.0
931203,0.0
931204,1.5587379880776526
931205,0.29226336736377617
931206,0.0
931207,0.0
931208,0.0
931209,0.0
931210,0.0
931211,0.681947885986324
931212,0.0
931213,0.0
931214,0.0
931215,0.0
931216,0.9742112533501003
931217,0.0
931218,1.169053555867644
931219,0.0
931220,0.09742115125877183
931221,0.09742115125877183
940100,0.9742112533501003
940101,0.0
940102,0.38968451862254805
940103,0.0
940104,0.0
940105,0.0
940106,0.0
940107,0.0
940108,0.0
940109,0.0
940110,0.0
940111,0.0
940112,0.09742115125877183
940113,0.19484221610500427
940114,0.0
940115,0.0
940116,0.0
940200,0.38968451862254805
940201,0.0
940202,0.19484221610500427
940203,0.7793690372450961
940204,0.09742115125877183
940205,0.0
940206,0.19484221610500427
940207,0.0
940208,0.0
940209,0.19484221610500427
940210,0.0
940211,0.09742115125877183
940212,0.09742115125877183
940213,0.0
940214,0.0
940215,0.38968451862254805
940300,0.19484221610500427
940301,0.09742115125877183
940302,0.0
940303,0.0
940304,0.8767901020913286
940305,0.0
940306,0.0
940307,0.0
940308,0.09742115125877183
940309,0.29226336736377617
940310,0.0
940311,0.0
940312,0.0
940313,0.0
940314,0.0
940315,0.0
940316,0.0
940317,0.09742115125877183
940318,0.0
940319,0.09742115125877183
940400,0.19484221610500427
940401,0.0
940402,0.0
940403,0.0
940404,0.0
940405,0.0
940406,0.0
940407,0.19484221610500427
940408,0.19484221610500427
940409,0.0
940410,0.0
940411,0.0
940412,0.09742115125877183
940413,0.4871056698813199
940414,0.0
940415,0.0
940416,0.0
940417,0.0
940418,0.0
940419,0.0
940500,0.19484221610500427
940501,0.09742115125877183
940502,0.09742115125877183
940503,0.19484221610500427
940504,0.19484221610500427
940505,0.09742115125877183
940506,0.0
940507,0.09742115125877183
940508,0.4871056698813199
940509,0.0
940510,0.09742115125877183
940511,0.0
940512,0.09742115125877183
940513,0.29226336736377617
940514,0.19484221610500427
940515,0.09742115125877183
940516,0.09742115125877183
940517,0.0
940518,0.0
940519,0.09742115125877183
940520,0.09742115125877183
940600,0.0
940601,0.0
940602,0.19484221610500427
940603,0.09742115125877183
940604,0.0
940605,0.09742115125877183
940606,0.0
940607,0.0
940608,0.0
940609,0.29226336736377617
940610,0.0
940611,0.38968451862254805
940612,0.0
940613,0.0
940614,0.0
940615,0.19484221610500427
940616,0.0
940617,0.0
940618,0.0
940619,0.0
940620,0.0
940621,0.0
940700,0.38968451862254805
940701,0.0
940702,0.0
940703,0.29226336736377617
940704,0.0
940705,0.09742115125877183
940706,0.09742115125877183
940707,0.29226336736377617
940708,0.0
940709,0.0
940710,0.0
940711,0.29226336736377617
940713,0.0
940714,0.0
940715,0.0
940716,0.09742115125877183
940717,0.0
940718,0.19484221610500427
940719,0.19484221610500427
940800,0.0
940801,0.0
940802,0.29226336736377617
940803,0.0
940804,0.29226336736377617
940805,0.0
940806,0.0
940807,0.0
940808,0.0
940809,0.0
940810,0.0
940811,0.0
940812,0.19484221610500427
940813,0.0
940814,0.0
940815,0.0
940816,0.0
940817,0.0
940900,0.19484221610500427
940901,0.09742115125877183
940902,0.09742115125877183
940903,0.0
940904,0.19484221610500427
940905,0.29226336736377617
940906,1.6561591393364246
940907,0.0
940908,0.09742115125877183
940909,0.09742115125877183
940910,0.09742115125877183
940911,0.0
940912,0.0
940913,0.0
940914,0.0
940915,0.29226336736377617
940916,0.0
940917,0.0
940918,0.0
940919,0.0
940920,0.29226336736377617
941000,0.09742115125877183
941001,0.09742115125877183
941002,0.0
941003,0.0
941004,0.09742115125877183
941005,0.0
941006,0.0
941007,0.0
941008,0.0
941009,0.0
941010,0.09742115125877183
941011,0.0
941012,0.0
941013,0.0
941014,0.0
941015,0.0
941016,0.0
941017,0.0
941018,0.0
941019,0.0
941020,0.0
941021,0.0
941022,0.09742115125877183
941023,0.09742115125877183
941024,0.0
941100,0.0
941101,0.5845267347275523
941102,0.29226336736377617
941103,0.29226336736377617
941104,0.09742115125877183
941105,0.09742115125877183
941106,0.29226336736377617
941107,0.681947885986324
941108,0.0
941109,0.09742115125877183
941110,0.9742112533501003
941111,0.0
941112,0.0
941113,0.0
941114,0.19484221610500427
941115,0.0
941116,0.0
941117,0.0
941118,0.0
941119,0.0
941120,0.0
941121,0.0
941122,0.19484221610500427
941123,0.0
941124,0.8767901020913286
941200,0.0
941201,0.09742115125877183
941202,0.19484221610500427
941203,0.0
941204,0.0
941205,0.09742115125877183
941206,0.0
941207,0.4871056698813199
941208,0.0
941209,0.0
941210,0.0
941211,0.0
941212,0.19484221610500427
941213,0.0
941214,0.0
941215,0.19484221610500427
941216,0.19484221610500427
941217,0.0
941218,0.09742115125877183
941219,0.0
941220,0.0
941221,0.09742115125877183
941222,0.19484221610500427
941223,0.19484221610500427
941224,0.19484221610500427
950100,0.19484221610500427
950101,0.0
950102,0.0
950103,0.5845267347275523
950104,0.0
950105,0.29226336736377617
950106,0.09742115125877183
950107,0.0
950108,0.0
950109,0.38968451862254805
950110,0.0
950111,0.0
950112,0.19484221610500427
950113,0.0
950114,0.29226336736377617
950200,0.0
950201,0.19484221610500427
950202,0.0
950203,0.0
950204,0.0
950205,0.0
950206,0.0
950207,0.19484221610500427
950208,0.19484221610500427
950209,0.19484221610500427
950210,0.38968451862254805
950211,0.0
950212,0.0
950213,1.169053555867644
950214,0.0
950215,0.09742115125877183
950216,0.19484221610500427
950300,0.0
950301,0.0
950302,0.19484221610500427
950303,0.09742115125877183
950304,0.29226336736377617
950305,0.0
950306,0.19484221610500427
950307,0.29226336736377617
950308,0.09742115125877183
950309,0.09742115125877183
950310,0.0
950311,0.0
950312,0.0
950313,0.29226336736377617
950314,0.09742115125877183
950315,0.09742115125877183
950316,0.0
950317,0.09742115125877183
950318,0.0
950319,0.0
950320,0.29226336736377617
950321,0.0
950322,0.4871056698813199
950323,0.09742115125877183
950400,0.09742115125877183
950401,0.0
950402,0.29226336736377617
950403,0.0
950404,0.09742115125877183
950405,0.0
950406,0.0
950407,0.29226336736377617
950408,0.0
950409,1.0716324046088725
950410,0.0
950411,0.0
950412,0.29226336736377617
950413,0.09742115125877183
950414,1.0716324046088725
950415,0.4871056698813199
950416,0.0
950500,0.19484221610500427
950501,0.0
950502,0.0
950503,0.0
950504,0.0
950505,0.19484221610500427
950506,0.0
950507,0.0
950508,0.19484221610500427
950509,0.0
950510,0.09742115125877183
950511,0.0
950512,0.09742115125877183
950513,0.09742115125877183
950514,0.29226336736377617
950515,1.363895771972648
950516,0.0
950517,0.0
950518,0.09742115125877183
950519,0.19484221610500427
950600,0.0
950601,0.19484221610500427
950603,0.0
950604,0.09742115125877183
950605,0.0
950606,0.0
950607,0.09742115125877183
950608,0.09742115125877183
950609,0.0
950610,0.5845267347275523
950611,0.19484221610500427
950612,0.0
950613,0.09742115125877183
950614,0.0
950615,0.09742115125877183
950616,0.0
950617,0.09742115125877183
950618,0.38968451862254805
950619,0.0
950620,0.0
950621,0.0
950700,0.19484221610500427
950701,0.5845267347275523
950702,0.0
950703,0.0
950704,0.09742115125877183
950705,0.09742115125877183
950706,0.0
950707,0.09742115125877183
950708,0.0
950709,0.09742115125877183
950710,0.09742115125877183
950711,0.09742115125877183
950712,0.0
950713,0.09742115125877183
950714,0.0
950715,0.09742115125877183
950716,0.09742115125877183
950717,0.19484221610500427
950800,0.681947885986324
950801,0.0
950802,0.0
950803,0.0
950804,0.0
950805,0.19484221610500427
950806,0.0
950809,0.09742115125877183
950810,0.0
950817,0.0
950901,0.0
950903,0.09742115125877183
950904,0.0
950906,0.09742115125877183
950908,0.0
950910,0.0
950912,0.0
950913,0.0
950915,0.0
951000,0.0
951001,0.0
951002,0.0
951004,0.0
951006,0.0
951007,0.09742115125877183
951011,0.0
951012,0.0
951013,0.5845267347275523
951014,0.38968451862254805
951015,0.29226336736377617
951016,0.0
951017,0.0
951018,0.19484221610500427
951019,0.19484221610500427
951020,0.19484221610500427
951021,0.09742115125877183
951022,0.19484221610500427
951023,0.0
951024,0.09742115125877183
951100,0.0
951101,0.0
951102,0.0
951103,0.0
951104,0.0
951105,0.4871056698813199
951106,0.09742115125877183
951107,0.0
951108,0.0
951109,0.0
951110,0.0
951111,0.681947885986324
951112,0.09742115125877183
951113,0.0
951114,0.0
951115,0.0
951116,0.09742115125877183
951117,0.0
951118,0.0
951119,0.29226336736377617
951120,0.0
951121,0.0
951122,0.09742115125877183
951123,1.0716324046088725
951200,0.09742115125877183
951201,0.0
951202,0.0
951203,0.19484221610500427
951204,0.4871056698813199
951205,0.0
951206,0.0
951207,0.0
951208,0.0
951209,0.38968451862254805
951210,0.0
951211,0.0
951212,0.09742115125877183
951213,0.38968451862254805
951214,0.0
951215,0.0
951216,0.0
951217,0.0
951218,0.8767901020913286
951219,0.09742115125877183
951220,0.29226336736377617
951221,0.09742115125877183
951222,0.09742115125877183
960100,0.0
960101,0.0
960102,0.09742115125877183
960103,0.0
960104,0.29226336736377617
960105,0.29226336736377617
960106,0.0
960107,0.09742115125877183
960108,0.09742115125877183
960109,0.0
960110,0.0
960111,0.19484221610500427
960112,0.0
960113,0.0
960114,0.0
960115,0.09742115125877183
960116,0.5845267347275523
960117,0.0
960200,0.0
960201,0.29226336736377617
960202,0.19484221610500427
960203,0.0
960204,0.09742115125877183
960205,0.0
960206,0.4871056698813199
960207,1.6561591393364246
960208,0.5845267347275523
960209,0.09742115125877183
960210,0.09742115125877183
960211,0.19484221610500427
960212,0.0
960213,0.19484221610500427
960214,0.09742115125877183
960215,0.38968451862254805
960216,0.0
960217,0.681947885986324
960218,0.9742112533501003
960300,0.0
960301,0.38968451862254805
960302,0.7793690372450961
960303,0.0
960304,0.09742115125877183
960305,0.09742115125877183
960306,0.09742115125877183
960307,0.0
960308,0.29226336736377617
960309,0.0
960310,0.19484221610500427
960311,0.0
960312,0.09742115125877183
960313,0.09742115125877183
960314,0.0
960315,0.09742115125877183
960316,0.09742115125877183
960317,0.19484221610500427
960318,0.0
960319,0.0
960320,0.7793690372450961
960400,0.4871056698813199
960401,0.0
960402,0.0
960403,0.0
960404,0.0
960405,0.0
960406,0.9742112533501003
960407,0.0
960408,0.0
960409,0.0
960410,0.0
960411,0.09742115125877183
960412,0.0
960413,0.0
960414,0.19484221610500427
960415,0.19484221610500427
960416,0.29226336736377617
960417,0.09742115125877183
960418,0.0
960419,0.09742115125877183
960420,0.38968451862254805
960500,0.0
960501,0.0
960502,0.29226336736377617
960503,0.19484221610500427
960504,0.09742115125877183
960505,0.0
960506,0.09742115125877183
960507,0.0
960508,0.0
960509,0.4871056698813199
960510,0.19484221610500427
960511,0.09742115125877183
960512,0.29226336736377617
960513,0.0
960514,0.19484221610500427
960515,0.0
960516,0.0
960517,0.09742115125877183
960518,0.19484221610500427
960519,0.09742115125877183
960520,0.09742115125877183
960521,0.681947885986324
960522,0.09742115125877183
960523,0.0
960600,0.0
960601,0.19484221610500427
960602,0.0
960603,0.0
960604,0.19484221610500427
960605,0.09742115125877183
960606,0.19484221610500427
960607,0.29226336736377617
960608,0.09742115125877183
960609,0.09742115125877183
960610,0.29226336736377617
960611,0.0
960612,0.0
960613,0.38968451862254805
960614,0.7793690372450961
960615,0.4871056698813199
960616,0.0
960617,0.19484221610500427
960618,0.0
960619,0.0
960700,0.7793690372450961
960701,0.0
960702,0.0
960703,0.09742115125877183
960704,0.5845267347275523
960705,0.0
960706,0.0
960707,0.09742115125877183
960708,0.29226336736377617
960709,0.19484221610500427
960710,0.0
960711,0.09742115125877183
960712,0.0
960713,0.0
960714,0.09742115125877183
960715,0.0
960716,0.19484221610500427
960717,0.19484221610500427
960718,0.19484221610500427
960719,0.0
960720,0.38968451862254805
960721,0.29226336736377617
960722,0.09742115125877183
960723,0.0
960724,0.38968451862254805
960800,0.19484221610500427
960801,0.0
960802,0.0
960803,0.0
960804,0.8767901020913286
960805,0.0
960806,0.38968451862254805
960807,0.29226336736377617
960808,0.19484221610500427
960809,0.0
960810,0.0
960811,0.09742115125877183
960812,0.09742115125877183
960813,0.09742115125877183
960814,0.0
960815,0.09742115125877183
960816,0.0
960817,0.09742115125877183
960818,0.0
960819,0.0
960900,0.0
960901,0.09742115125877183
960902,0.09742115125877183
960903,0.19484221610500427
960904,0.09742115125877183
960905,0.0
960906,0.19484221610500427
960907,0.7793690372450961
960908,0.0
960909,0.0
960910,0.0
960911,0.0
960912,0.0
960913,0.38968451862254805
960914,0.38968451862254805
960915,0.09742115125877183
960916,0.0
960917,0.09742115125877183
960918,0.0
960919,0.0
960920,0.0
960921,2.43552817658152
960922,0.09742115125877183
960923,0.0
960924,0.5845267347275523
961000,0.4871056698813199
961001,0.0
961002,0.5845267347275523
961003,0.0
961004,0.09742115125877183
961005,0.0
961006,0.09742115125877183
961007,0.0
961008,0.29226336736377617
961009,0.09742115125877183
961010,0.0
961011,0.0
961012,0.0
961013,0.09742115125877183
961014,0.29226336736377617
961015,0.09742115125877183
961016,0.0
961017,0.0
961018,0.0
961019,0.0
961020,0.0
961021,0.09742115125877183
961022,0.0
961023,0.0
961024,0.19484221610500427
961025,1.5587379880776526
961100,0.38968451862254805
961101,0.0
961102,0.0
961103,0.09742115125877183
961104,0.0
961105,0.0
961106,0.0
961107,0.09742115125877183
961108,0.0
961109,0.29226336736377617
961110,0.0
961111,0.29226336736377617
961112,0.0
961113,0.0
961114,0.0
961115,0.09742115125877183
961116,2.727791543945296
961117,0.19484221610500427
961118,0.29226336736377617
961119,0.09742115125877183
961120,0.0
961121,0.19484221610500427
961122,0.0
961123,0.09742115125877183
961200,0.0
961201,0.681947885986324
961202,0.0
961203,0.0
961204,0.7793690372450961
961205,0.0
961206,0.5845267347275523
961207,0.38968451862254805
961208,0.29226336736377617
961209,0.09742115125877183
961210,0.8767901020913286
961211,0.09742115125877183
961212,0.0
961213,0.0
961214,0.09742115125877183
961215,0.09742115125877183
961216,0.09742115125877183
961217,0.19484221610500427
961218,0.0
961219,0.29226336736377617
961220,0.19484221610500427
961221,0.0
961222,0.09742115125877183
961223,0.09742115125877183
961224,0.4871056698813199
961225,0.09742115125877183
970100,0.09742115125877183
970101,0.4871056698813199
970102,0.09742115125877183
970103,0.0
970104,0.0
970105,0.0
970106,0.0
970107,0.0
970108,0.09742115125877183
970109,0.0
970110,0.09742115125877183
970111,0.19484221610500427
970112,0.38968451862254805
970113,0.0
970114,0.09742115125877183
970115,0.681947885986324
970116,0.38968451862254805
970117,0.19484221610500427
970118,0.09742115125877183
970119,0.0
970200,0.0
970201,0.0
970202,0.0
970203,0.0
970204,0.09742115125877183
970205,0.19484221610500427
970206,0.0
970207,0.0
970208,0.09742115125877183
970209,0.0
970210,0.0
970211,0.09742115125877183
970212,0.0
970213,0.0
970214,0.0
970215,0.19484221610500427
970216,0.19484221610500427
970217,0.0
970218,0.09742115125877183
970219,0.4871056698813199
970220,2.43552817658152
970300,0.0
970301,0.0
970302,0.0
970303,0.0
970304,0.0
970305,0.0
970306,0.0
970307,0.0
970308,0.19484221610500427
970309,0.0
970310,0.29226336736377617
970311,0.09742115125877183
970312,0.38968451862254805
970313,0.09742115125877183
970314,0.4871056698813199
970315,0.0
970316,0.0
970317,0.0
970318,0.0
970319,0.09742115125877183
970320,0.0
970321,0.0
970322,0.19484221610500427
970400,0.19484221610500427
970401,0.29226336736377617
970402,0.29226336736377617
970403,0.0
970404,0.0
970405,0.09742115125877183
970406,0.0
970407,0.0
970408,0.0
970409,0.0
970410,0.0
970411,0.09742115125877183
970412,0.09742115125877183
970413,0.19484221610500427
970414,0.0
970415,0.5845267347275523
970416,0.09742115125877183
970417,0.09742115125877183
970418,0.0
970419,0.681947885986324
970420,0.0
970421,0.0
970500,0.0
970501,0.09742115125877183
970502,0.19484221610500427
970503,0.29226336736377617
970504,0.38968451862254805
970505,0.0
970506,0.29226336736377617
970507,0.09742115125877183
970508,0.09742115125877183
970509,0.19484221610500427
970510,0.4871056698813199
970511,0.681947885986324
970512,0.681947885986324
970513,0.19484221610500427
970514,0.38968451862254805
970515,0.09742115125877183
970516,1.0716324046088725
970517,0.19484221610500427
970518,0.19484221610500427
970519,0.0
970520,0.0
970521,0.09742115125877183
970522,0.29226336736377617
970523,0.0
970524,0.4871056698813199
970600,0.0
970601,0.0
970602,0.0
970603,0.0
970604,0.0
970605,0.19484221610500427
970606,0.0
970607,0.4871056698813199
970608,0.4871056698813199
970609,0.0
970610,0.38968451862254805
970611,0.09742115125877183
970612,0.09742115125877183
970613,0.0
970614,0.0
970615,0.4871056698813199
970616,0.09742115125877183
970617,0.29226336736377617
970618,0.0
970619,0.0
970620,0.0
970621,0.0
970622,0.29226336736377617
970700,0.4871056698813199
970701,0.29226336736377617
970702,0.0
970703,0.4871056698813199
970704,0.0
970705,0.0
970706,0.09742115125877183
970707,0.38968451862254805
970708,0.0
970709,0.29226336736377617
970710,0.0
970711,0.19484221610500427
970712,0.29226336736377617
970713,0.09742115125877183
970714,0.09742115125877183
970715,0.0
970716,0.19484221610500427
970717,0.7793690372450961
970718,0.0
970719,0.0
970720,0.38968451862254805
970721,0.09742115125877183
970722,0.681947885986324
970723,0.29226336736377617
970724,0.09742115125877183
970725,0.0
970726,2.6303703926865256
970800,0.38968451862254805
970801,0.19484221610500427
970802,0.0
970803,0.19484221610500427
970804,0.0
970805,0.0
970806,0.38968451862254805
970807,0.19484221610500427
970808,0.09742115125877183
970809,0.09742115125877183
970810,0.19484221610500427
970811,0.38968451862254805
970812,0.0
970813,0.09742115125877183
970814,0.19484221610500427
970815,0.0
970816,0.0
970817,2.2406858740639772
970900,0.0
970901,0.09742115125877183
970902,0.19484221610500427
970903,0.19484221610500427
970904,0.0
970905,0.0
970906,0.0
970907,0.0
970908,0.09742115125877183
970909,0.09742115125877183
970910,0.09742115125877183
970911,0.09742115125877183
970912,0.09742115125877183
970913,0.0
970914,0.09742115125877183
970915,0.0
970916,0.09742115125877183
970917,0.0
970918,0.0
970919,0.09742115125877183
970920,0.0
970921,0.0
970922,0.38968451862254805
971000,0.0
971001,0.09742115125877183
971002,0.09742115125877183
971003,0.8767901020913286
971004,0.29226336736377617
971005,0.0
971006,1.363895771972648
971007,0.29226336736377617
971008,0.0
971009,0.5845267347275523
971010,0.0
971011,0.0
971012,0.38968451862254805
971013,0.09742115125877183
971014,0.0
971015,0.0
971016,0.09742115125877183
971017,0.0
971018,0.29226336736377617
971019,0.09742115125877183
971020,0.0
971021,0.19484221610500427
971022,0.0
971023,0.29226336736377617
971024,0.38968451862254805
971025,1.363895771972648
971100,0.19484221610500427
971101,0.09742115125877183
971102,0.0
971103,1.9484225067002006
971104,0.09742115125877183
971105,1.6561591393364246
971106,0.0
971107,0.29226336736377617
971108,0.19484221610500427
971109,1.169053555867644
971110,0.4871056698813199
971111,0.0
971112,0.19484221610500427
971113,0.0
971114,0.0
971115,0.09742115125877183
971116,0.09742115125877183
971117,0.0
971118,0.0
971119,0.19484221610500427
971120,0.4871056698813199
971200,0.09742115125877183
971201,0.19484221610500427
971202,0.0
971203,0.0
971204,0.19484221610500427
971205,0.0
971206,0.29226336736377617
971207,0.29226336736377617
971208,0.5845267347275523
971209,0.4871056698813199
971210,0.0
971211,0.0
971212,0.0
971213,0.09742115125877183
971214,0.29226336736377617
971215,0.0
971216,0.09742115125877183
971217,0.09742115125877183
971218,0.09742115125877183
971219,0.29226336736377617
971220,0.09742115125877183
971221,0.0
971222,0.0
971223,0.0
971224,0.09742115125877183
971225,0.19484221610500427
980100,0.0
980101,0.0
980103,0.0
980104,0.0
980106,0.0
980107,0.0
980109,0.0
980110,0.0
980111,0.0
980116,0.0
980118,0.0
980119,0.0
980200,0.0
980201,0.19484221610500427
980203,0.0
980204,0.0
980206,0.0
980207,0.0
980210,0.0
980211,0.0
980212,0.0
980214,0.0
980219,0.0
980302,0.09742115125877183
980303,0.0
980304,0.0
980305,0.0
980306,0.0
980307,0.09742115125877183
980308,0.09742115125877183
980309,0.09742115125877183
980310,0.09742115125877183
980311,0.09742115125877183
980312,0.38968451862254805
980313,1.8510014418539684
980314,0.19484221610500427
980315,0.0
980316,0.0
980317,0.5845267347275523
980318,0.09742115125877183
980319,0.09742115125877183
980320,0.09742115125877183
980321,0.0
980322,0.09742115125877183
980323,0.29226336736377617
980324,0.0
980325,0.0
980326,2.43552817658152
980400,0.0
980401,0.19484221610500427
980402,0.09742115125877183
980403,0.09742115125877183
980404,0.19484221610500427
980405,0.0
980406,0.19484221610500427
980407,0.19484221610500427
980408,0.19484221610500427
980409,0.0
980410,0.0
980411,0.0
980412,0.0
980413,0.0
980414,0.0
980415,0.7793690372450961
980416,1.363895771972648
980417,0.0
980418,0.0
980419,0.0
980420,0.0
980421,0.681947885986324
980500,0.09742115125877183
980501,0.4871056698813199
980502,0.09742115125877183
980503,0.09742115125877183
980504,0.19484221610500427
980505,0.29226336736377617
980506,0.0
980507,0.0
980508,0.4871056698813199
980509,0.0
980510,0.0
980511,0.0
980512,0.0
980513,0.681947885986324
980514,0.38968451862254805
980515,0.0
980516,0.09742115125877183
980517,0.0
980518,0.0
980519,0.38968451862254805
980520,0.09742115125877183
980521,0.0
980522,0.8767901020913286
980600,0.0
980601,0.29226336736377617
980602,0.09742115125877183
980603,0.0
980604,0.0
980605,0.0
980606,0.38968451862254805
980607,0.0
980608,0.0
980609,0.0
980610,0.19484221610500427
980611,0.09742115125877183
980612,0.38968451862254805
980613,0.29226336736377617
980614,0.19484221610500427
980615,0.5845267347275523
980616,0.0
980617,0.0
980618,0.09742115125877183
980619,0.38968451862254805
980620,0.09742115125877183
980621,0.0
980622,0.09742115125877183
980623,0.38968451862254805
980624,0.29226336736377617
980700,0.38968451862254805
980701,0.0
980702,0.0
980703,0.19484221610500427
980704,0.09742115125877183
980705,0.0
980706,0.09742115125877183
980707,0.0
980708,0.0
980709,0.09742115125877183
980710,0.0
980711,0.0
980712,0.19484221610500427
980713,0.0
980714,0.09742115125877183
980715,0.0
980716,0.0
980717,0.5845267347275523
980718,0.38968451862254805
980719,0.19484221610500427
980720,0.0
980721,0.29226336736377617
980722,0.09742115125877183
980723,0.0
980724,0.5845267347275523
980800,0.19484221610500427
980801,0.19484221610500427
980802,0.0
980803,0.09742115125877183
980804,0.0
980805,0.19484221610500427
980806,0.0
980807,0.29226336736377617
980808,0.0
980809,0.09742115125877183
980810,0.09742115125877183
980811,0.09742115125877183
980812,0.0
980813,0.29226336736377617
980814,0.19484221610500427
980815,0.09742115125877183
980816,0.0
980817,0.09742115125877183
980818,0.29226336736377617
980819,0.0
980900,0.0
980901,0.09742115125877183
980902,0.5845267347275523
980903,0.0
980904,0.0
980905,0.09742115125877183
980906,0.09742115125877183
980907,0.38968451862254805
980908,0.09742115125877183
980909,0.29226336736377617
980910,0.5845267347275523
980911,0.19484221610500427
980912,0.0
980913,0.09742115125877183
980914,0.0
980915,0.0
980916,0.19484221610500427
980917,0.0
980918,0.29226336736377617
980919,0.0
980920,0.0
980921,0.09742115125877183
981000,0.09742115125877183
981001,0.09742115125877183
981002,0.0
981003,0.0
981004,0.0
981005,0.0
981006,0.09742115125877183
981007,0.0
981008,0.38968451862254805
981009,0.19484221610500427
981010,0.09742115125877183
981011,0.0
981012,0.0
981013,0.0
981014,0.0
981015,0.0
981016,0.09742115125877183
981017,0.09742115125877183
981018,0.09742115125877183
981019,0.0
981020,0.0
981021,0.0
981022,0.19484221610500427
981023,0.38968451862254805
981024,0.09742115125877183
981025,0.0
981100,0.19484221610500427
981101,0.0
981102,0.0
981103,0.681947885986324
981104,0.7793690372450961
981105,2.2406858740639772
981106,0.0
981107,0.0
981108,0.9742112533501003
981109,0.0
981110,0.0
981111,0.0
981112,0.0
981113,0.0
981114,0.0
981115,0.29226336736377617
981116,0.09742115125877183
981117,0.29226336736377617
981118,0.0
981119,0.09742115125877183
981120,0.09742115125877183
981121,0.0
981122,0.0
981123,0.09742115125877183
981124,0.19484221610500427
981125,0.19484221610500427
981200,1.0716324046088725
981201,0.0
981202,0.19484221610500427
981203,0.0
981204,0.09742115125877183
981205,0.19484221610500427
981206,0.0
981207,0.5845267347275523
981208,0.19484221610500427
981209,0.19484221610500427
981210,0.0
981211,0.38968451862254805
981212,0.0
981213,0.09742115125877183
981214,0.19484221610500427
981215,0.09742115125877183
981216,0.0
981217,0.0
981218,0.0
981219,0.0
981220,0.0
981221,0.09742115125877183
981222,0.09742115125877183
981223,0.0
981224,0.0
981225,0.09742115125877183
990100,0.09742115125877183
990101,0.0
990102,0.19484221610500427
990103,0.0
990104,0.09742115125877183
990105,0.0
990106,0.29226336736377617
990107,0.29226336736377617
990108,0.0
990109,0.0
990110,0.4871056698813199
990111,0.19484221610500427
990112,0.09742115125877183
990113,0.0
990114,0.29226336736377617
990115,0.0
990116,0.0
990200,0.5845267347275523
990201,0.0
990202,0.0
990203,0.0
990204,0.19484221610500427
990205,0.0
990206,0.0
990207,0.0
990208,0.0
990209,0.09742115125877183
990210,0.19484221610500427
990211,1.4613169232314205
990212,0.09742115125877183
990213,0.0
990214,0.0
990215,0.0
990216,0.09742115125877183
990217,0.29226336736377617
990218,0.0
990219,0.0
990220,0.0
990221,0.681947885986324
990300,0.0
990301,0.0
990302,0.29226336736377617
990303,0.0
990304,0.38968451862254805
990305,0.0
990306,0.09742115125877183
990307,0.38968451862254805
990308,0.0
990309,0.09742115125877183
990310,0.38968451862254805
990311,0.0
990312,0.5845267347275523
990313,0.19484221610500427
990314,0.29226336736377617
990315,0.7793690372450961
990316,0.0
990317,0.0
990318,0.0
990319,0.38968451862254805
990320,0.19484221610500427
990321,0.29226336736377617
990322,0.0
990323,0.0
990324,0.0
990325,0.19484221610500427
990326,0.09742115125877183
990400,0.0
990401,0.29226336736377617
990402,0.0
990403,0.19484221610500427
990404,0.0
990405,0.0
990406,0.09742115125877183
990407,0.681947885986324
990408,0.38968451862254805
990409,0.0
990410,0.0
990411,1.0716324046088725
990412,0.0
990413,0.19484221610500427
990414,0.19484221610500427
990415,0.0
990416,0.0
990417,0.0
990418,0.19484221610500427
990419,0.0
990420,0.0
990421,0.0
990500,0.19484221610500427
990501,0.0
990502,0.38968451862254805
990503,0.4871056698813199
990504,0.09742115125877183
990505,0.09742115125877183
990506,0.0
990507,0.09742115125877183
990508,0.09742115125877183
990509,0.09742115125877183
990510,0.09742115125877183
990511,0.681947885986324
990512,0.09742115125877183
990513,0.19484221610500427
990514,0.0
990515,0.09742115125877183
990516,0.19484221610500427
990517,0.09742115125877183
990518,0.09742115125877183
990519,0.09742115125877183
990520,0.09742115125877183
990521,0.4871056698813199
990522,0.29226336736377617
990523,0.19484221610500427
990600,0.0
990601,0.0
990602,0.09742115125877183
990603,0.4871056698813199
990604,0.09742115125877183
990605,0.19484221610500427
990606,0.09742115125877183
990607,0.09742115125877183
990608,0.09742115125877183
990609,0.0
990610,0.09742115125877183
990611,0.0
990612,0.0
990613,0.0
990614,0.0
990615,0.09742115125877183
990616,0.0
990617,0.29226336736377617
990618,0.0
990619,0.09742115125877183
990620,0.4871056698813199
990621,0.19484221610500427
990622,0.29226336736377617
990623,0.0
990624,0.0
990700,0.0
990701,0.0
990702,0.0
990703,0.4871056698813199
990704,0.0
990705,0.09742115125877183
990706,0.5845267347275523
990707,0.9742112533501003
990708,0.09742115125877183
990709,0.19484221610500427
990710,0.0
990711,0.29226336736377617
990712,0.0
990713,0.09742115125877183
990714,0.29226336736377617
990715,0.09742115125877183
990716,0.38968451862254805
990717,0.29226336736377617
990718,0.0
990719,0.0
990720,0.0
990721,0.09742115125877183
990722,0.0
990800,0.0
990801,0.09742115125877183
990802,0.09742115125877183
990803,0.38968451862254805
990804,0.09742115125877183
990805,0.0
990806,0.29226336736377617
990807,0.0
990808,0.09742115125877183
990809,0.8767901020913286
990810,1.0716324046088725
990811,0.09742115125877183
990812,0.4871056698813199
990813,0.0
990814,0.0
990815,0.0
990816,0.0
990817,0.0
990818,1.169053555867644
990819,0.09742115125877183
990820,0.09742115125877183
990821,0.19484221610500427
990900,0.0
990901,0.38968451862254805
990902,0.0
990903,0.0
990904,0.0
990905,0.0
990906,0.5845267347275523
990907,0.0
990908,0.0
990909,0.5845267347275523
990910,0.29226336736377617
990911,0.09742115125877183
990912,0.0
990913,0.09742115125877183
990914,0.19484221610500427
990915,0.0
990916,0.0
990917,0.0
990918,0.29226336736377617
990919,0.09742115125877183
990920,0.38968451862254805
990921,0.0
990922,0.19484221610500427
991000,0.0
991001,0.0
991002,0.9742112533501003
991003,0.09742115125877183
991004,0.19484221610500427
991005,0.0
991006,0.19484221610500427
991007,0.29226336736377617
991008,0.29226336736377617
991009,2.6303703926865256
991010,0.4871056698813199
991011,0.09742115125877183
991012,0.29226336736377617
991013,0.09742115125877183
991014,0.0
991015,0.19484221610500427
991016,0.38968451862254805
991017,0.09742115125877183
991018,0.09742115125877183
991019,0.19484221610500427
991020,0.4871056698813199
991021,0.09742115125877183
991022,0.0
991023,0.0
991024,0.09742115125877183
991025,0.0
991026,0.09742115125877183
991100,0.09742115125877183
991101,0.38968451862254805
991102,0.0
991103,0.4871056698813199
991104,1.363895771972648
991105,0.0
991106,0.29226336736377617
991107,0.0
991108,0.29226336736377617
991109,0.38968451862254805
991110,0.681947885986324
991111,0.8767901020913286
991112,0.09742115125877183
991113,0.0
991114,0.0
991115,0.0
991116,0.5845267347275523
991117,0.29226336736377617
991118,0.0
991119,0.09742115125877183
991120,0.29226336736377617
991121,0.0
991122,0.0
991123,0.38968451862254805
991124,0.0
991125,0.19484221610500427
991200,0.09742115125877183
991201,0.09742115125877183
991202,0.09742115125877183
991203,0.09742115125877183
991204,0.09742115125877183
991205,0.0
991206,0.09742115125877183
991207,0.09742115125877183
991208,0.38968451862254805
991209,0.0
991210,0.38968451862254805
991211,0.19484221610500427
991212,0.0
991213,0.0
991214,0.09742115125877183
991215,0.19484221610500427
991216,0.09742115125877183
991217,0.09742115125877183
991218,0.29226336736377617
991219,0.09742115125877183
991220,0.19484221610500427
991221,0.0
991222,0.0
991223,0.0
991224,0.4871056698813199
991225,0.09742115125877183
991226,0.38968451862254805
991227,0.0
991228,0.0
991229,0.09742115125877183
