Id,Betweenness-Centrality
9306112,0
9306115,0
9306116,0
9306117,0
9306118,0
9306119,3.64E-10
9306120,0
9306122,2.99E-07
9306123,1.46E-09
9306125,1.34E-07
9306129,0
9306130,3.64E-09
9306131,0
9306132,0
9306134,8.30E-07
9306135,2.41E-06
9306137,0
9306139,0
9306140,3.79E-08
9306141,7.23E-07
9306142,0
9306144,0
9306145,0
9306146,9.68E-08
9306147,1.52E-06
9306148,0
9306149,0
9306150,0
9306152,0
9306153,6.83E-05
9306154,4.11E-07
9306155,0
9306156,9.28E-06
9306157,0
9306161,0
9306162,5.59E-06
9306163,7.33E-07
9306164,0
9307001,0
9307002,1.52E-06
9307003,0
9307007,0
9307008,4.37E-09
9307009,0
9307010,0
9307011,0
9307012,0
9307013,0
9307015,8.02E-08
9307016,0
9307017,5.02E-07
9307018,0
9307022,1.17E-08
9307023,0
9307024,1.49E-07
9307025,7.29E-10
9307027,6.92E-06
9307029,0
9307030,0
9307031,5.67E-06
9307032,0
9307033,0
9307034,0
9307035,1.63E-08
9307036,0
9307037,0
9307038,0
9307039,1.40E-08
9307040,0
9307042,7.97E-08
9307043,0
9307045,0
9307046,2.72E-06
9307047,0
9307048,0
9307049,2.06E-05
9307050,3.75E-06
9307052,6.72E-06
9307053,0
9307054,4.28E-06
9307055,0
9307056,1.37E-08
9307057,0
9307059,8.81E-06
9307061,0
9307063,2.48E-06
9307064,0
9307065,8.07E-06
9307066,0
9307067,0
9307068,0
9307069,0
9307071,3.35E-08
9307072,0
9307073,1.20E-07
9307074,2.62E-08
9307075,0
9307076,2.92E-09
9307079,5.13E-07
9307080,0
9307083,0
9307085,0
9307086,0
9307087,1.88E-06
9307089,0
9307091,9.56E-08
9307092,1.46E-08
9307093,0
9307095,0
9307097,1.17E-08
9307099,0
9307101,2.92E-08
9307102,0
9307103,0
9307104,2.43E-09
9307106,5.95E-07
9307107,1.11E-07
9307108,1.95E-06
9307109,5.83E-09
9307110,0
9307111,0
9307112,0
1001,0
9307113,0
9307115,9.23E-06
9307116,7.47E-07
1002,0
9307118,0
9307119,0
1008,0
9307120,0
1010,0
9307123,1.81E-07
1012,0
1013,0
9307124,0
9307126,6.92E-06
1014,0
1017,0
9307129,0
1019,0
1016,0
9307125,0
9307128,0
1023,0
9307136,1.31E-08
1024,0
1025,0
1027,0
9307140,1.06E-07
1029,0
9307139,0
9307143,1.05E-08
1032,0
1033,0
9307145,3.66E-06
9307147,1.14E-06
1035,0
1037,0
9307148,1.46E-09
9307151,5.76E-06
1039,0
1041,0
1042,0
9307155,0
9307154,5.03E-07
9307157,3.71E-06
9307158,1.41E-05
9307159,5.83E-09
9307160,2.09E-08
1049,0
1048,0
1050,0
1046,0
1053,0
1054,0
1055,0
9307168,0
9307169,3.12E-07
9307170,5.78E-08
9307171,8.12E-06
1056,0
9307173,7.29E-09
9307174,0
9307175,4.28E-08
9307176,5.60E-07
1063,0
9307177,1.99E-06
9307179,0
1068,0
9307181,2.92E-09
9307180,2.20E-07
1071,0
9307183,0
1066,0
9307186,1.74E-06
1074,0
1076,0
1077,0
9307190,6.64E-07
9307189,0
9307185,4.22E-06
9307188,0
9307194,8.94E-07
1083,0
1084,0
1082,0
9307197,1.46E-09
9307195,0
9307196,3.04E-08
1085,0
1089,0
1086,0
1092,0
1093,0
1090,0
1091,0
1088,0
1097,0
1098,0
1095,0
1100,0
1101,0
1102,0
1103,0
1096,0
1105,0
1106,0
1107,0
1108,0
1109,0
1110,0
1111,0
1112,0
1113,0
1114,0
1115,0
1118,0
1119,0
1121,0
1122,0
1123,0
1124,0
1125,0
1126,0
1127,0
1128,0
1129,0
1130,0
1131,0
1132,0
1133,0
1134,0
1135,0
1136,0
1137,0
1138,0
1140,0
1141,0
1143,0
1144,0
1145,0
1149,0
1150,0
1151,0
1152,0
1155,0
1156,0
1157,0
1158,0
1159,0
1160,0
1161,0
1162,0
1163,0
1164,0
1165,0
1166,0
1167,0
1168,0
1169,0
1170,0
1171,0
1172,0
1173,0
1174,0
1175,0
1176,0
1177,0
1178,0
1179,0
1180,0
1181,0
1182,0
1183,0
1184,0
1185,0
1186,0
1188,0
1189,0
1190,0
1192,0
1193,0
1195,0
1197,0
1198,0
1199,0
1200,0
1201,0
1202,0
1203,0
1204,0
1205,0
1206,0
1207,0
1208,0
1209,0
1210,0
1211,0
1212,0
1213,0
1214,0
1215,0
1216,0
1217,0
1218,0
1221,0
1222,0
9509113,4.37E-09
9509114,4.96E-08
9509122,0
9509125,0
9509128,0
9509129,0
9509131,0
9509132,2.86E-05
9509134,0
9509136,2.57E-07
9509138,0
9509144,0
9509150,0
9509154,4.37E-09
9509157,0
9701001,0
9701002,0
9701003,1.46E-09
9701004,8.75E-09
9701005,0
9509159,0
9701006,0
9701008,0
9701009,2.26E-07
9701010,0
9701011,4.29E-05
9701012,1.99E-05
9701013,0
9701014,0
9701015,2.23E-05
9701007,0
9701017,5.03E-08
9701018,0
9701019,0
9701020,5.76E-06
9701021,4.08E-08
9701022,2.48E-08
9701023,0
9701024,8.75E-09
9701025,0
9701026,0
9701027,8.18E-07
9701028,0
9701029,5.83E-09
9509164,0
9701032,3.86E-06
9701033,0
9701034,7.14E-08
9701035,8.88E-09
9701037,9.51E-05
9701039,0
9509166,5.98E-05
9701041,0
9701042,0
9701043,1.17E-06
9701044,0
9701045,8.70E-05
9701040,0
9701047,0
9701048,4.49E-05
9701049,0
9701050,1.70E-09
9509168,0
9701052,4.28E-08
9701053,1.56E-05
9701054,1.29E-05
9701055,8.84E-07
9509169,3.07E-07
9701057,1.61E-06
9701058,0
9701059,0
9701060,1.26E-07
9701061,0
9701062,5.91E-07
9701056,0
9701064,0
9701065,0
9701066,0
9701063,0
9701067,0
9701069,0
9701071,0
9701072,0
9701073,5.22E-06
9701074,2.92E-09
9701075,0
9701076,0
9701077,1.53E-07
9701078,8.85E-05
9701079,0
9701080,4.23E-07
9701081,2.38E-07
9701082,0
9701083,0
9701084,0
9701085,0
9701087,0
9701088,6.82E-05
9701090,0
9701091,0
9701092,1.60E-06
9701093,0
9701094,2.05E-07
9701095,1.92E-05
9701096,5.22E-09
9701097,6.02E-07
9701098,0
9701099,3.77E-09
9701100,1.46E-08
9701101,1.21E-08
9701102,9.43E-08
9701103,3.29E-08
9701104,3.28E-08
9701105,0
9701106,1.71E-06
9701107,0
9701108,7.29E-09
9701109,2.58E-08
9701111,2.92E-09
9701112,0
9701113,1.17E-08
9701114,0
9701115,5.94E-05
9701116,1.02E-08
9701117,2.84E-05
9701118,5.65E-08
9701119,5.12E-06
9701120,8.55E-08
9701121,0
9701122,0
9701123,0
9701124,4.60E-06
9701125,0
9701126,0
9701127,0
9701128,6.00E-05
9701129,6.97E-06
9701130,0
9701131,6.71E-08
9701132,4.45E-05
9701133,0
9701134,0
9701136,0
9701137,0
9701138,0
9701139,1.97E-06
9701140,5.18E-05
9701141,0
9701142,3.54E-05
9701143,3.32E-06
9701144,0.000156254
9701145,0
9701146,0
9701147,2.20E-08
9701148,5.16E-05
9701149,0
9701150,1.40E-07
9701151,1.07E-05
9701152,0
9701153,0
9701154,2.84E-06
9701155,2.99E-06
9701156,0
9701157,8.48E-06
9701158,0
9701160,2.33E-08
9701161,0
9701162,0
9701163,3.09E-06
9701165,0
9701166,0
9701168,1.57E-06
9701169,9.97E-06
9701170,1.33E-06
9701171,1.33E-05
9701172,0
9701173,1.68E-05
9701174,0
9701175,4.04E-06
9701176,0
9701177,5.73E-06
9701178,0
9701179,1.20E-07
9701180,0
9701181,0
9701182,0
9701183,0
9701185,7.77E-05
9701186,5.53E-05
9701187,6.07E-05
9701188,6.80E-08
9701190,0
9701191,5.70E-05
9701193,0
9308001,5.00E-07
9308002,0
9308003,7.29E-09
9308005,0
9308006,0
9308008,0
9308009,0
9308012,0
9308013,0
9308014,0
9308016,2.92E-09
9308017,4.37E-09
9308018,1.67E-05
9308019,4.52E-08
9308020,1.47E-05
9308021,5.83E-09
9308022,1.17E-08
9308023,0
9308025,0
9308027,1.63E-07
9308028,0
9308029,0
9308030,5.35E-09
9308031,0
9308034,3.25E-06
9308035,0
9308036,0
9308037,3.52E-09
9308038,0
9308039,3.23E-06
9308041,0
9308042,2.63E-06
9308043,6.50E-08
9308044,0
9308045,0
9308046,0
9308047,0
9308048,0
9308049,0
9308051,0
9308052,1.66E-05
9308053,0
9308054,0
9308057,1.49E-07
9308058,0
9308060,5.76E-06
9308062,5.53E-06
9308063,0
9308066,6.54E-06
9308067,0
9308068,0
9308070,0
9308072,0
9308073,0
9308074,0
9308075,0
9308076,1.17E-08
9308077,1.54E-05
9308078,0
9308080,0
9308081,0
9308083,0
9308085,0
9308086,2.63E-07
9308087,0
9308090,0
9308091,0
9308094,0
9308095,0
9308096,0
9308099,4.37E-09
9308100,0
9308101,0
9308102,0
9308103,0
9308106,5.38E-06
9308107,0
9308108,1.09E-08
9308109,0
9308110,0
9308112,3.25E-06
2001,0
2002,0
9308115,2.10E-07
9308114,6.66E-06
9308116,0
2006,0
2007,0
2008,0
2009,0
9308122,0
2010,0
2011,0
2012,0
9308124,0
2015,0
2016,0
9308129,5.71E-06
9308125,0
9308131,6.91E-06
2019,0
2021,0
9308134,1.38E-08
2023,0
9308136,0
2024,0
9308135,0
9308139,0
2027,0
2028,0
2030,0
2025,0
2029,0
9308145,0
2034,0
9308146,2.92E-08
9308148,1.46E-09
2037,0
9308149,0
2033,0
2039,0
2040,0
9308154,3.64E-07
9308155,1.74E-06
2044,0
2043,0
9308158,0
2047,0
2046,0
2049,0
2050,0
2051,0
2052,0
9308157,0
2054,0
2053,0
2056,0
2057,0
2058,0
2060,0
2061,0
2062,0
2063,0
2065,0
2066,0
2067,0
2068,0
2069,0
2070,0
2071,0
2072,0
2073,0
2074,0
2075,0
2076,0
2077,0
2078,0
2079,0
2082,0
2084,0
2085,0
2086,0
2087,0
2088,0
2090,0
2091,0
2092,0
2093,0
2094,0
2095,0
2096,0
2098,0
2099,0
2100,0
2101,0
2102,0
2103,0
2104,0
2105,0
2106,0
2107,0
2108,0
2110,0
2111,0
2114,0
2116,0
2117,0
2118,0
2119,0
2120,0
2121,0
2122,0
2123,0
2125,0
2126,0
2127,0
2128,0
2129,0
2130,0
2131,0
2132,0
2133,0
2134,0
2135,0
2136,0
2138,0
2139,0
2140,0
2141,0
2142,0
2143,0
2145,0
2146,0
2147,0
2148,0
2149,0
2150,0
2151,0
2152,0
2153,0
2154,0
2155,0
2156,0
2157,0
2158,0
2159,0
2160,0
2161,0
2162,0
2164,0
2165,0
2166,0
2167,0
2169,0
2170,0
2171,0
2172,0
2173,0
2174,0
2175,0
2176,0
2179,0
2180,0
2181,0
2182,0
2183,0
2184,0
2185,0
2186,0
2187,0
2188,0
2189,0
2190,0
2191,0
2192,0
2193,0
2194,0
2195,0
2196,0
2197,0
2198,0
2199,0
2202,0
2203,1.46E-09
2204,9.78E-09
2205,3.59E-05
2206,0
2207,0
2208,4.37E-09
2209,1.44E-07
2210,0
2211,0.000152001
2212,7.46E-06
2213,2.96E-08
2214,1.21E-09
2215,4.06E-07
2216,1.20E-07
2217,2.04E-07
2218,9.18E-05
2219,1.10E-06
2220,0
2221,0
2222,0.000189604
2223,1.15E-05
2225,9.48E-08
2226,0.000213362
2227,2.92E-09
2228,9.86E-07
2229,7.47E-07
2230,8.54E-06
2231,3.44E-07
2232,0
2233,5.56E-08
2234,9.67E-08
2235,2.43E-06
2236,2.57E-05
2237,5.14E-06
2238,1.46E-09
2239,1.34E-07
2240,5.37E-08
2241,6.13E-07
2242,1.54E-05
2243,1.46E-09
2244,1.11E-05
2245,6.96E-05
2246,0
2247,1.75E-07
2248,0
2249,0
2250,4.52E-05
2251,0
2252,0
2254,7.29E-10
2255,1.95E-06
2256,4.62E-07
2258,0
2259,0
9702001,0
9702002,4.50E-07
9702003,0
9702004,0
9702005,0
9702006,7.66E-06
9702007,0
9702008,0
9702009,7.29E-09
9702010,5.82E-05
9702011,0
9702012,2.70E-05
9702014,4.71E-05
9702015,4.57E-05
9702016,1.46E-09
9702017,2.53E-08
9702018,5.26E-05
9702019,6.56E-08
9702020,0
9702022,0
9702023,0
9702024,4.19E-05
9702025,0
9702026,5.85E-07
9702027,0
9702028,0
9702029,0
9702030,6.96E-05
9702031,3.41E-06
9702032,0
9702033,0
9702034,0
9702035,1.50E-05
9702036,2.92E-09
9702037,4.03E-05
9702038,1.44E-05
9702039,1.12E-07
9702040,0
9702042,8.55E-09
9702043,0
9702045,3.48E-05
9702046,1.93E-05
9702047,6.11E-05
9702048,3.70E-06
9702049,3.33E-07
9702050,0
9702051,0
9702052,0
9702053,8.70E-07
9702054,5.96E-05
9702056,0
9702057,2.33E-08
9702058,9.43E-06
9702059,2.11E-09
9702060,2.77E-08
9702061,0
9702062,0
9702063,0
9702064,0
9702065,1.01E-08
9702066,3.64E-09
9702067,6.21E-07
9702068,4.54E-08
9702070,0
9702071,0
9702072,4.86E-10
9702073,0
9702074,1.95E-08
9702075,2.39E-06
9702076,0
9702077,6.51E-06
9702078,0
9702079,1.66E-06
9702080,0
9702081,4.48E-06
9702082,0
9702083,4.05E-05
9702084,2.72E-07
9702085,5.83E-09
9702086,1.76E-05
9702087,4.50E-08
9702088,1.82E-06
9702089,0
9702090,0
9702091,0
9702092,0
9702093,0
9702094,0
9702095,1.46E-09
9702096,0
9702097,4.86E-10
9702098,2.47E-07
9702099,0
9702100,2.92E-09
9702101,0
9702102,0
9702103,0
9702104,0
9702105,3.10E-05
9702106,0.000155638
9702107,0
9702108,2.45E-05
9702109,7.80E-06
9702110,0
9702111,5.14E-06
9702112,0
9702114,1.46E-09
9702115,2.27E-06
9702117,0
9702118,1.05E-07
9702120,4.37E-09
9702121,0
9702123,2.92E-09
9702125,3.57E-07
9702126,0
9702127,2.19E-08
9702129,0
9702130,0
9702131,0
9702132,0
9702133,0
9702134,2.50E-07
9702135,0
9702136,0
9702137,0
9702138,2.05E-06
9702139,1.48E-06
9702140,0
9702141,4.86E-10
9702142,2.86E-08
9702143,1.75E-08
9702144,1.56E-05
9702145,0
9702147,0
9702148,0
9702149,0
9702150,7.29E-10
9702152,0
9702153,2.52E-05
9702154,5.93E-06
9702155,0
9702156,7.07E-08
9702158,0
9702159,3.16E-07
9702161,0
9702162,7.29E-10
9702163,0
9702164,1.34E-06
9702165,0
9702166,5.00E-05
9702167,5.70E-07
9702168,6.45E-06
9702169,0
9702170,1.60E-08
9702171,7.29E-10
9702172,0
9702173,0.000105204
9702174,6.49E-06
9702176,0
9702177,0
9702178,0
9702179,4.23E-08
9702180,6.47E-05
9702181,2.92E-09
9702182,1.74E-05
9702183,0
9702184,0.000107634
9702185,0
9702186,0
9702187,0
9702188,1.02E-08
9702189,0
9702190,0
9702191,1.46E-09
9702192,1.46E-09
9702193,0
9702194,8.16E-07
9702195,0
9702196,1.51E-07
9702197,2.70E-07
9702198,0
9702199,3.30E-07
9702200,2.22E-07
9702201,0
9702202,0
9702203,0
9702204,1.71E-07
9702205,5.59E-06
9309001,0
9309002,2.92E-09
9309003,0
9309004,0
9309005,0
9309007,0
9309008,0
9309011,3.20E-07
9309012,5.01E-08
9309013,0
9309014,1.93E-08
9309015,0
9309016,0
9309017,0
9309018,0
9309019,0
9309021,0
9309022,0
9309023,0
9309025,0
9309026,0
9309027,7.77E-07
9309028,1.43E-05
9309029,0
9309030,0
9309033,4.81E-07
9309034,0
9309035,0
9309036,8.02E-09
9309037,0
9309039,0
9309040,1.02E-08
9309041,7.36E-06
9309042,5.47E-06
9309043,0
9309044,1.51E-05
9309045,0
9309046,1.96E-06
9309047,0
9309048,1.81E-06
9309049,0
9309050,1.53E-05
9309051,0
9309052,1.80E-06
9309055,0
9309056,3.50E-08
9309058,0
9309059,0
9309060,0
9309061,0
9309062,0
9309063,0
9309064,0
9309065,2.92E-09
9309066,0
9309067,0.000140158
9309068,0
9309069,0
9309070,0
9309071,0
9309072,0
9309073,0
9309074,0
9309075,1.53E-06
9309076,0
9309082,0
9309083,1.68E-06
9309084,0
9309085,0
9309086,0
9309087,0
9309090,0
9309092,0
9309093,0
9309094,1.91E-08
9309095,2.08E-05
9309096,0
9309097,0
9309098,0
9309099,1.46E-09
9309100,1.97E-08
9309101,0
9309102,2.73E-06
9309103,0
9309104,0
9309105,5.20E-06
9309106,0
9309107,0
9309108,0
9309110,5.08E-06
9309111,3.64E-09
9309112,0
3001,4.03E-08
3002,1.84E-06
9309115,3.86E-05
3004,3.55E-08
3005,2.07E-08
3006,1.04E-05
9309119,2.47E-05
3007,0.000368261
3003,1.92E-06
3009,3.13E-08
3011,0
9309124,3.20E-07
3012,1.66E-05
3014,2.92E-09
3015,0
3010,1.31E-08
3017,7.24E-07
3018,1.46E-08
3019,0
3020,4.78E-06
9309133,1.02E-09
3021,0
3023,0.000102529
3024,2.44E-05
3025,0.000176449
3026,4.66E-07
3027,2.49E-08
9309134,0
3029,6.07E-07
9309141,0
9309143,0
3032,0.000304143
9309145,0
3033,4.36E-05
3030,0
3031,1.21E-07
3037,0.000119754
3038,3.88E-06
3034,5.74E-09
3035,1.75E-06
3041,4.04E-06
3042,1.97E-06
3036,2.18E-06
3039,2.12E-06
3045,1.38E-06
3040,0
3047,0
3048,2.55E-08
3043,1.81E-07
3050,6.69E-05
3051,1.97E-08
3052,7.97E-06
3053,3.89E-06
3054,2.38E-07
3055,2.44E-05
3056,9.85E-06
3057,3.98E-06
3058,0
3059,1.53E-08
3060,0
3061,1.16E-06
3062,2.70E-08
3063,4.90E-05
3064,5.60E-05
3065,3.64E-09
3066,0
3067,4.06E-06
3068,3.49E-06
3069,0
3070,9.84E-07
3071,9.05E-08
3072,6.82E-05
3073,1.63E-07
3074,9.12E-07
3075,2.11E-05
3076,3.03E-05
3077,0
3078,3.34E-07
3079,0
3080,0
3081,4.37E-08
3082,1.46E-09
3083,0
3084,1.46E-08
3085,8.43E-06
3086,8.73E-05
3087,7.29E-09
3089,0
3090,0
3091,0
3092,1.46E-09
3093,8.69E-05
3094,0
3095,3.64E-09
3096,5.55E-06
3097,7.29E-09
3098,7.78E-09
3099,1.43E-05
3100,5.66E-06
3101,4.04E-05
3102,1.58E-06
3103,1.20E-05
3106,0.000126152
3107,0
3108,0
3109,2.52E-05
3110,0.000107824
3111,0
3112,5.39E-08
3113,9.26E-06
3114,0
3115,1.94E-07
3116,1.37E-05
3117,0
3118,3.82E-06
3119,0
3120,4.62E-06
3121,1.67E-07
3122,4.47E-05
3123,1.86E-05
3124,2.65E-06
3125,3.64E-09
3127,2.77E-08
3128,1.42E-08
3129,1.10E-05
3130,0
3131,5.86E-06
3132,0
3133,7.00E-08
3134,0
3135,0
3136,0.001738705
3137,1.11E-07
3138,1.36E-08
3139,5.02E-08
3140,6.12E-08
3141,3.89E-07
3142,0
3143,2.62E-08
3144,1.03E-07
3145,0.000106909
3146,3.21E-08
3147,0
3148,1.77E-06
3149,2.92E-09
3150,0
3151,9.24E-06
3152,1.20E-06
3153,1.46E-06
3154,3.04E-07
3155,4.61E-07
3156,1.53E-08
3157,9.83E-06
3158,5.25E-08
3159,8.02E-09
3160,2.83E-05
3161,9.81E-06
3162,2.58E-07
3163,2.38E-07
3164,0
3165,0
3166,6.81E-06
3167,0
3168,0
3169,1.00E-04
3170,2.09E-09
3171,4.37E-09
3172,0
3173,0.00023593
3174,1.31E-07
3175,2.44E-05
3176,3.57E-05
3177,7.01E-07
3178,3.12E-09
3179,1.17E-05
3180,0.000323059
3181,0
3182,0
3183,5.48E-05
3184,9.65E-06
3185,4.55E-06
3186,0
3187,0.000294387
3188,1.60E-06
3189,1.31E-08
3190,1.76E-06
3191,6.63E-09
3192,3.32E-07
3193,2.07E-08
3194,1.60E-08
3195,0
3196,0
3197,4.26E-06
3198,3.16E-05
3199,5.10E-09
3200,8.66E-06
3201,1.75E-08
3202,7.87E-08
3203,2.96E-05
3204,1.89E-06
3205,1.90E-08
3206,1.35E-07
3208,0.000110124
3209,0
3210,2.48E-08
3211,7.76E-05
3212,0
3213,2.36E-06
3214,0
3215,9.16E-05
3216,2.22E-07
3217,4.52E-07
3218,1.96E-06
3219,2.01E-05
3220,3.46E-07
3221,4.28E-05
3222,6.32E-09
3223,0.000117694
3224,0
3225,5.83E-09
3226,5.85E-06
3227,4.74E-06
3228,8.75E-09
3229,0
3230,4.24E-06
3231,5.71E-06
3232,9.34E-06
3233,1.23E-07
3234,8.87E-06
3235,1.03E-05
3236,8.82E-06
3237,6.62E-06
3238,0
3239,0
3240,3.32E-06
3241,0
3242,4.03E-05
3243,9.77E-07
3244,2.92E-09
3245,2.01E-07
3246,3.28E-08
3247,1.86E-09
3248,1.10E-06
3249,7.84E-08
209058,1.31E-08
3251,3.29E-05
3252,2.92E-09
3253,0
3254,1.46E-09
3255,1.30E-07
3256,3.56E-06
3250,0
3258,1.05E-07
3257,2.19E-09
3259,2.82E-08
3261,1.66E-05
3262,6.32E-05
3263,4.02E-05
3264,2.06E-06
3265,5.32E-08
3266,0
3267,1.21E-09
3268,1.75E-08
3269,0.000111151
3270,2.43E-08
3271,2.71E-06
3272,0
3273,1.26E-07
3274,0
3275,0
3276,5.83E-09
3277,1.09E-07
3278,2.35E-06
3279,0
3280,3.03E-06
3281,2.52E-05
3282,0
3283,1.46E-09
3284,5.15E-06
3285,5.94E-08
3286,2.86E-05
3287,0
3288,2.99E-06
3289,0.000159558
3290,1.87E-06
3291,1.13E-06
3292,0
3293,1.46E-09
3294,2.92E-09
3295,2.43E-09
3296,4.37E-08
3297,2.19E-08
3298,1.94E-05
3299,2.75E-05
3300,8.48E-07
3301,2.41E-08
9703001,0
9703002,0
9703003,0
9703004,0
9703005,0
9703006,7.11E-07
9703007,9.85E-05
9703008,4.09E-06
9703009,7.98E-06
9703010,0
9703011,0
9703012,6.74E-05
9703014,3.83E-05
9703015,0
9703016,8.15E-06
9703017,6.72E-08
9703018,4.81E-08
9703019,1.17E-08
9703020,7.72E-08
9703021,0
9703023,1.12E-07
9703024,2.92E-09
9703025,0
9703026,8.72E-08
9703028,0
9703029,3.37E-07
9703030,0
9703031,0
9703032,0
9703033,0
9703034,0
9703035,0
9703036,3.75E-09
9703037,0
9703038,0
9703039,1.04E-07
9703040,0
9703041,4.43E-06
9703042,0
9703043,1.28E-07
9703044,1.13E-08
9703045,1.82E-08
9703046,0
9703048,2.30E-06
9703049,0
9703050,1.51E-06
9703051,1.32E-05
9703052,6.39E-06
9703053,0
9703054,0
9703055,5.61E-08
9703056,4.20E-07
9703057,1.20E-07
9703058,0
9703059,0
9703060,0
9703061,0
9703062,1.08E-06
9703063,2.82E-06
9703064,0
9703065,1.17E-08
9703066,4.49E-05
9703067,0
9703069,0
9703070,1.23E-05
9703071,1.42E-06
9703072,5.06E-05
9703073,0
9703074,0
9703075,6.86E-06
9703076,1.44E-07
9703077,0
9703078,0
9703079,0
9703080,0
9703081,2.03E-05
9703082,0
9703083,0
9703084,4.73E-07
9703085,2.00E-06
9703086,1.83E-07
9703088,0
9703089,0
9703090,1.09E-08
9703091,0
9703092,4.37E-08
9703093,0
9703094,8.80E-08
9703095,0
9703096,0
9703097,0
9703098,4.68E-05
9703099,3.15E-07
9703100,5.70E-06
9703101,1.72E-05
9703102,0
9703104,7.29E-09
9703105,9.33E-08
9703106,0
9703107,5.54E-08
9703108,0
9703109,4.46E-06
9703110,3.48E-05
9703111,1.36E-07
9703112,5.83E-09
9703113,0
9703114,0
9703115,7.22E-08
9703116,0
9703117,0
9703118,3.06E-05
9703119,0
9703121,0
9703122,1.81E-07
9703123,0
9703124,8.95E-06
9703125,1.53E-06
9703126,1.51E-08
9703127,0
9703128,0
9703129,2.19E-07
9703130,8.46E-08
9703131,0
9703132,1.31E-08
9703133,2.88E-07
9703134,2.16E-05
9703136,0
9703137,5.67E-08
9703138,3.55E-07
9703139,1.09E-08
9703140,0
9703141,3.64E-09
9703142,3.50E-07
9703143,0
9703144,8.75E-09
9703145,2.60E-05
9703146,9.38E-06
9703147,0
9703148,4.44E-07
9703149,8.40E-07
9703150,0
9703151,0
9703152,1.36E-08
9703153,0
9703154,8.63E-06
9703155,0
9703156,0
9703157,0
9703158,9.89E-07
9703159,1.08E-08
9703160,7.21E-06
9703161,0
9703162,0
9703163,2.79E-05
9703165,3.21E-08
9703166,0
9703167,1.38E-05
9703168,1.47E-06
9703169,0
9703170,0
9703171,1.08E-09
9703172,5.84E-07
9703173,0
9703174,3.24E-08
9703176,5.10E-06
9703177,8.75E-09
9703178,0
9703179,4.41E-06
9703180,1.46E-06
9703181,2.92E-09
9703182,3.28E-06
9703183,1.46E-09
9703184,0
9703185,0
9703186,3.94E-07
9703187,0
9703188,2.72E-05
9703189,0
9703190,1.10E-07
9703191,9.21E-07
9703192,0
9703193,2.77E-08
9703194,4.74E-06
9703195,2.81E-05
9703196,3.68E-06
9703197,4.76E-07
9703198,5.22E-06
9703199,0
9703200,6.56E-09
9703201,1.72E-05
9703202,9.74E-08
9703203,0
9703204,0
9703206,0
9703207,0
9703208,1.69E-05
9703209,4.08E-06
9703210,1.87E-06
9703211,7.70E-05
9703213,1.02E-08
9703214,0
9703215,1.70E-06
9703216,0
9703217,0
9703218,1.07E-05
9703219,2.95E-07
9310004,0
9703220,0
9703222,0
9310005,2.92E-09
9703224,5.69E-08
9310008,0
9310010,0
9703227,4.71E-08
9703228,1.35E-05
9310011,1.31E-08
9310012,0
9310013,4.96E-08
9310016,1.66E-06
9310015,0
9310018,0
9310019,7.90E-07
9310017,0
9310014,0
9310022,2.41E-07
9310023,0
9310024,1.93E-07
9310025,0
9310026,8.19E-06
9310021,0
9310027,0
9310029,1.03E-05
9310031,0
9310032,0
9310033,3.48E-06
9310035,8.43E-07
9310037,0
9310038,0
9310039,0
9310040,3.80E-06
9310041,0
9310042,1.30E-06
9310043,0
9310044,0
9310046,8.94E-06
9310047,1.75E-08
9310048,0
9310049,2.92E-09
9310050,0
9310052,0
9310053,0
9310054,0
9310055,9.48E-09
9310056,4.54E-07
9310058,7.29E-09
9310059,0
9310060,0
9310061,3.43E-08
9310062,1.46E-08
9310063,0
9310065,0
9310067,0
9310070,0
9310071,4.52E-08
9310072,0
9310073,7.57E-07
9310074,0
9310075,1.75E-08
9310076,4.01E-09
9310077,0
9310079,1.46E-09
9310080,3.48E-06
9310081,0
9310082,3.64E-09
9310083,0
9310084,0
9310085,0
9310086,0
9310088,1.17E-07
9310089,0
9310090,0
9310092,0
9310093,0
9310094,0
9310095,7.29E-10
9310096,0
9310097,0
9310098,5.80E-07
9310099,0
9310100,0
9310101,7.97E-05
9310102,2.92E-09
9310103,2.92E-09
9310106,0
9310110,0
9310111,3.16E-09
9310112,0
9310113,2.74E-06
4002,1.43E-07
4003,3.56E-06
4004,4.96E-08
4005,1.60E-05
9310115,4.67E-08
9310116,0
9310118,0
4009,8.15E-05
9310122,1.60E-06
4011,4.20E-05
9310123,2.25E-06
4013,0.000239515
4014,7.94E-06
4015,6.23E-08
9310125,5.20E-08
4017,7.29E-09
9310130,0
4019,4.32E-08
4020,3.17E-07
4021,1.45E-06
9310134,9.65E-09
9310131,0
4024,1.10E-05
9310132,0
4026,2.90E-07
4027,6.90E-08
4028,3.37E-06
9310138,0
4030,9.94E-08
9310141,1.02E-08
4032,1.11E-07
9310142,0
9310144,0
9310147,0
4036,5.33E-08
4037,3.00E-06
4038,0.000131128
4039,1.87E-06
4040,1.17E-05
9310151,0
9310148,0
9310150,1.71E-07
4044,1.97E-06
9310157,1.71E-07
9310156,2.23E-06
9310159,6.71E-05
4048,4.92E-06
9310155,9.82E-06
9310158,0
4043,0
4052,2.60E-06
9310165,1.40E-08
4053,2.92E-09
9310164,0
4056,9.43E-06
4057,7.29E-06
9310168,2.92E-09
9310170,0.000116619
4051,5.10E-09
4061,9.91E-06
4062,3.28E-08
4063,9.88E-06
4064,8.95E-08
9310174,3.51E-08
4066,0
4067,2.22E-07
4068,0.000104651
9310181,1.39E-05
4070,4.05E-06
4071,5.92E-07
4072,3.18E-05
4073,5.43E-06
4074,0.000847041
4075,7.71E-08
9310179,0
4077,7.30E-06
4078,6.22E-07
9310182,0
4080,0.000157425
9310193,3.06E-06
4082,1.08E-07
4083,2.35E-07
4084,4.37E-09
4085,2.69E-05
9310191,0
4087,3.76E-06
9310194,0
9310198,0
9310202,1.03E-06
9310200,2.39E-07
4092,2.86E-06
4093,8.72E-05
4094,1.61E-07
4095,5.01E-05
9310201,0
4097,4.68E-06
4098,1.61E-06
4090,5.72E-06
4100,9.76E-07
4096,3.27E-07
4102,1.23E-05
4103,0.000303027
4104,1.17E-05
4105,7.40E-09
4106,0.000101049
4107,2.97E-06
4101,0
4109,4.66E-07
4108,1.46E-09
4111,4.93E-05
4112,3.26E-08
4113,2.73E-08
4114,2.45E-05
4115,2.00E-05
4110,0
4117,2.83E-06
4118,0
4119,7.00E-08
4116,1.75E-08
4120,1.46E-09
4121,0
4123,8.93E-07
4124,9.01E-06
4125,0.000402247
4126,5.40E-06
4127,1.12E-07
4122,4.37E-09
4129,0
4130,4.20E-07
4131,5.36E-06
4132,2.92E-09
4133,0.000143801
4134,3.35E-05
4135,7.70E-08
4136,4.57E-07
4137,0
4138,0
4139,9.48E-09
4140,2.53E-07
4141,0.000313096
4142,2.88E-05
4143,1.02E-08
4144,2.92E-09
4145,5.50E-06
4146,0
4147,0.000277884
4148,0.000254908
4149,3.39E-05
4150,0
4151,1.37E-05
4152,6.12E-08
4153,1.46E-09
4154,7.18E-07
4155,2.16E-06
4157,4.06E-08
4158,6.73E-07
4159,1.29E-07
4160,8.00E-07
4161,0
4162,7.29E-09
4163,0
4164,0
4165,1.20E-05
4166,1.95E-06
4167,6.56E-09
4168,0
4169,0
4170,2.40E-06
4171,5.83E-10
4172,3.12E-07
4173,0
4174,0
4175,2.43E-09
4176,1.46E-08
4177,3.64E-09
4178,2.13E-08
4179,3.24E-06
4180,5.10E-09
4181,8.75E-09
4182,2.35E-08
4183,0.000296674
4184,0
4185,1.43E-08
4186,1.42E-06
4187,0.000463147
4188,4.33E-06
4189,0
4190,0
4191,1.91E-08
4192,1.46E-09
4193,0
4194,1.13E-05
4195,1.25E-05
4196,4.27E-06
4198,2.99E-05
4199,5.25E-07
4200,0
4201,5.48E-06
4203,5.83E-09
4204,3.38E-08
4205,1.46E-09
4206,6.39E-06
105065,0
105074,0
105090,0
105102,0
105103,0
105109,0
105113,0
9704001,0
9704002,0
9704004,0
9704005,5.21E-06
9704006,0
9704007,0
9704009,1.77E-05
9704010,4.37E-09
9704011,0
9704012,4.90E-07
9704013,5.04E-05
9704014,1.45E-06
9704015,0
9704016,1.49E-06
9704017,3.64E-09
9704018,0
9704019,0
9704020,0
9704021,0
9704022,0
9704023,0
9704024,0
9704025,5.95E-08
9704026,0
9704027,5.68E-08
9704028,1.60E-08
9704029,0
9704030,2.13E-05
9704031,0
9704032,0
9704033,0
9704034,3.09E-05
9704035,7.29E-08
9704036,3.20E-06
9704037,0
9704038,0
9704039,1.46E-09
9704040,0.000222487
9704041,3.12E-05
9704043,5.58E-05
9704044,0
9704045,1.24E-05
9704046,0
9704047,6.74E-06
9704048,0
9704049,0
9704050,0
9704051,5.11E-05
9704052,1.47E-05
9704054,0
9704055,0
9704056,0
9704057,0
9704058,0
9704059,0
9704060,0
9704061,4.55E-07
9704062,0
9704063,5.20E-07
9704064,4.98E-07
9704065,7.43E-06
9704066,0
9704067,8.87E-06
9704068,3.19E-07
9704069,7.29E-09
9704070,8.02E-09
9704072,0
9704073,0
9704074,1.94E-08
9704075,3.13E-06
9704076,1.08E-06
9704077,0
9704078,0
9704079,3.16E-09
9704080,0
9704081,0
9704082,0
9704083,0
9704084,0
9704085,0
9704086,6.99E-06
9704087,5.35E-06
9704088,8.75E-09
9704089,0
9704090,1.62E-07
9704091,0
9704092,1.11E-07
9704093,4.50E-05
9704094,0
9704095,9.43E-05
9704096,1.54E-06
9704097,0
9704098,0
9704099,0
9704100,4.37E-09
9704101,3.05E-07
9704102,4.13E-09
9704103,0
9704104,0.000158514
9704105,0
9704107,0
9704108,0
9704109,0.000296131
9704110,0.000139602
9704111,9.72E-10
9704112,3.36E-06
9704113,1.36E-07
9704114,0
9704115,1.60E-06
9704116,0
9704117,3.38E-06
9704118,1.66E-07
9704119,2.45E-05
9704120,0
9704121,0
9704122,0
9704123,7.82E-05
9704124,1.46E-09
9704125,2.54E-07
9704126,0
9704127,0
9704128,1.17E-08
9704129,0
9704130,2.90E-07
9704131,0
9704132,0
9704133,2.05E-07
9704134,5.06E-05
9704135,5.39E-08
9704136,1.34E-05
9704137,0
9704138,1.46E-09
9704140,0
9704141,5.76E-08
9704142,0
9704143,0
9704144,0
9704145,0
9704146,1.21E-06
9704147,7.05E-05
9704148,2.33E-08
9704149,0
9704150,0
9704151,0
9704152,1.90E-08
9704153,3.15E-06
9704154,0
9704155,0
9704156,6.62E-05
9704157,0
9704158,3.06E-05
9704159,6.56E-09
9704160,0
9704161,0
9704162,0
9704163,9.21E-07
9704164,8.25E-08
9704165,0
9704166,1.02E-08
9704167,0
9704168,4.87E-06
9704169,1.12E-06
9704170,0
9704171,5.59E-09
9704172,0
9704173,0
9704174,1.99E-05
9704175,3.19E-06
9704176,1.08E-07
9704177,0
9704178,6.32E-07
9704179,4.88E-07
9704180,1.46E-09
9704181,0
9704182,0
9704183,0
9704184,0
9704185,0
9704186,0
9704187,0
9704188,0
9704189,2.71E-05
9704190,6.44E-08
9704191,6.91E-07
9704192,8.20E-08
9704193,5.54E-08
9704194,1.13E-06
9704195,0
9704196,2.04E-08
9704197,0
9704198,2.90E-06
9704199,3.85E-05
9704200,0
9704201,2.83E-08
9704202,0
9704203,0
9704204,1.08E-05
9704205,9.92E-06
9704206,3.03E-08
9704207,0
9704209,0
9704210,0
9704211,4.62E-08
9704212,0
9704213,4.15E-08
9704214,0
9704215,4.37E-08
9311004,0
9311005,1.17E-08
9311007,8.27E-07
9311008,1.90E-08
9311009,3.21E-05
9311010,3.70E-06
9311011,0
9311012,1.69E-05
9311014,7.85E-06
9311015,7.99E-06
9311016,0
9311017,1.83E-06
9311020,1.46E-09
9311021,3.96E-05
9311022,5.13E-06
9311025,0
9311026,0
9311027,9.15E-08
9311028,0
9311029,0
9311032,0
9311034,0
9311036,0
9311037,0
9311038,0
9311039,0
9311041,0
9311042,0
9311045,7.09E-07
9311047,0
9311048,0
9311049,5.09E-08
9311050,0
9311052,0
9311055,0
9311056,0
9311057,0
9311058,2.19E-08
9311059,0
9311060,0
9311062,1.40E-05
9311064,1.16E-06
9311065,0
9311066,1.46E-08
9311067,0
9311068,0
9311069,0
9311070,3.61E-08
9311072,0
9311074,3.16E-06
9311075,0
9311076,7.29E-09
9311077,0
9311078,4.08E-08
9311079,0
9311080,0
9311081,0
9311082,1.17E-08
9311083,4.37E-09
9311084,3.91E-06
9311085,0
9311086,0
9311087,7.29E-09
9311088,1.46E-09
9311089,8.24E-07
9311090,0
9311091,6.32E-09
9311092,0
9311093,0
9311094,0
9311096,0
9311097,0
9311098,0
9311099,0
9311100,0
9311102,2.31E-09
9311103,2.04E-08
9311107,0
9311108,2.16E-08
9311109,0
9311110,0
9311111,7.29E-09
9311112,2.92E-09
5001,1.53E-05
5002,0
5003,4.16E-05
9311116,1.60E-08
5005,7.63E-07
5006,0.000239129
5007,1.56E-05
5008,1.22E-06
9311120,4.54E-06
5010,2.51E-06
9311122,6.40E-07
5004,2.26E-07
5013,1.26E-07
5014,1.80E-06
5015,0.000363252
5016,1.25E-05
9311127,1.09E-08
9311130,1.17E-05
9311129,7.80E-06
9311131,0
5021,6.83E-05
9311132,0
9311133,0
5017,7.29E-10
5025,8.75E-07
5026,9.91E-05
5027,3.24E-07
9311138,0
5029,0.000129776
9311141,1.46E-09
5031,0.000214885
5032,0.000135359
5033,7.57E-08
9311139,4.36E-07
9311147,0
5036,5.43E-06
5037,2.92E-09
9311148,3.52E-08
9311143,2.03E-06
5040,0.0003833
9311144,0
5042,6.56E-09
9311151,0
9311156,5.71E-06
5045,1.54E-08
5046,3.60E-06
5047,6.39E-05
5048,0.000441147
5049,0.000175194
9311155,2.33E-08
5051,4.66E-06
5052,5.29E-05
9311164,5.83E-09
5054,9.35E-07
5055,2.49E-07
5056,7.41E-08
9311166,0
9311168,6.17E-08
5059,5.86E-05
9311172,0
9311173,7.29E-09
5061,8.82E-06
5062,2.46E-05
5063,1.94E-06
5065,3.70E-06
5066,6.93E-06
5067,0.000388044
5068,2.42E-06
9311180,8.44E-08
9311177,0
9311181,4.04E-06
5072,7.04E-05
5073,6.65E-05
9311186,1.46E-09
5075,3.48E-07
5076,2.56E-06
9311183,0
9311185,3.58E-07
9311187,0
5080,3.44E-06
5081,1.80E-05
9311189,2.06E-08
5083,3.83E-07
5077,7.51E-08
5085,3.36E-07
5082,2.82E-09
5087,0.000120337
5088,4.04E-06
5086,5.80E-07
5090,7.90E-06
5091,9.61E-06
5089,2.77E-08
5093,5.79E-07
5094,2.95E-06
5095,5.91E-08
5092,0
5096,5.09E-06
5098,1.14E-05
5097,1.46E-08
5099,1.46E-09
5101,1.12E-06
5100,2.09E-08
5103,1.79E-08
5102,0
5105,6.84E-07
5106,1.82E-06
5104,0
5108,1.20E-06
5109,3.00E-08
5110,3.82E-08
5111,3.84E-06
5112,0
5113,2.48E-08
5114,1.38E-05
5115,7.51E-07
5116,1.05E-06
5117,2.92E-09
5119,4.50E-09
5120,3.04E-05
5121,1.31E-07
5122,1.17E-07
5123,1.99E-05
5124,2.70E-06
5125,4.72E-07
5126,1.79E-07
5127,9.91E-05
5128,0
5129,0.000377705
5130,8.90E-08
5131,0
5132,6.56E-08
5133,0
5134,4.81E-07
5135,3.60E-07
5136,1.84E-07
5137,1.82E-05
5138,2.38E-08
5139,1.71E-06
5140,0
5141,0
5142,1.21E-06
5143,4.86E-10
5144,9.26E-08
5145,7.14E-05
5146,4.72E-07
5147,3.85E-06
5148,0.000102089
1022,0
5150,4.37E-09
5151,5.06E-06
5152,1.82E-05
5153,1.20E-07
5154,0
5155,7.29E-10
5156,9.91E-07
5157,1.25E-07
5158,1.60E-08
5159,8.15E-05
5160,7.59E-06
5161,4.13E-09
5162,0.000197402
5163,6.07E-05
5164,6.71E-06
5165,1.09E-05
5166,2.50E-05
5167,5.56E-06
5168,7.28E-06
5169,1.66E-06
5170,8.80E-07
5171,0
5172,4.91E-07
5173,2.01E-08
5174,2.44E-05
5175,0
5176,0
5178,3.80E-05
5179,4.39E-06
5180,2.31E-07
5181,3.34E-07
5182,4.49E-05
5183,6.87E-05
5185,4.64E-06
5186,9.12E-06
5187,1.07E-07
1031,0
5189,0
5190,4.13E-09
5188,0
5192,3.34E-06
5193,1.22E-05
5194,8.43E-07
5191,1.31E-08
5196,0
5197,5.35E-09
5198,6.54E-08
5199,3.78E-05
5195,0
5201,3.71E-08
5202,3.19E-08
5203,0
5204,0.000391857
5205,3.68E-06
5206,1.53E-07
5207,0
5208,5.11E-05
5209,1.41E-06
5210,9.59E-05
5211,2.14E-06
5212,2.54E-05
5213,5.06E-07
5214,5.83E-08
5215,1.46E-09
5216,0
5217,1.27E-06
5218,1.46E-09
5219,2.28E-06
5220,1.32E-05
5221,2.38E-08
5222,6.32E-09
5223,3.56E-07
5224,5.95E-06
5225,4.27E-05
5226,1.36E-06
5227,1.28E-06
5228,0
5229,1.71E-07
5230,4.87E-06
5231,0
5232,8.24E-08
5233,3.28E-08
5234,0
5235,4.81E-08
5236,2.33E-06
5237,4.52E-08
5238,0
5239,2.91E-05
5241,1.75E-06
5242,0.000223029
5243,0
5244,3.44E-07
5245,0
5246,2.24E-05
5247,0.000145581
5248,4.78E-06
5249,0
5250,1.23E-06
5251,6.57E-08
5252,0
5253,8.95E-06
5254,3.78E-07
5255,6.00E-07
5256,5.57E-06
5257,1.78E-06
5258,2.87E-08
5259,4.32E-06
1044,0
5261,1.46E-09
5262,5.36E-07
5263,0
5260,0
5265,1.17E-05
5266,1.03E-06
5267,0
5268,1.24E-05
5269,5.18E-07
5270,3.33E-07
5271,0
5272,2.16E-05
5273,3.25E-05
5274,3.64E-10
5275,7.92E-07
5276,9.87E-05
5277,1.13E-06
5278,2.04E-08
5279,1.21E-09
5280,2.89E-05
5281,2.92E-09
5282,3.31E-07
5283,2.19E-06
5284,0
5285,0
5286,3.64E-08
5287,1.46E-09
5288,3.40E-09
1051,0
1057,0
1060,0
1062,0
1064,0
1065,0
1067,0
1070,0
1072,0
1073,0
1081,0
9705001,8.75E-09
9705002,3.79E-08
9705003,3.09E-05
9705004,2.17E-06
9705005,0
9705006,0
9705007,0
9705008,1.30E-07
9705009,0
9705010,5.54E-08
9705011,0
9705012,0
9705013,2.19E-09
9705014,4.31E-05
9705015,0
9705016,6.38E-06
9705017,4.73E-08
9705018,8.04E-06
9705019,1.51E-05
9705020,0
9705021,3.28E-08
9705022,5.13E-05
9705023,0.000297936
9705024,1.08E-05
9705025,1.13E-05
9705026,0
9705027,5.25E-08
9705028,2.09E-07
9705029,1.19E-07
9705030,0
9705031,0
9705032,0
9705034,0
9705035,0
9705036,1.82E-06
9705037,0
9705038,0
9705039,0
9705040,0
9705041,7.75E-06
9705042,0
9705044,0
9705045,4.08E-08
9705046,0
9705047,0
9705048,0
9705049,0
9705050,0
9705051,0
9705052,4.03E-06
9705053,0
9705054,0
9705055,7.25E-05
9705056,1.33E-05
9705057,0
9705058,2.19E-05
9705059,0
9705060,0
9705061,2.35E-05
9705062,0
9705063,2.13E-09
9705064,1.26E-06
9705065,8.13E-07
9705067,0
9705068,7.69E-08
9705069,3.05E-06
9705072,1.31E-08
9705073,1.17E-08
9705074,6.33E-07
9705075,0
9705076,2.26E-08
9705077,4.37E-09
9705078,0.000327716
9705079,9.10E-06
9705081,1.46E-09
9705082,0
9705084,4.67E-05
9705085,1.02E-08
9705086,0
9705087,2.30E-07
9705088,0
9705090,7.84E-06
9705091,0
9705092,8.78E-08
9705093,0
9705094,6.02E-06
9705095,1.50E-06
9705096,3.74E-06
9705097,1.94E-09
9705099,8.44E-08
9705100,3.94E-08
9705101,0
9705102,0
9705103,3.64E-08
9705104,0
9705105,0
9705106,1.44E-06
9705107,2.93E-05
9705108,1.58E-09
9705109,0
9705110,4.17E-06
9705111,8.75E-09
9705113,1.24E-05
9705114,0
9705115,0
9705116,0
9705117,0
9705118,0
9705119,0
9705120,0
9705121,0
9705122,3.22E-05
9705123,7.28E-05
9705124,3.85E-08
9705126,1.22E-07
9705127,0
9705128,0
9705129,0
9705130,6.44E-05
9705131,0
9705132,5.93E-05
9705133,0
9705134,0
9705135,2.92E-09
9705136,0
9705137,3.39E-06
9705138,0
9705139,0
9705140,1.31E-08
9705141,0
9705142,0
9705143,0
9705144,4.64E-07
9705145,8.22E-07
9705146,6.14E-06
9705147,2.04E-08
9705148,5.03E-06
9705149,0
9705150,6.95E-06
9705151,0
9705152,1.83E-05
9705153,2.28E-06
9705154,1.46E-08
9705155,9.48E-09
9705156,0
9705157,1.48E-07
9705158,5.83E-09
9705159,4.91E-07
9705160,0
9705161,0
9705162,0
9705163,0
9705164,1.72E-08
9705165,3.49E-06
9705166,5.21E-07
9705167,1.46E-09
9705168,1.17E-08
9705169,0
9705170,3.60E-07
9705171,0
9705172,0
9705173,2.47E-06
9705174,9.15E-05
9705175,3.91E-05
9705176,0
9705178,1.46E-09
9705179,5.10E-09
9705180,1.44E-07
9705181,1.67E-05
9705182,1.04E-05
9705183,6.53E-07
9705184,5.83E-09
9705185,0
9705186,1.58E-07
9705187,0
9705188,2.93E-05
9705189,2.66E-06
9705190,0
9705191,0
9705192,1.01E-05
9705193,0
9705194,1.99E-05
9705195,7.29E-09
9705196,4.86E-10
9705197,0
9705198,0
9705199,2.26E-05
9705200,1.54E-07
9705201,0
9705202,9.48E-08
9705203,0
9705204,0
9705205,0
9705207,2.92E-09
9705208,0
9705209,0
9705210,9.31E-07
9705211,2.71E-05
9705212,2.59E-05
9705213,0
9705215,1.15E-05
9705216,4.14E-06
9705217,0
9312001,3.66E-08
9705219,8.55E-07
9705220,0
9705221,0
9312002,3.65E-07
9705223,1.83E-05
9312007,0
9705225,3.52E-06
9705226,0
9705224,0
9705228,2.31E-09
9705229,1.85E-05
9705227,0
9312010,1.24E-08
9705232,1.49E-05
9705233,2.87E-07
9705234,8.02E-09
9312018,2.33E-08
9705236,0
9705237,9.24E-06
9705238,0
9312014,0
9705240,1.11E-05
9705241,7.08E-05
9705242,4.65E-07
9705243,1.60E-08
9705244,2.43E-09
9312021,1.77E-07
9312025,0
9312027,4.37E-09
9312032,2.92E-09
9312030,3.64E-09
9312034,0
9312031,5.35E-09
9312036,9.35E-08
9312035,0
9312037,0
9312039,4.37E-09
9312040,1.46E-09
9312041,6.10E-08
9312042,2.06E-05
9312043,1.51E-05
9312045,1.48E-06
9312047,0
9312048,1.29E-06
9312049,2.10E-06
9312050,0
9312055,1.75E-08
9312057,1.46E-09
9312058,2.22E-07
9312059,0
9312060,0
9312062,0
9312065,0
9312066,3.64E-07
9312067,0
9312068,8.75E-09
9312069,0
9312070,0
9510010,7.44E-08
9312073,2.19E-09
9312075,7.77E-06
9510011,1.46E-09
9312079,0
9312080,0
9312081,3.85E-07
9312085,0
9312087,0
9312089,0
9312090,0
9312092,0
9312093,1.46E-09
9312094,4.39E-07
9312095,4.37E-09
9312096,0
9312097,2.82E-09
9510015,0
9312099,0
9312101,0
9312102,0
9312103,0
9312104,5.56E-06
9312105,0
9312107,8.35E-07
9312108,5.10E-09
9312109,0
9312111,5.83E-09
9510018,0
6001,0
9312114,0
6003,2.72E-08
6004,4.77E-08
6005,1.97E-06
9312118,1.33E-05
6007,2.71E-06
6008,4.17E-06
6009,1.11E-05
6010,5.47E-06
6011,4.62E-06
9312122,0
6013,1.97E-06
6014,1.06E-05
9312120,0
9312127,1.39E-07
6016,0
6018,4.43E-06
6019,3.90E-06
6012,0
6015,5.90E-08
6022,2.88E-06
6023,0.000174448
6024,4.81E-06
6017,1.57E-07
6026,4.54E-06
9312139,2.92E-09
6028,1.48E-05
9312140,0
6030,9.18E-06
9312141,0
6032,0
6033,2.19E-05
9312143,2.88E-07
6035,1.49E-05
9312144,1.45E-06
6037,2.41E-07
9312150,6.27E-06
9312145,3.59E-06
9312151,4.37E-09
6041,6.05E-07
9312154,3.49E-07
6043,1.40E-06
9312156,4.27E-09
9510026,2.08E-06
6046,8.73E-07
6047,0.000144932
6048,5.12E-06
6049,5.70E-06
6050,2.40E-09
6051,8.04E-08
6052,2.57E-06
9312158,0
6054,1.06E-06
9312159,0
6056,4.42E-07
9312160,1.17E-08
6058,5.07E-06
6059,1.32E-06
6060,3.38E-05
9312164,3.91E-07
6062,0.000126333
6063,1.08E-06
6064,1.07E-07
9312176,0
6066,0.000202457
6067,8.16E-06
9312171,4.54E-06
6069,2.66E-05
6070,1.49E-05
6071,3.69E-05
9312179,1.38E-08
6073,2.91E-06
9312182,1.41E-08
9312185,3.70E-08
9312186,0
9312189,1.46E-05
6077,7.99E-07
9312187,2.51E-06
9312188,6.21E-06
9312190,3.97E-06
9312194,2.04E-05
9312192,1.64E-05
6075,0
6085,3.86E-05
6086,8.24E-08
6087,6.65E-07
9312198,5.16E-06
9312200,0
6090,1.22E-07
6091,2.09E-05
9312201,0
6093,0.000113659
9312202,6.85E-08
9312206,0
6088,1.89E-07
9312209,9.39E-06
9312210,3.92E-07
6094,1.76E-05
6100,7.84E-05
6101,1.35E-07
9312213,2.77E-06
6103,1.93E-05
6096,1.85E-06
6098,2.63E-06
6099,0
6107,1.56E-05
6108,9.08E-06
6102,4.06E-05
6110,2.65E-05
6106,1.68E-06
6112,4.01E-05
6113,1.42E-05
6114,4.36E-06
6115,3.86E-07
6111,5.10E-09
6116,4.37E-09
6117,1.52E-05
6119,9.88E-05
6120,3.62E-06
6118,0
6122,8.90E-06
6123,3.79E-08
6121,4.62E-08
6126,0
6131,0
6132,3.00E-06
6134,9.28E-08
6135,1.94E-09
6136,0
6137,3.89E-06
6138,0
6139,0.000211794
6140,5.36E-06
6141,2.19E-07
9510046,0
6143,0
9510047,4.21E-08
6145,6.41E-05
6144,8.47E-06
6147,5.10E-09
6146,5.97E-07
6148,2.91E-07
6150,1.60E-08
6151,5.71E-05
6152,1.94E-06
6153,0
6154,2.28E-08
9510048,0
6156,2.28E-05
6157,0
6158,1.05E-05
6159,0
6160,3.75E-05
6161,1.19E-06
6162,0
6163,5.98E-08
6164,6.92E-07
6165,1.22E-07
6166,3.21E-08
6167,2.26E-08
6168,5.37E-06
6169,2.11E-08
6170,2.19E-09
6171,1.94E-08
6172,0
6173,0
9510052,0
6175,4.08E-08
6176,7.16E-06
6177,2.19E-08
6178,3.74E-08
6179,3.71E-05
6180,4.37E-09
6181,4.98E-05
6182,0
6183,4.11E-08
6184,0
6185,9.50E-08
6186,3.57E-08
6187,0
6188,0
6189,0.000118165
6190,1.43E-06
6191,1.06E-06
6192,7.63E-05
6193,3.52E-06
6194,0
9510057,0
6196,1.03E-05
6197,0
6198,1.49E-06
6199,0
6200,0
6201,4.69E-07
6202,3.54E-06
6203,0.000129976
6204,8.79E-05
6205,0
6206,0
6207,1.63E-06
6208,7.99E-07
6209,3.39E-05
6210,1.02E-05
6211,2.49E-08
6213,3.17E-06
6214,3.64E-09
6215,4.56E-06
6216,1.73E-07
6217,2.92E-09
6218,0
6219,5.19E-05
6220,8.75E-09
6221,8.75E-09
6222,3.43E-06
6223,1.41E-06
6224,9.31E-06
6225,2.80E-06
6226,5.55E-05
6227,3.55E-08
6228,9.60E-09
6229,2.45E-08
6230,7.29E-10
6231,2.65E-07
6232,5.06E-05
6233,0
6234,2.19E-09
6235,2.98E-05
6236,0.000157672
6237,2.92E-09
6238,2.04E-08
6239,2.73E-05
6240,2.22E-06
6241,0
6242,2.94E-07
6243,8.75E-09
6244,0
6245,3.85E-07
6246,1.37E-06
6247,8.35E-05
6248,8.02E-09
6249,0
6250,0
6251,0.000142101
9510110,0
9510114,1.10E-06
9510121,0
9510122,3.88E-06
9510123,2.33E-08
9510126,0
9510127,0
9510128,0
9510131,9.84E-08
9510133,8.02E-09
9510136,5.83E-09
9510139,3.93E-05
9510141,5.76E-06
9510145,2.68E-05
9510146,2.92E-09
9510147,1.60E-08
9510152,0
9706002,3.72E-06
9706003,0
9706005,0
9706007,0
9706008,0
9706009,1.75E-05
9706011,0
9706012,1.46E-09
9706013,0
9706014,2.04E-08
9706015,0
9706016,0
9706017,1.31E-06
9706018,2.72E-08
9706019,0
9706020,2.67E-07
9706021,4.50E-08
9706023,8.79E-05
9706024,1.48E-06
9706025,0.000102572
9510157,0
9706027,0
9706028,0
9706030,0
9510158,0
9706032,4.93E-07
9706031,0
9706033,1.12E-06
9706035,3.44E-06
9706036,1.92E-08
9510159,0
9706038,3.79E-08
9706039,1.34E-07
9706040,0.00010824
9706041,0
9706042,2.92E-09
9706037,0
9706044,1.27E-07
9510160,1.46E-09
9706046,7.07E-08
9706047,8.04E-05
9706048,2.41E-07
9706049,2.18E-06
9706050,0
9706051,0
9706052,0
9706053,1.60E-08
9706054,0
9706055,0
9706056,0
9706057,1.65E-05
9706058,1.46E-08
9706059,0
9706060,1.16E-06
9706061,2.33E-08
9706062,6.59E-08
9706064,0
9706065,0
9706066,6.56E-05
9706067,0
9706068,8.75E-09
9706069,8.65E-08
9706070,1.46E-09
9706071,7.94E-05
9706072,0
9706073,3.13E-06
9510165,0
9706075,4.96E-09
9706076,8.40E-06
9510167,6.84E-07
9706078,0
9706079,0
9706080,5.83E-09
9510168,6.34E-08
9706082,0
9706083,3.42E-07
9706084,0
9706077,0
9706086,2.92E-09
9706087,4.25E-05
9706088,2.92E-09
9706089,0
9706090,0
9706091,0
9706092,0
9706093,4.45E-06
9706094,1.50E-05
9706095,9.53E-07
9706096,0.000196584
9706097,0
9706098,1.17E-08
9706099,0
9706100,1.25E-05
9706101,1.88E-05
9706102,1.68E-06
9706103,5.10E-08
9510172,2.92E-09
9706105,3.84E-07
9510173,0
9706107,1.18E-06
9706108,0
9706109,0
9706110,0
9706111,0
9510174,1.46E-09
9706106,0
9706114,0
9706115,7.11E-05
9510175,7.29E-06
9706116,0
9706117,0
9706119,6.56E-06
9706120,6.41E-08
9706121,6.04E-10
9706122,0
9706123,6.12E-08
9706124,0
9706125,2.97E-06
9706118,0
9706127,3.33E-05
9706128,1.46E-09
9706129,0
9510176,1.36E-05
9706131,5.92E-06
9706132,1.74E-05
9706133,1.43E-05
9706130,0
9706135,0
9706136,0
9510179,7.29E-10
9706138,0
9706139,0
9706140,0
9706141,0
9706142,1.72E-06
9706143,0.000216444
9706144,1.57E-05
9706145,6.87E-05
9706146,2.92E-09
9706147,0
9706148,0
9706149,0
9706150,1.60E-08
9706151,3.29E-05
9706152,2.48E-08
9706153,6.54E-05
9706154,6.35E-06
9706155,5.24E-07
9706156,2.12E-06
9706157,2.19E-09
9706158,0
9510182,0
9706159,1.17E-08
9706161,0
9706162,1.02E-08
9706163,0
9510184,8.30E-08
9706165,4.64E-06
9706166,8.75E-09
9706160,0
9706168,8.48E-05
9706169,9.52E-09
9706164,0
9706171,0.000129838
9706167,7.83E-07
9706173,0
9706170,6.95E-07
9706175,0
9706176,3.35E-08
9706174,0
9706178,5.83E-09
9706179,1.32E-05
9706180,2.19E-08
9706177,0
9510188,2.40E-08
9706183,0
9706184,3.16E-09
9706182,4.37E-09
9706186,2.22E-06
9706187,1.37E-06
9706188,7.63E-08
9706189,7.43E-08
9706190,1.68E-07
9706191,0
9706192,6.12E-05
9706193,1.02E-08
9706194,0.000317076
9706195,0
9706196,2.70E-05
9706197,0
9706198,2.41E-07
9706199,1.03E-08
9706200,5.26E-10
9706201,7.29E-10
9706202,0
9706203,2.21E-06
9706204,2.31E-05
9706206,7.29E-09
9706207,0
9706208,2.32E-05
9510193,0
9706210,1.54E-05
9706211,2.28E-06
9706212,0
9706213,3.57E-06
9706209,0
9706214,0
9706216,4.96E-07
9706217,6.16E-08
9706218,9.11E-08
9706219,0
9706220,0
9706221,0
9706222,4.37E-09
9706223,0
9706224,0
9706225,0
9706226,0
9510196,0
9510197,0
9510201,0
9510205,1.42E-06
9510206,0
9510207,0
9510213,0
9510215,0
7001,2.84E-08
7002,8.05E-09
7003,0
7004,0
7005,0
7006,0
7007,1.50E-05
7008,5.83E-09
7009,2.19E-08
9510219,1.46E-09
7011,2.15E-05
7012,9.16E-06
7013,2.58E-08
7014,1.39E-06
7015,8.41E-06
7016,1.35E-07
7017,1.97E-06
7018,0.00100694
7019,5.74E-05
7020,1.79E-05
7021,1.82E-05
7022,2.78E-07
7023,5.27E-05
7024,8.97E-05
9510221,0
7026,2.84E-07
7027,0
7028,1.46E-08
7029,8.09E-05
7030,9.92E-07
7031,1.97E-06
7032,3.79E-08
7033,2.92E-09
7034,0
7035,2.50E-06
7036,5.54E-05
7037,1.18E-07
7038,2.05E-05
7039,0
7040,4.31E-06
7041,4.43E-07
7042,4.37E-09
7043,4.23E-05
7044,0.000382305
7045,2.92E-10
7046,2.10E-08
7047,2.53E-06
7048,1.72E-06
7049,9.44E-06
7050,6.43E-06
7051,3.26E-07
7052,7.91E-06
7053,8.43E-07
7054,8.75E-09
7055,1.23E-06
7056,1.09E-05
7058,1.24E-06
7060,2.44E-07
7061,7.00E-05
7062,1.86E-07
7063,9.39E-07
7064,2.31E-05
7065,1.99E-05
7066,0
7067,0.000133037
9510230,0
7069,1.40E-06
7070,0
7071,2.91E-06
9510231,8.52E-07
7073,2.90E-06
7074,1.53E-06
7075,5.26E-05
7076,1.81E-05
7077,9.49E-08
7078,0.000176948
7079,1.35E-05
7080,0
7081,8.75E-09
7082,0.000130664
7083,0
7084,0
7086,2.82E-06
7087,2.24E-06
7088,8.16E-08
7089,0.000102919
7090,5.10E-05
7091,0
7092,7.29E-09
7093,0
7094,5.25E-08
7095,4.05E-08
7096,3.03E-05
7097,0.000169062
7098,0
7099,1.13E-06
7100,1.95E-05
7101,2.98E-08
7102,6.41E-08
7104,3.37E-06
7105,2.53E-08
7106,1.33E-06
7107,1.02E-05
7108,0
7109,8.25E-05
7110,6.51E-07
9510238,0
7111,0
7113,0
7114,0
7115,2.92E-09
7116,3.64E-09
9510240,0
7119,5.50E-07
7120,9.41E-05
7121,0
7122,6.56E-08
7123,0
7124,3.08E-07
7125,4.61E-05
7126,8.65E-05
7127,8.74E-06
7128,6.56E-09
7129,1.31E-08
7130,2.91E-06
7131,1.99E-05
7132,0
7133,8.78E-07
7134,3.19E-08
7135,4.06E-08
7136,4.37E-09
7137,3.98E-05
7138,6.54E-06
7139,1.46E-09
7140,9.64E-05
7141,2.32E-06
7142,4.35E-05
7143,1.28E-08
7144,9.72E-10
7145,1.01E-06
7146,4.36E-05
7147,1.89E-05
7148,2.86E-06
7149,0
7150,8.75E-09
7151,0
7152,4.90E-07
7153,2.18E-06
7154,3.39E-05
7155,0
7156,1.77E-06
7157,3.95E-05
7158,0.000147409
7159,5.94E-08
7160,4.92E-07
7161,4.70E-08
7162,0
7164,2.44E-07
7165,4.37E-09
7166,5.00E-06
7167,0
7168,1.63E-06
7169,3.23E-07
7170,0.001392192
7171,1.24E-06
7172,9.30E-08
7173,0.000210333
7174,4.66E-06
7175,1.51E-05
7176,7.29E-08
7177,4.82E-05
7178,2.22E-05
7179,2.25E-06
7181,3.83E-06
7182,1.46E-09
7183,2.92E-07
7184,5.83E-07
7185,0
7186,3.98E-06
7187,7.97E-08
7188,0
7189,9.48E-09
7191,0.00024387
7192,2.22E-06
7194,0
7195,4.64E-05
7197,2.79E-05
7198,2.80E-06
7199,0
7200,0
7202,6.95E-06
7203,1.45E-07
7204,6.12E-06
7205,2.15E-05
7206,4.54E-06
7207,3.02E-07
7208,3.17E-08
7209,0.00010003
7210,0
7211,6.83E-05
7212,0
7213,1.72E-05
7214,5.52E-07
7215,1.81E-05
7216,1.17E-08
7217,4.30E-05
7219,0
7220,2.92E-05
7221,2.00E-07
7222,2.54E-07
7223,9.29E-07
7224,0
7225,8.75E-09
7226,1.26E-05
7227,5.83E-09
7228,1.17E-08
7229,0
7230,1.11E-07
7231,2.78E-05
7232,0
7233,0
7234,9.60E-06
7235,7.86E-06
7236,3.36E-05
7237,2.10E-06
7238,0
7239,1.09E-06
7240,6.98E-07
7241,1.31E-08
7242,6.54E-09
7243,3.65E-05
7245,1.46E-09
7246,5.79E-06
7247,4.69E-05
7248,2.33E-08
7249,7.29E-09
7250,0.00018959
7252,1.06E-06
7253,4.73E-07
7254,8.64E-06
7255,5.10E-05
9901100,2.19E-08
9707001,4.44E-06
9707002,1.51E-05
9707003,1.36E-07
9707004,2.92E-09
9707005,0
9707006,0
9707007,4.37E-09
9707008,3.26E-08
9707009,2.20E-06
9707010,0
9707011,4.77E-05
9707012,0
9707013,1.89E-05
9707014,0
9707016,0
9707017,4.59E-05
9707018,0
9707019,0
9707020,1.46E-09
9707021,1.96E-05
9707022,8.87E-08
9707023,6.32E-09
9707024,2.92E-09
9707025,0.000178366
9707027,2.26E-06
9707028,0
9707029,1.46E-09
9707030,0
9707031,6.24E-05
9707032,0
9707033,8.07E-09
9707034,2.04E-08
9707035,7.29E-10
9707036,0
9707037,0
9707038,0
9707040,0
9707041,1.89E-06
9707042,0
9707043,9.23E-06
9707044,0
9707045,0
9707046,1.49E-07
9707047,1.50E-06
9707048,2.15E-07
9707049,0
9707050,0
9707051,0
9707052,2.02E-06
9707053,6.97E-07
9707054,0
9707055,0
9707056,3.33E-08
9707057,0
9707058,0
9707059,1.67E-06
9707060,9.13E-06
9707061,0
9707062,1.69E-06
9707063,0
9707064,3.07E-06
9707065,0
9707066,0
9707068,0
9707069,4.37E-09
9707070,1.18E-07
9707071,9.60E-09
9707072,8.02E-09
9707073,0
9707074,9.23E-09
9707075,0
9707076,6.81E-08
9707077,0
9707078,0
9707079,7.73E-05
9707080,1.99E-06
9707081,1.44E-05
9707082,0
9707083,1.05E-06
9707084,0
9707085,2.23E-08
9707086,0
9707087,0
9707088,0
9707089,0
9707090,0
9707091,5.73E-07
9707092,4.75E-08
9707093,0
9707094,0
9707095,1.10E-05
9707097,1.68E-07
9707098,1.60E-08
9707099,8.72E-06
9707100,5.73E-07
9707101,0
9707102,9.02E-06
9707103,0
9707104,0
9707105,4.64E-08
9707107,0
9707108,5.54E-06
9707109,5.83E-09
9707110,1.80E-06
9707111,0
9707112,0
9707113,4.14E-07
9707115,8.44E-06
9707116,0
9707117,0
9707118,0
9707119,2.56E-05
9707120,0.000235657
9707122,8.00E-06
9707123,0
9707124,1.74E-06
9707125,0
9707126,0
9707127,0
9707128,0
9707129,2.21E-05
9707130,4.11E-05
9707131,1.66E-07
9707132,8.42E-07
9707133,5.21E-07
9707134,0
9707135,2.89E-08
9707136,5.81E-08
9707137,0
9707139,5.70E-05
9707140,1.18E-06
9707141,0
9707142,0
9707143,4.89E-05
9707146,5.91E-05
9707147,4.37E-09
9707148,0
9707149,4.47E-06
9707150,1.74E-06
9707151,0
9707152,0
9707153,1.28E-07
9707154,0
9707155,1.09E-08
9707156,2.56E-05
9707157,2.00E-07
9707158,0
9707159,5.27E-07
9707160,0
9707161,7.29E-09
9707162,2.29E-05
9707163,0
9707164,1.24E-05
9707165,7.29E-10
9707167,6.51E-07
9707168,2.77E-08
9707169,0
9707170,0
9707171,1.90E-08
9707172,0
9707173,2.92E-09
9707174,7.00E-05
9707175,5.20E-08
9707176,0
9707177,2.92E-09
9707178,0
9707179,0
9707181,7.29E-10
9707182,6.08E-05
9707183,1.07E-08
9707184,7.01E-07
9707185,0
9707186,3.32E-06
9707187,0
9707188,0.00011965
9707189,1.31E-05
9707190,0
9707191,0
9707192,0.000198063
9707193,0
9707194,1.75E-07
9707195,2.68E-07
9707196,0
9707197,7.52E-06
9707198,1.47E-07
9707199,1.25E-07
9707200,2.51E-05
9707201,2.45E-07
9707202,2.94E-05
9707203,4.17E-06
9707204,2.85E-06
9707205,3.67E-06
9707207,0
9707208,4.09E-06
9707209,4.37E-06
9707210,2.92E-08
9707211,0
9707212,1.30E-06
9707213,0
9707214,1.75E-06
9707215,0
9707217,0.000279071
9707218,5.83E-09
9707221,0
9707222,0
9707223,6.56E-09
9707224,0.000198599
9707225,0
9707226,3.10E-07
9707227,2.48E-08
9707228,0
9707229,1.46E-09
9707231,0
9707232,0
9707233,0
9707234,8.01E-06
9707235,0
9707236,2.61E-05
9707237,7.29E-10
9707239,4.57E-08
9707240,0
9707241,0
9707243,0
9707244,0
9707245,4.48E-07
9707246,0
9707247,0.000119716
9707248,0
9707249,3.44E-09
9707250,0
9707251,1.64E-05
9707252,0
9707253,0
9707254,0
9707255,0
9707256,1.57E-07
9707257,1.10E-07
9707258,3.63E-07
9707259,0.000130828
9707260,3.74E-05
9707261,1.98E-06
9707262,7.95E-06
8001,8.94E-05
8002,4.62E-06
8003,1.02E-08
8004,0
8005,2.92E-09
8006,0
8007,0
8008,2.65E-05
8009,1.75E-06
8010,7.60E-06
8011,0
8012,3.73E-05
8013,3.27E-05
8014,0
8015,0.000458837
8016,1.31E-05
8017,0
8018,0
8019,0
8020,1.86E-08
8021,0
8022,1.62E-08
8023,0.000307794
8024,0
8025,1.12E-06
8026,0
8027,9.27E-07
8028,7.37E-06
8029,4.76E-07
8030,4.90E-06
8031,9.08E-06
8032,0
8033,1.36E-05
8034,9.57E-06
8035,6.56E-08
8036,1.77E-07
8037,0
8038,1.21E-06
8039,2.56E-07
8040,1.31E-08
8041,1.39E-06
8042,0.000125035
8043,0
8044,2.87E-07
8045,9.72E-10
8046,6.89E-06
8047,2.43E-07
8048,1.26E-06
8049,2.19E-09
8050,8.51E-05
8051,5.56E-06
8052,5.54E-05
8053,1.37E-06
8054,1.15E-05
8055,2.87E-05
8057,2.78E-05
8058,7.01E-06
8059,0
8060,9.33E-08
8061,0
8062,4.60E-06
8063,1.46E-08
8064,6.15E-08
8065,1.91E-07
8066,6.56E-07
8067,4.78E-08
8068,0
8069,0
8070,6.78E-08
8071,3.99E-08
8072,1.48E-08
8073,1.40E-06
8074,0.000122592
8075,0.000345441
8076,0.000469547
8077,8.75E-09
8078,0
8079,3.21E-05
8080,4.55E-08
8081,0.000151346
8082,3.11E-07
8083,1.17E-05
8084,1.54E-05
8086,0
8087,2.45E-05
8088,3.05E-05
8089,1.03E-05
8090,3.73E-08
8091,0.000324113
8092,0.000100315
8093,4.67E-09
8094,2.06E-05
8095,2.21E-07
8096,1.34E-06
8097,5.83E-09
8098,0
8099,1.46E-09
8100,0
8101,8.45E-07
8102,1.18E-06
8103,1.95E-07
8104,0
8105,3.85E-06
8106,6.16E-06
8107,4.12E-06
8108,1.74E-09
8109,6.75E-07
8110,0
8111,3.35E-06
8112,8.65E-05
8114,2.19E-08
8118,1.55E-06
8119,2.89E-05
8120,0
8121,0
8122,0
8123,0
8124,0
8125,0.000250049
8126,5.83E-06
8127,1.88E-06
8128,3.45E-06
8129,6.32E-09
8130,6.92E-07
8131,2.60E-06
8132,1.37E-05
8133,3.97E-05
8134,3.06E-06
8135,0
8136,1.38E-06
8137,0
8138,3.64E-09
8139,1.46E-08
8140,1.43E-06
8141,6.62E-05
8142,6.86E-05
8143,9.62E-09
8144,2.03E-05
8145,6.37E-06
8146,2.43E-06
8147,4.42E-06
8148,0
8149,4.58E-05
8150,0
8151,7.81E-05
8152,0
8154,1.04E-07
8155,0
8156,4.15E-08
8157,0
8158,0
8159,0
8160,9.74E-06
8161,1.02E-08
8162,4.96E-08
8164,7.08E-06
8165,1.82E-06
8166,2.33E-08
8167,4.07E-06
8168,6.20E-09
8169,0
8170,1.02E-09
8171,1.31E-08
8172,2.54E-06
8173,4.84E-06
8175,2.14E-07
8176,8.75E-09
8177,0.000105187
8179,0
8180,1.90E-08
8181,1.99E-09
8182,0
8184,1.02E-09
8185,1.75E-05
8186,5.92E-05
8188,9.96E-05
8189,0
8190,0.000135025
8191,9.74E-06
8192,6.23E-05
8193,6.43E-08
8194,7.81E-05
8195,0
8196,1.03E-06
8197,1.65E-07
8198,0
8199,2.63E-06
8200,5.65E-07
8201,9.30E-06
8202,0
8203,1.34E-05
8204,9.58E-05
8205,0.000199839
8206,0
8207,0
8208,2.89E-07
8209,3.26E-06
8210,2.04E-08
8211,3.25E-06
8212,0
8213,3.28E-06
8214,4.43E-06
8215,0
8216,0
8217,0
8218,0
8219,0
8220,0
8221,1.92E-05
8222,0
8224,0
8225,5.20E-07
8226,1.32E-06
8227,6.45E-06
8228,1.17E-08
8230,1.20E-05
8231,2.39E-05
8232,2.88E-06
8233,0
8234,1.90E-08
8235,1.95E-05
8237,1.87E-07
8239,2.02E-08
8240,6.62E-08
8241,0.000395321
8242,7.23E-08
8245,4.43E-06
8247,0
8248,0
8249,1.20E-05
8250,3.05E-05
8251,1.58E-08
8252,1.27E-07
8253,2.60E-06
9708001,0
9708002,3.17E-05
9708003,0
9708004,1.69E-07
9708005,0
9708006,2.54E-07
9708007,0
9708008,8.86E-06
9708009,0
9708010,0
9708011,3.17E-05
9708012,1.28E-05
9708013,2.92E-09
9708014,4.45E-08
9708015,4.08E-06
9708016,4.11E-07
9708017,1.63E-06
9708018,0
9708019,2.48E-08
9708021,7.38E-05
9708022,1.15E-05
9708023,6.10E-07
9708024,0
9708025,1.53E-07
9708026,0
9708027,0
9708028,0
9708029,0
9708030,1.41E-08
9708031,1.82E-08
9708032,0
9708033,2.19E-09
9708034,0
9708035,0
9708036,8.74E-06
9708037,0.000144694
9708038,0
9708039,0
9708040,0
9708041,2.09E-05
9708042,0
9708043,0
9708044,0.000204871
9708045,0
9708046,0
9708047,1.43E-08
9708048,3.16E-07
9708049,0
9708050,0
9708051,0
9708052,0
9708053,4.50E-05
9708054,2.19E-09
9708055,0.000253049
9708056,0
9708058,0
9708059,0
9708060,1.19E-07
9708061,3.64E-09
9708062,0
9708063,0
9708064,0
9708065,0
9708066,2.92E-09
9708067,2.62E-08
9708068,5.94E-05
9708070,0
9708071,0
9708072,1.11E-06
9708073,5.03E-08
9708074,0
9708075,8.68E-07
9708076,0
9708077,0
9708078,1.54E-06
9708079,0
9708080,7.09E-05
9708081,6.53E-07
9708082,1.74E-06
9708083,2.65E-07
9708084,0
9708085,0.000132935
9708086,0
9708087,0
9708088,0
9708089,0
9708090,2.66E-06
9708091,1.44E-06
9708092,4.37E-09
9708093,0
9708094,7.38E-07
9708095,0
9708096,0
9708097,0
9708098,0
9708099,0
9708100,5.10E-09
9708102,1.20E-07
9708103,8.43E-05
9708104,0
9708105,0
9708107,0
9708109,8.56E-06
9708110,3.55E-08
9708111,0
9708112,4.35E-07
9708113,6.13E-07
9708114,6.63E-08
9708115,0
9708116,3.64E-06
9708117,0
9708118,0.000128165
9708119,0
9708120,0
9708121,0
9708122,5.32E-06
9708123,8.38E-07
9708124,0
9708125,2.92E-09
9708126,4.52E-08
9708127,2.34E-05
9708128,0
9708129,9.27E-09
9708130,0
9708131,2.29E-07
9708132,0
9708133,0
9708134,0
9708135,1.18E-05
9708136,9.59E-07
9708137,6.55E-06
9708138,2.47E-06
9708139,1.65E-08
9708140,3.61E-07
9708141,0
9708142,0
9708143,0
9708144,0
9708145,2.92E-09
9708146,0
9708147,0
9708148,4.37E-09
9708149,1.39E-05
9708150,9.82E-08
9708151,0
9708152,1.09E-07
9708153,1.02E-06
9708154,2.81E-06
9708155,0
9708156,0
9708157,1.62E-06
9708158,0
9708159,3.59E-06
9708160,8.17E-06
9708161,0
9708162,0
9708163,0
9708164,3.71E-05
9708165,4.37E-08
9708166,0
9708167,0
9708168,1.95E-05
9708169,3.08E-07
9708170,2.26E-05
9002,7.17E-07
9004,0
9005,0
9006,3.75E-07
9007,5.39E-08
9008,2.61E-06
9009,9.95E-06
9010,8.73E-06
9011,3.67E-07
9013,1.17E-08
9014,4.67E-08
9015,2.53E-06
9016,0
9017,1.83E-05
9018,3.73E-08
9019,3.90E-05
9020,2.37E-07
9021,9.12E-05
9022,3.27E-05
9023,2.51E-06
9025,9.27E-07
9026,2.29E-07
9027,2.92E-09
9028,1.09E-07
9029,0
9030,0.000251079
9031,3.94E-08
9032,5.02E-06
9033,0
9034,1.12E-07
9035,1.46E-09
9036,1.46E-09
9037,2.24E-05
9038,0.000341078
9039,1.29E-08
9040,0
9041,5.59E-09
9042,8.31E-07
9043,2.71E-08
9044,1.90E-08
9045,1.24E-08
9046,2.92E-09
9047,3.70E-06
9048,7.34E-06
9049,0
9050,1.06E-06
9051,0
9052,1.56E-07
9053,1.46E-09
9054,6.72E-06
9055,4.37E-09
9056,1.49E-05
9057,1.46E-06
9058,0
9059,0.000256472
9060,6.18E-05
9061,1.57E-05
9062,1.53E-05
9063,4.37E-09
9064,2.71E-06
9065,1.46E-09
9066,1.09E-08
9067,8.44E-08
9068,4.71E-06
106007,0
9070,4.36E-09
9071,2.92E-09
9072,3.66E-06
9073,4.52E-08
9074,2.79E-06
9075,5.73E-09
9069,0
9077,0
9078,0
9079,0
9080,0
9081,0
9082,5.37E-05
9083,1.77E-05
9084,4.71E-06
106012,5.35E-05
9086,7.14E-08
9087,1.96E-06
9088,0
9089,1.11E-05
9090,7.62E-07
9091,3.66E-06
9092,4.37E-09
9093,0
9094,0
106014,0.000289072
9095,5.89E-05
9096,0.000113598
9098,3.50E-06
9099,0
9100,2.02E-07
9101,5.85E-05
9102,1.82E-08
9103,0.000177057
9104,0
9105,4.84E-06
106016,2.87E-07
9107,0.000152137
9106,2.41E-05
9108,0
9109,3.19E-08
9110,0
9112,2.61E-05
9111,4.41E-07
9113,7.63E-07
9115,1.02E-08
9116,1.64E-06
9117,2.34E-05
9118,1.12E-06
9119,5.78E-08
9120,2.09E-05
106018,4.67E-07
9122,6.53E-08
9123,0
9124,5.83E-09
9125,2.75E-08
9126,2.92E-05
9127,2.06E-05
9128,5.83E-09
9129,0
9130,8.75E-09
9131,1.77E-06
9132,1.81E-05
9133,2.94E-08
9134,0
9135,1.81E-05
106022,1.45E-05
9137,2.71E-07
9138,1.78E-05
9139,8.16E-05
9140,5.45E-05
9141,2.96E-05
9142,0.000196761
106023,1.12E-07
9144,1.04E-06
9143,1.05E-07
9146,2.56E-06
9147,9.39E-07
9148,0.000136685
9149,2.19E-09
9150,6.11E-07
106025,0
9152,1.23E-06
9153,5.51E-06
9154,7.14E-08
9155,2.26E-06
106026,6.74E-06
9157,5.00E-08
9156,0.000112038
9158,1.68E-05
9160,2.68E-07
9159,9.04E-07
9161,1.46E-08
9163,1.38E-07
9164,0
9162,1.05E-07
106028,1.52E-06
9167,3.38E-05
9165,1.07E-06
9166,2.91E-06
9168,1.60E-08
9171,2.48E-05
9172,1.61E-05
106029,1.37E-07
9174,1.10E-05
9175,3.57E-05
9176,0.000115429
106030,4.23E-09
9178,1.40E-07
9170,0
9173,3.09E-07
9181,2.08E-05
9182,0.000106182
9183,2.60E-05
9184,1.07E-05
9185,7.13E-06
9186,4.67E-07
9187,7.73E-06
9188,1.99E-06
9189,1.43E-06
9190,2.92E-09
9191,5.98E-06
106033,1.34E-05
9193,1.56E-05
9194,0
9195,8.05E-07
9196,2.06E-05
9197,4.22E-05
9198,6.05E-07
9199,5.02E-06
9192,0
9201,0
9202,0.000500247
106035,7.79E-09
9203,1.46E-08
9205,1.82E-07
9206,0
9207,3.88E-08
9204,0
9209,5.98E-06
9210,7.26E-07
9211,2.76E-05
9212,3.10E-05
9213,0.000343346
9214,4.07E-06
9215,4.53E-07
9216,0
9217,1.51E-09
9218,4.37E-09
9219,2.07E-06
9220,6.56E-08
9221,0
9222,0
9223,4.52E-08
9224,1.91E-06
9225,0
9226,8.14E-07
9227,1.27E-08
9228,4.67E-08
9229,1.34E-07
9230,0
9231,1.97E-06
9232,1.31E-08
9233,5.00E-05
9234,6.10E-05
9235,9.91E-08
106042,0
9237,9.39E-07
9238,0
9239,8.75E-09
9240,1.91E-07
9241,1.46E-09
9242,9.40E-05
9243,1.52E-07
9244,1.92E-06
9245,5.07E-08
9246,6.24E-06
9247,2.32E-05
9248,1.47E-07
9249,0
9250,4.69E-07
9251,0
9252,1.17E-06
106046,8.24E-07
106047,1.06E-06
106049,0
106052,5.83E-09
106053,4.58E-07
106056,0
106057,5.83E-09
106060,0
106065,9.80E-08
106066,4.42E-09
106069,8.02E-09
106070,7.29E-10
106071,0
106074,2.62E-05
106075,0
106076,2.21E-05
106077,0
106083,7.10E-07
106085,0
106086,1.16E-05
106087,1.83E-07
106088,2.25E-06
106090,0
106094,0
106095,0
106098,0
106099,1.13E-07
106101,2.59E-08
106106,0
106107,3.92E-06
106111,0
106118,0
106119,0
106122,8.16E-08
106123,5.74E-07
9709001,7.30E-06
9709002,0
9709003,0
9709004,3.75E-06
9709005,2.46E-07
9709006,5.44E-06
9709007,0
9709008,0
9709009,2.92E-09
9709010,2.52E-05
9709011,0
9709012,4.12E-07
9709013,0
9709014,8.64E-05
9709015,6.07E-05
9709016,0
9709017,8.76E-07
9709018,0
9709019,2.46E-06
9709020,1.17E-08
9709021,0
9709022,0
9709023,4.04E-06
9709024,0
9709025,2.32E-06
9709026,0
9709027,0
9709028,9.57E-07
9709029,1.46E-07
9709030,0
9709031,3.64E-09
106135,9.72E-10
9709033,0.000125006
9709032,7.66E-07
9709034,0
9709035,0
9709037,4.71E-07
9709038,9.17E-07
9709039,4.01E-08
9709040,1.31E-08
9709041,0
106137,2.92E-09
9709043,5.27E-06
9709042,7.65E-06
9709044,0
9709045,0
9709047,2.33E-08
9709048,7.82E-08
9709049,3.73E-05
9709050,0
9709051,0
9709052,0
9709053,1.24E-05
9709054,0
9709055,6.82E-06
9709057,0
9709058,0
9709059,0
9709060,0
9709061,7.45E-07
9709062,0
9709063,0
9709064,3.30E-06
9709065,5.42E-06
9709066,0
9709067,1.78E-07
9709068,1.46E-08
9709069,3.92E-05
9709070,0
9709071,0
9709072,5.73E-06
9709073,0
9709074,7.46E-07
9709075,2.65E-07
9709076,0
9709077,2.35E-06
9709078,1.33E-08
9709079,2.71E-08
9709080,1.80E-05
9709081,7.51E-08
9709082,0
9709083,0
9709084,0
9709085,0
9709086,0
9709087,0
9709088,4.58E-07
9709089,0.000137799
9709091,0
9709092,0
9709093,2.92E-09
9709095,0
9709096,4.72E-05
9709097,3.40E-09
9709098,1.69E-05
9709099,4.42E-05
9709100,2.55E-05
9709101,0
9709102,2.33E-08
9709103,0
9709104,0
9709105,1.31E-08
9709106,8.60E-08
9709107,9.20E-05
9709108,4.70E-08
9709109,1.10E-06
9709111,0
9709112,1.46E-09
9709113,6.41E-08
9709114,2.14E-05
9709115,0
9709116,1.06E-05
9709117,0
9709118,5.73E-05
9709119,4.23E-08
9709120,0
9709121,0
9709122,0
9709123,5.71E-05
9709124,0
9709125,4.37E-09
9709126,2.92E-09
9709129,1.34E-05
9709132,1.49E-08
9709133,0
9709134,0
9709135,7.53E-09
9709136,0
9709137,5.93E-06
9709138,0.000133095
9709139,1.17E-05
9709140,5.83E-09
9709141,7.00E-08
9709142,0
9709143,0
9709144,2.19E-09
9709145,3.83E-08
9709146,3.73E-05
9709147,2.11E-08
9709148,0
9709149,2.92E-09
9709150,0
9709151,0
9709152,5.59E-09
9709153,0
9709154,1.53E-08
9709155,0
9709159,3.20E-06
9709160,9.05E-05
9709161,3.78E-06
9709162,0
9709163,0
9709164,0
9709165,0
9709166,0
9709168,0
9709169,0
9709170,0
9709171,9.22E-06
9709172,0
9709173,1.09E-08
9709174,2.49E-08
9709175,0
9709176,0
9709177,3.33E-08
9709178,1.44E-05
9709179,0
9709180,0
9709182,1.65E-07
9709183,0
9709184,0
9709185,0
9709186,9.40E-08
9709187,5.83E-09
9709188,8.47E-08
9709189,1.02E-08
9709190,0
9709191,0
9709192,1.12E-05
9709193,0
9709194,1.46E-09
9709196,1.46E-09
9709197,0
9709198,7.16E-06
9709199,0
9709200,0
9709201,5.54E-08
9709202,5.98E-05
9709203,2.01E-07
9709204,0
9709205,0
9709206,0
9709207,1.15E-05
9709209,2.17E-06
9709210,4.18E-08
9709211,5.38E-05
9709212,0
9709213,4.24E-06
9709214,1.15E-07
9709215,0
9709216,8.75E-09
9709217,8.75E-09
9709218,0
9709219,1.48E-05
9709220,0
9709221,0
9709222,3.58E-06
9709224,2.61E-07
9709225,4.61E-05
9709227,4.63E-06
9709228,3.89E-05
9709229,4.01E-08
10001,0
10002,1.71E-06
10003,1.02E-06
10004,6.65E-06
10005,2.21E-08
10006,1.76E-05
10007,0
10008,3.64E-09
10009,0
10010,2.38E-05
10011,0
10012,4.55E-08
10013,0
10014,8.60E-05
10015,1.76E-06
10016,6.48E-05
10017,6.50E-05
10018,0
10019,0
10020,0
10021,1.53E-05
10022,3.27E-06
10023,2.21E-06
10025,1.64E-05
10026,9.72E-05
10027,0
10028,2.02E-05
10029,0
10030,0
10031,2.58E-08
10032,7.29E-09
10033,0
10034,1.20E-05
10035,1.75E-08
10036,0
10038,2.46E-07
10039,0
10040,9.15E-07
10041,8.02E-09
10042,2.73E-06
10043,1.46E-09
10044,7.25E-06
10045,9.43E-06
10046,2.43E-07
10048,6.05E-05
10049,1.25E-07
10050,2.22E-06
10051,5.94E-08
10052,0
10053,0
10054,5.77E-05
10055,0
10057,1.68E-08
10058,1.28E-05
10059,1.26E-06
10060,0.000714988
10061,2.13E-06
10063,1.40E-05
10064,0
10065,0
10066,9.68E-09
10068,4.86E-10
10069,7.29E-09
10071,1.89E-05
10072,5.58E-06
10073,0
10074,0
10075,5.10E-09
10076,1.32E-06
10077,0
10078,4.74E-06
10079,2.19E-08
10080,7.88E-08
10081,0
10082,2.56E-06
10083,7.29E-10
10084,0
10085,0
10086,1.28E-07
10087,9.49E-09
10088,8.80E-05
2004,0
10090,0.000230052
10091,1.55E-05
10092,0
10093,1.06E-05
10094,5.39E-08
10095,6.56E-08
10096,2.59E-07
10097,2.47E-07
10098,2.02E-05
10099,6.56E-09
10100,9.16E-08
10101,2.37E-05
10102,3.74E-06
10103,3.67E-08
10104,2.16E-06
10105,0.000151517
10106,1.62E-06
10107,2.41E-08
10108,0.000204201
10109,0
10110,1.17E-06
10112,2.04E-05
10113,1.65E-05
10114,0
10115,1.75E-08
10116,1.48E-07
10117,3.40E-07
10118,1.80E-08
10119,8.59E-05
10121,4.21E-07
10122,0.000221807
10123,0
10124,3.01E-07
10125,0
10127,1.51E-07
10128,1.09E-08
10129,5.47E-09
10130,4.90E-07
10131,0
10132,0
10133,1.66E-06
10134,0
10135,2.04E-08
10136,0
10137,1.78E-05
10138,1.58E-06
10139,8.75E-09
10140,0
10141,1.00E-05
10142,0
10143,0
10144,3.08E-05
10145,8.09E-07
10146,0
10147,0
10148,1.88E-06
10149,5.56E-06
10151,3.54E-07
10152,1.71E-08
10153,6.75E-06
10154,2.37E-05
10155,7.29E-10
10156,0
10158,7.13E-06
10159,4.37E-09
10160,1.39E-06
10161,0
10162,0
10163,7.43E-06
10164,0
10165,6.27E-05
10166,1.47E-06
10167,2.20E-05
10168,1.24E-08
10169,9.52E-06
10170,6.76E-06
10171,7.83E-06
10172,3.54E-05
10173,3.40E-09
2022,0
10175,4.49E-05
10176,1.70E-09
10177,2.48E-06
10178,0
10179,2.68E-05
10180,0
10181,2.14E-06
10182,7.17E-07
10183,2.63E-08
10184,7.25E-09
10185,5.25E-08
10186,1.67E-05
10187,7.81E-06
10188,0
10189,2.52E-06
10190,8.50E-06
10191,1.49E-05
10192,5.71E-05
10193,0
10194,2.58E-06
10195,5.69E-06
10196,3.24E-05
2026,0
10198,4.73E-05
10199,1.46E-08
10200,1.91E-05
10201,8.31E-07
10202,2.29E-05
10203,4.28E-06
10204,7.71E-06
10205,2.71E-05
10206,1.78E-06
10207,9.10E-06
10208,5.42E-07
10209,4.37E-09
10210,0
10211,2.92E-09
10212,0
10214,1.12E-07
10215,2.45E-05
10216,0
10217,2.72E-06
10218,7.17E-06
10219,0
10220,1.23E-06
10221,0.000173806
10222,7.45E-07
10223,1.98E-05
2031,0
10225,2.62E-08
10226,4.13E-09
10227,3.35E-08
10228,2.48E-07
10229,3.35E-08
2032,0
10224,0
10232,0.0001311
10233,0
10234,0
10235,2.24E-08
10236,2.92E-09
10237,7.12E-07
10238,3.53E-06
10239,6.24E-08
10240,0.000327075
10241,2.27E-07
10242,0
10243,1.60E-08
10244,0.000132854
10245,0
10246,6.51E-07
10247,2.58E-05
10248,6.96E-07
10251,4.66E-05
10252,4.55E-05
10253,3.18E-07
10254,0
10255,3.48E-07
10256,5.01E-05
10257,1.46E-08
10258,2.08E-09
10259,9.72E-10
10260,6.06E-07
10261,0
10262,5.35E-07
10263,2.07E-09
10264,7.41E-06
10265,4.01E-08
10266,1.31E-07
10267,0
10268,1.40E-07
10269,1.35E-05
10270,0
10271,6.01E-06
10272,1.42E-07
10273,0
10274,3.01E-06
10275,1.97E-05
10276,0
10277,1.13E-07
10278,1.05E-07
10279,4.71E-06
10280,5.13E-07
10281,1.81E-06
10282,1.09E-05
10283,1.12E-08
10285,1.06E-06
10286,1.14E-05
10287,1.46E-09
10288,0
2045,0
10290,1.50E-07
10291,1.45E-07
10292,1.65E-05
10293,1.60E-06
10289,0
9712069,0
9710001,1.57E-08
9710002,0
9710003,7.29E-09
9710004,2.59E-05
9710005,0.000272016
9710006,4.37E-09
9710007,0
9710009,0
9710010,5.38E-07
9710013,0
9710014,9.61E-06
9710015,4.32E-06
9710016,0
9710017,0
9710018,0
9710019,0
9710020,0
9710021,4.81E-07
9710022,0
9710023,2.39E-05
9710024,3.73E-06
9710025,0
9710026,7.52E-06
9710027,5.79E-06
9710028,0
9710029,1.15E-08
9710030,8.14E-05
9710031,6.68E-07
9710032,7.99E-06
9710033,4.00E-06
9710034,0
9710035,2.65E-08
9710036,0
9710037,1.90E-08
9710039,1.13E-07
9710040,0
9710041,0.000179945
9710042,0
9710043,0
9710044,0
9710045,0
9710046,0
9710047,2.92E-08
9710048,0
9710049,2.73E-07
9710050,1.46E-09
9710051,2.04E-08
9710052,0
9710053,5.58E-07
9710054,0
9710056,0
9710057,6.44E-06
9710058,0
9710059,0
9710060,8.75E-09
9710061,2.19E-09
9710062,5.83E-09
9710063,0
